Trade,Origin region,Destination region,Origin country,district,req ETD wk ,Cust. Code,Carrier (Std),Contract #,BR:1st Vessel,BR:1st Voyage #,Bkg Party # ,TMS #,Booking Status,Exception?,BR:PRE,BR:POL,BR:POD,BR:DEL,Move Type,BR:Req. ETD,BC:ETD POL,BR:Eqp.,BR:Eqp. Cnt,BC:Eqp.,BC:Eqp. Cnt,BC:Release Date,BC:Version,BR:Req. FEU,BC:Conf. FEU,BC: CY Cut-off Date,BC: CY Cut-off Time,BC: VGM Cut-off Date,BC: VGM Cut-off Time,BC: SI Cut-off Date,BC: SI Cut-off Time,BC:1st ETD POL,BC:1st ETA POD,BC:1st Release Date,BC:Released,BR:2nd Vessel,BR:2nd Voyage #,Consignee,Region,Bkg Type,Shipper Bkg Linked?,CRD,Date between BR creattion / ETD req,Check,x4,x5,x6,x7,x8,x9
AP > NA,AP,NA,VN,VN S.,1,TGT,OOLU,PE2506,COSCO NETHERLANDS,058E,2141300531,185390208,Canceled by requestor,N,VNTTH,VNTOT,USLGB,USWZC,CYP/D,,,40HCx1,1,,,,,1.125,,,,,,,,,,,No,,,Target,Vietnam,Direct,No,,,0,,,,,,
AP > EU,AP,EU,CN,CN E.,26,HMH,MAEU,90-0080,,,227992223,185208108,Confirmed,N,CNXMN,CNXMN,DEHAM,DEHAM,CYP/CYP,29-Jun,30-Jun,40HCx1,1,40HCx1,1,25-Jun,1,1.125,1.125,,,,,,,30-Jun,03-Aug,25-Jun,Yes,,,H&M Home,Xiamen,Bkg Agnt,Yes,,,0,,,,,,
AP > NA,AP,NA,CN,CN E.,26,TES,COSU,SSM25008,,,TBD,185229279,Canceled by requestor,N,CNXMN,CNXMN,USLAX,USLAX,CYP/CYP,29-Jun,,"40HCx2, 45HCx2",4,,,,,4.78,,,,,,,,,,,No,,,Tesla,Xiamen,Bkg Agnt,No,,,0,,,,,,
AP > NA,AP,NA,VN,VN S.,27,TGT,OOLU,PE2508,COSCO SPAIN,058E,2141471590,185157210,Confirmed,N,VNSGN,VNTOT,USLGB,USWZC,CYP/D,30-Jun,30-Jun,40HCx1,1,40HCx1,1,23-Jun,1,1.125,1.125,,,,,,,30-Jun,20-Jul,23-Jun,Yes,,,Target,Vietnam,Direct,Yes,,,0,,,,,,
AP > NA,AP,NA,VN,VN S.,27,TGT,OOLU,PE2506,COSCO SPAIN,058E,2141475110,185169739,Canceled by carrier,N,VNSGN,VNTOT,USLGB,USWZC,CYP/D,30-Jun,,40HCx4,4,,,,,4.5,,,,,,,,,,,Yes,,,Target,Vietnam,Direct,Yes,,,0,,,,,,
AP > EU,AP,EU,CN,CN E.,27,HMH,MAEU,90-0080,ELLY MAERSK,527W,229120444,185901640,Confirmed,N,CNSHA,CNSHA,NLRTM,NLRTM,CYP/CYP,01-Jul,01-Jul,40HCx2,2,40HCx2,2,20-Jun,1,2.25,2.25,28-Jun,21:00,28-Jun,14:30,27-Jun,16:30,01-Jul,15-Aug,20-Jun,No,,,H&M Home,Shanghai,Direct,No,24-Jun, 15.00 ,0,,,,,,
AP > EU,AP,EU,CN,CN E.,27,HMH,MAEU,90-0080,ELLY MAERSK,527W,229120447,185901641,Confirmed,N,CNSHA,CNSHA,NLRTM,NLRTM,CYP/CYP,01-Jul,01-Jul,40HCx1,1,40HCx1,1,20-Jun,1,1.125,1.125,28-Jun,21:00,28-Jun,14:30,27-Jun,16:30,01-Jul,15-Aug,20-Jun,No,,,H&M Home,Shanghai,Direct,No,21-Jun, 14.00 ,0,,,,,,
AP > EU,AP,EU,CN,CN E.,27,HMH,MAEU,90-0080,ELLY MAERSK,527W,229120413,185901642,Confirmed,N,CNSHA,CNSHA,NLRTM,NLRTM,CYP/CYP,01-Jul,01-Jul,40HCx1,1,40HCx1,1,20-Jun,1,1.125,1.125,28-Jun,21:00,28-Jun,14:30,27-Jun,16:30,01-Jul,15-Aug,20-Jun,No,,,H&M Home,Shanghai,Direct,No,25-Jun, 15.00 ,0,,,,,,
AP > EU,AP,EU,CN,CN E.,27,HMH,MAEU,90-0080,ELLY MAERSK,527W,229120450,185901646,Confirmed,N,CNSHA,CNSHA,NLRTM,NLRTM,CYP/CYP,01-Jul,01-Jul,40HCx1,1,40HCx1,1,20-Jun,1,1.125,1.125,28-Jun,21:00,28-Jun,14:30,27-Jun,16:30,01-Jul,15-Aug,20-Jun,No,,,H&M Home,Shanghai,Direct,No,23-Jun, 14.00 ,0,,,,,,
AP > EU,AP,EU,CN,CN E.,27,HMH,MAEU,90-0080,ELLY MAERSK,527W,229120426,185901647,Confirmed,N,CNSHA,CNSHA,NLRTM,NLRTM,CYP/CYP,01-Jul,01-Jul,40HCx1,1,40HCx1,1,20-Jun,1,1.125,1.125,28-Jun,21:00,28-Jun,14:30,27-Jun,16:30,01-Jul,15-Aug,20-Jun,No,,,H&M Home,Shanghai,Direct,No,24-Jun, 16.00 ,0,,,,,,
AP > EU,AP,EU,IN,IN W.,27,HMH,MAEU,90-0080,MAERSK PELEPAS,327S,228835193,185466007,Confirmed,Y,INMUN,INMUN,DEHAM,DEHAM,CYP/CYP,01-Jul,08-Jul,20GPx1,1,20GPx1,1,03-Jul,6,0.5,0.5,,,,,,,08-Jul,10-Aug,29-Jun,Yes,MARCHEN MAERSK,326W,H&M Home,India,Direct,Yes,23-Jun,,-4,,,,,,
AP > EU,AP,EU,IN,IN W.,27,HMH,MAEU,90-0080,MAERSK PELEPAS,327S,228849192,185494136,Confirmed,Y,INMUN,INMUN,DEHAM,DEHAM,CYP/CYP,01-Jul,08-Jul,40HCx1,1,40HCx1,1,07-Jul,6,1.125,1.125,,,,,,,08-Jul,10-Aug,30-Jun,Yes,MARCHEN MAERSK,326W,H&M Home,India,Direct,Yes,,,-7,,,,,,
AP > EU,AP,EU,CN,CN E.,27,HMH,MAEU,90-0080,,,228248880,185219048,Confirmed,N,CNFOC,CNFOC,DEHAM,DEHAM,CYP/CYP,03-Jul,03-Jul,40HCx1,1,40HCx1,1,25-Jun,1,1.125,1.125,,,,,,,03-Jul,10-Aug,25-Jun,Yes,,,H&M Home,Xiamen,Bkg Agnt,Yes,,,0,,,,,,
AP > NA,AP,NA,CN,CN E.,27,NEW,CMDU,89-0000,CSCL SUMMER,054E,NGP0361026,185220461,Canceled by carrier,N," - , ",CNNGB,USLGB," - , ",CYP/D,03-Jul,,"20GPx1, 40GPx1",2,,,,,1.5,,,,,,,,,,,Yes,,,Newell Brands Distribution,Ningbo,Bkg Agnt,No,,,0,,,,,,
AP > NA,AP,NA,CN,CN S.,27,TRI,EGLV,D900070,EVER FOREVER,1304-015E,149303599537,185307130,Canceled by carrier,N,CNYTN,CNYTN,USLAX,USLAX,CYP/CYP,03-Jul,,40HCx1,1,,,,,1.125,,,,,,,,,,,No,,,Triumph,S.China,Direct,No,,,0,,,,,,
AP > NA,AP,NA,CN,CN S.,27,TRI,EGLV,D900070,EVER FOREVER,1304-015E,149303599545,185307138,Canceled by carrier,N,CNYTN,CNYTN,USLAX,USLAX,CYP/CYP,03-Jul,,40HCx1,1,,,,,1.125,,,,,,,,,,,No,,,Triumph,S.China,Direct,No,,,0,,,,,,
AP > NA,AP,NA,CN,CN S.,27,TRI,EGLV,D900070,EVER FOREVER,1304-015E,149303599562,185307139,Canceled by carrier,N,CNYTN,CNYTN,USLAX,USLAX,CYP/CYP,03-Jul,,40HCx1,1,,,,,1.125,,,,,,,,,,,No,,,Triumph,S.China,Direct,No,,,0,,,,,,
AP > NA,AP,NA,CN,CN S.,27,TRI,EGLV,D900070,EVER FOREVER,1304-015E,149303599553,185307140,Canceled by carrier,N,CNYTN,CNYTN,USLAX,USLAX,CYP/CYP,03-Jul,,40HCx1,1,,,,,1.125,,,,,,,,,,,No,,,Triumph,S.China,Direct,No,,,0,,,,,,
AP > NA,AP,NA,CN,CN S.,27,TES,EGLV,D900070,EVER FOREVER,1304-015E,149303599693,185307159,Canceled by carrier,N,CNYTN,CNYTN,USLAX,USLAX,CYP/CYP,03-Jul,,40HCx1,1,,,,,1.125,,,,,,,,,,,No,,,Tesla,S.China,Direct,No,,,0,,,,,,
AP > NA,AP,NA,CN,CN S.,27,TES,EGLV,D900070,EVER FOREVER,1304-015E,149303599707,185307161,Canceled by carrier,N,CNYTN,CNYTN,USLAX,USLAX,CYP/CYP,03-Jul,,40HCx1,1,,,,,1.125,,,,,,,,,,,No,,,Tesla,S.China,Direct,No,,,0,,,,,,
AP > NA,AP,NA,CN,CN S.,27,STA,EGLV,D900070,EVER FOREVER,1304-015E,149303599715,185307162,Canceled by carrier,N,CNYTN,CNYTN,USLAX,USLAX,CYP/CYP,03-Jul,,40HCx1,1,,,,,1.125,,,,,,,,,,,No,,,Starbucks,S.China,Direct,No,,,0,,,,,,
AP > NA,AP,NA,CN,CN E.,27,DEC,COSU,SSM25008,,,6360342320,185570815,Confirmed,Y,CNXMN,CNXMN,USLGB,USLGB,CYP/CYP,03-Jul,12-Jul,45HCx2,2,45HCx2,2,04-Jul,1,2.53,2.53,,,,,,,12-Jul,30-Jul,04-Jul,Yes,,,Decathlon,Xiamen,Bkg Agnt,Yes,,,0,,,,,,
AP > NA,AP,NA,CN,CN E.,27,NIK,HDMU,CA235001,,,HDMUNKGZ57029800,185513740,Confirmed,N,CNNKG,CNNKG,CAVAN,CAVAN,CYP/CYP,04-Jul,04-Jul,40HCx1,1,40HCx1,1,03-Jul,1,1.125,1.125,,,,,,,04-Jul,,03-Jul,Yes,,,Nike,Shanghai,Bkg Agnt,Yes,,,0,,,,,,
AP > EU,AP,EU,CN,CN E.,27,K,MAEU,90-0080,ELLY MAERSK,527W,264318575,185231641,Confirmed,N,CNNGB,CNNGB,NLRTM,NLRTM,CYP/CYP,05-Jul,05-Jul,40HCx1,1,40HCx1,1,27-Jun,2,1.125,1.125,02-Jul,22:00,02-Jul,16:00,01-Jul,20:00,05-Jul,15-Aug,25-Jun,Yes,,,H&M Home,Ningbo,Direct,Yes,27-Jun, 18.00 ,-2,,,,,,
AP > EU,AP,EU,CN,CN E.,27,HMH,MAEU,90-0080,ELLY MAERSK,527W,264318665,185231643,Confirmed,Y,CNNGB,CNNGB,NLRTM,NLRTM,CYP/CYP,05-Jul,05-Jul,40GPx1,1,20GPx1,1,26-Jun,2,1,0.5,02-Jul,22:00,02-Jul,16:00,01-Jul,20:00,05-Jul,15-Aug,25-Jun,Yes,,,H&M Home,Ningbo,Direct,Yes,28-Jun, 18.00 ,-1,,,,,,
AP > NA,AP,NA,CN,CN E.,27,NEW,CMDU,89-0000,OOCL EGYPT,053E,CHN0387267,185209124,Confirmed,Y,CNSHA,CNSHA,USLGB,USLGB,CYP/CYP,05-Jul,25-Jul,40HCx2,2,40HCx2,2,10-Jul,3,2.25,2.25,,,,,,,05-Jul,,25-Jun,Yes,,,Newell Brands Distribution,Shanghai,Bkg Agnt,Yes,27-Jun,,-15,,,,,,
AP > NA,AP,NA,VN,VN S.,27,WAL,MAEU,90-0080,MAERSK CHARLESTON,327N,228694911,185241077,Confirmed,N,VNSGN,VNVUT,USTPA,USTPA,CYP/CYP,05-Jul,04-Jul,40HCx1,1,40HCx1,1,04-Jul,3,1.125,1.125,,,,,,,04-Jul,28-Aug,26-Jun,Yes,ZIM NINGBO,079E,Walmart,Vietnam,Direct,Yes,,,-8,,,,,,
AP > NA,AP,NA,VN,VN S.,27,WAL,MAEU,90-0080,MAERSK CHARLESTON,327N,228694913,185241078,Confirmed,N,VNSGN,VNVUT,USTPA,USTPA,CYP/CYP,05-Jul,04-Jul,40HCx1,1,40HCx1,1,04-Jul,3,1.125,1.125,,,,,,,04-Jul,28-Aug,26-Jun,Yes,ZIM NINGBO,079E,Walmart,Vietnam,Direct,Yes,,,-8,,,,,,
AP > NA,AP,NA,VN,VN S.,27,WAL,MAEU,90-0080,MAERSK CHARLESTON,327N,228694912,185241079,Confirmed,N,VNSGN,VNVUT,USTPA,USTPA,CYP/CYP,05-Jul,04-Jul,40HCx1,1,40HCx1,1,28-Jun,2,1.125,1.125,,,,,,,04-Jul,28-Aug,26-Jun,Yes,ZIM NINGBO,079E,Walmart,Vietnam,Direct,No,,,-2,,,,,,
AP > NA,AP,NA,VN,VN S.,27,WAL,MAEU,90-0080,MAERSK CHARLESTON,327N,228694914,185241080,Confirmed,N,VNSGN,VNVUT,USTPA,USTPA,CYP/CYP,05-Jul,04-Jul,40HCx1,1,40HCx1,1,04-Jul,3,1.125,1.125,,,,,,,04-Jul,28-Aug,26-Jun,Yes,ZIM NINGBO,079E,Walmart,Vietnam,Direct,Yes,,,-8,,,,,,
AP > NA,AP,NA,CN,CN E.,27,COS,MAEU,90-0090,,,228683003,185219276,Confirmed,Y,CNXMN,CNXMN,USLAX,USLAX,CYP/CYP,06-Jul,10-Jul,40GPx1,1,40GPx1,1,25-Jun,1,1,1,,,,,,,10-Jul,24-Jul,25-Jun,Yes,,,Costco,Xiamen,Bkg Agnt,Yes,,,0,,,,,,
AP > NA,AP,NA,CN,CN E.,27,LEN,MAEU,90-0090,,,228683144,185219424,Confirmed,Y,CNXMN,CNXMN,USLAX,USLAX,CYP/CYP,06-Jul,10-Jul,"40GPx1, 40HCx2",3,"40GPx1, 40HCx2",3,25-Jun,1,3.25,3.25,,,,,,,10-Jul,24-Jul,25-Jun,Yes,,,Lenovo,Xiamen,Bkg Agnt,Yes,,,0,,,,,,
AP > NA,AP,NA,CN,CN E.,27,HOD,MAEU,90-0090,,,229257687,185219503,Confirmed,Y,CNXMN,CNXMN,USLAX,USLAX,CYP/CYP,06-Jul,18-Jul,45HCx1,1,45HCx1,1,13-Jul,2,1.265,1.265,,,,,,,10-Jul,24-Jul,26-Jun,Yes,,,Home Depot,Xiamen,Bkg Agnt,Yes,,,-17,,,,,,
AP > NA,AP,NA,CN,CN E.,27,NEW,CMDU,89-0000,EVER FOCUS,1117015E,NGP0361534,185230268,Confirmed,Y," - , ",CNNGB,USSAV,USXFS,CYP/D,06-Jul,13-Jul,40HCx3,3,40HCx3,3,26-Jun,1,3.375,3.375,,,,,,,13-Jul,22-Aug,26-Jun,Yes,,,Newell Brands Distribution,Ningbo,Bkg Agnt,Yes,,,0,,,,,,
AP > NA,AP,NA,CN,CN E.,27,DEC,EGLV,SC50089,,,148300176696,185329512,Confirmed,Y,CNFOC,CNFOC,USLAX,USLAX,CYP/CYP,06-Jul,13-Jul,40HCx1,1,40HCx1,1,06-Jul,2,1.125,1.125,,,,,,,06-Jul,31-Jul,28-Jun,Yes,,,Decathlon,Xiamen,Bkg Agnt,Yes,,,-8,,,,,,
AP > NA,AP,NA,CN,CN S.,28,NIK,MSCU,25-970GA,MAERSK EDINBURGH,326N,181AY0232707763P1,185217017,Confirmed,N,CNYTN,CNYTN,USLAX,USLAX,CYP/CYP,07-Jul,07-Jul,40HCx1,1,40HCx1,1,26-Jun,1,1.125,1.125,,,,,,,07-Jul,,26-Jun,Yes,,,Nike,S.China,Direct,Yes,,,0,,,,,,
AP > NA,AP,NA,CN,CN S.,28,NIK,MSCU,25-970GA,MAERSK EDINBURGH,326N,181AY0232707765P1,185217128,Confirmed,N,CNYTN,CNYTN,USLAX,USLAX,CYP/CYP,07-Jul,07-Jul,40HCx1,1,40HCx1,1,26-Jun,1,1.125,1.125,,,,,,,07-Jul,,26-Jun,Yes,,,Nike,S.China,Direct,Yes,,,0,,,,,,
AP > NA,AP,NA,VN,VN S.,28,WAL,MSCU,25-970GA,MAERSK CHARLESTON,327N,339IN2322727,185241525,Confirmed,N,VNVUT,VNVUT,USTPA,USTPA,CYP/CYP,07-Jul,07-Jul,40HCx1,1,40HCx1,1,27-Jun,1,1.125,1.125,,,,,,,07-Jul,,27-Jun,Yes,,,Walmart,Vietnam,Direct,Yes,,,0,,,,,,
AP > NA,AP,NA,CN,CN E.,28,BBY,OOLU,PE2508,COSCO BELGIUM,064E,TBD,185328738,Canceled by requestor,N,CNNKG,CNNKG,USLGB,USLGB,CYP/CYP,07-Jul,,40HCx10,10,,,,,11.25,,,,,,,,,,,No,,,Best Buy,Shanghai,Bkg Agnt,No,,,0,,,,,,
AP > NA,AP,NA,CN,CN E.,28,HOD,MAEU,90-0090,MSC ISTANBUL,327N,291939826,185362419,Confirmed,N,CNNKG,CNNKG,USLGB,USLGB,CYP/CYP,07-Jul,08-Jul,40HCx2,2,40HCx2,2,30-Jun,1,2.25,2.25,,,,,,,08-Jul,29-Jul,30-Jun,Yes,,,Home Depot,Shanghai,Bkg Agnt,Yes,,,0,,,,,,
AP > NA,AP,NA,CN,CN S.,28,HOD,MSCU,25-001WW,MAERSK EDINBURGH,326N,181AY0232710927P1,185370983,Canceled by carrier,N,CNYTN,CNYTN,USLAX,USLAX,CYP/CYP,07-Jul,,40HCx1,1,,,,,1.125,,,,,,,,,,,Yes,,,Home Depot,S.China,Direct,No,,,0,,,,,,
AP > NA,AP,NA,CN,CN S.,28,WAL,MSCU,25-001WW,MAERSK EDINBURGH,326N,181AY0232710943P1,185371020,Confirmed,N,CNYTN,CNYTN,USLAX,USLAX,CYP/CYP,07-Jul,07-Jul,40HCx1,1,40HCx1,1,28-Jun,1,1.125,1.125,,,,,,,07-Jul,,28-Jun,Yes,,,Walmart,S.China,Direct,No,,,0,,,,,,
AP > NA,AP,NA,CN,CN S.,28,DEC,MSCU,25-001WW,MAERSK EDINBURGH,326N,181AY0232710944P1,185371022,Canceled by carrier,N,CNYTN,CNYTN,USLAX,USLAX,CYP/CYP,07-Jul,,40HCx1,1,,,,,1.125,,,,,,,,,,,Yes,,,Decathlon,S.China,Direct,No,,,0,,,,,,
AP > NA,AP,NA,CN,CN S.,28,TRI,MAEU,90-0090,MAERSK EDINBURGH,326N,228778204,185371190,Confirmed,N,CNYTN,CNYTN,USLAX,USLAX,CYP/CYP,07-Jul,07-Jul,40GPx1,1,40GPx1,1,29-Jun,4,1,1,,,,,,,07-Jul,24-Jul,28-Jun,Yes,,,Triumph,S.China,Direct,Yes,,,-1,,,,,,
AP > NA,AP,NA,CN,CN S.,28,TRI,MAEU,90-0090,MSC RIFAYA,329N,228778257,185371208,Canceled by carrier,N,CNYTN,CNYTN,USLGB,USLGB,CYP/CYP,07-Jul,,45HCx1,1,,,,,1.265,,,,,,,,,,,Yes,,,Triumph,S.China,Direct,No,,,0,,,,,,
AP > NA,AP,NA,CN,CN E.,28,NIK,OOLU,PE2508,COSCO BELGIUM,064E,OOLU2141567790,185377956,Confirmed,N,CNNKG,CNNKG,USLGB,USLGB,CYP/CYP,07-Jul,07-Jul,40HCx9,9,40HCx9,9,07-Jul,2,10.125,10.125,,,,,,,07-Jul,31-Jul,30-Jun,Yes,,,Nike,Shanghai,Bkg Agnt,Yes,,,-7,,,,,,
AP > NA,AP,NA,CN,CN S.,28,WAL,MAEU,90-0090,MAERSK EDINBURGH,326N,228789138,185387458,Confirmed,N,CNYTN,CNYTN,USLAX,USLAX,CYP/CYP,07-Jul,07-Jul,40HCx1,1,40HCx1,1,29-Jun,3,1.125,1.125,,,,,,,07-Jul,24-Jul,28-Jun,Yes,,,Walmart,S.China,Direct,Yes,,,-1,,,,,,
AP > NA,AP,NA,CN,CN S.,28,TES,MAEU,90-0090,MAERSK EDINBURGH,326N,228789151,185387557,Confirmed,N,CNYTN,CNYTN,USLAX,USLAX,CYP/CYP,07-Jul,07-Jul,40HCx1,1,40HCx1,1,29-Jun,2,1.125,1.125,,,,,,,07-Jul,24-Jul,28-Jun,Yes,,,Tesla,S.China,Direct,Yes,,,-1,,,,,,
AP > NA,AP,NA,VN,VN S.,28,TGT,OOLU,PE2508,COSCO NETHERLANDS,058E,2141593890,185442556,Confirmed,N,VNSGN,VNTOT,USLGB,USLGB,CYP/CYP,07-Jul,07-Jul,40HCx1,1,40HCx1,1,30-Jun,1,1.125,1.125,,,,,,,07-Jul,28-Jul,30-Jun,Yes,,,Target,Vietnam,Direct,Yes,,,0,,,,,,
AP > NA,AP,NA,VN,VN S.,28,BBY,MSCU,25-970GA,Maersk Charleston,327N,339IN2323283,185443286,Confirmed,N,VNSGN,VNVUT,USLAX,USLAX,CYP/CYP,07-Jul,07-Jul,40HCx2,2,40HCx2,2,29-Jun,1,2.25,2.25,,,,,,,07-Jul,,29-Jun,Yes,,,Best Buy,Vietnam,Direct,Yes,,,0,,,,,,
AP > NA,AP,NA,CN,CN S.,28,HOD,MAEU,90-0090,MAERSK EDINBURGH,326N,228878263,185546523,Confirmed,N,CNYTN,CNYTN,USLAX,USLAX,CYP/CYP,07-Jul,07-Jul,40HCx1,1,40HCx1,1,01-Jul,1,1.125,1.125,,,,,,,07-Jul,24-Jul,01-Jul,Yes,,,Home Depot,S.China,Direct,No,,,0,,,,,,
AP > NA,AP,NA,CN,CN S.,28,COS,MAEU,90-0090,MAERSK EDINBURGH,326N,228881776,185557029,Canceled by carrier,N,CNYTN,CNYTN,USLAX,USLAX,CYP/CYP,07-Jul,,40HCx1,1,,,,,1.125,,,,,,,,,,,Yes,,,Costco,S.China,Direct,No,,,0,,,,,,
AP > NA,AP,NA,CN,CN S.,28,COS,MAEU,90-0090,MAERSK EDINBURGH,326N,228881774,185557030,Canceled by carrier,N,CNYTN,CNYTN,USLAX,USLAX,CYP/CYP,07-Jul,,40GPx1,1,,,,,1,,,,,,,,,,,Yes,,,Costco,S.China,Direct,No,,,0,,,,,,
AP > NA,AP,NA,CN,CN S.,28,DEC,MAEU,90-0090,MAERSK EDINBURGH,326N,228881775,185557031,Canceled by carrier,N,CNYTN,CNYTN,USLAX,USLAX,CYP/CYP,07-Jul,,40GPx1,1,,,,,1,,,,,,,,,,,Yes,,,Decathlon,S.China,Direct,No,,,0,,,,,,
AP > NA,AP,NA,CN,CN S.,28,HOD,MAEU,90-0090,MAERSK EDINBURGH,326N,228881773,185557032,Canceled by carrier,N,CNYTN,CNYTN,USLAX,USLAX,CYP/CYP,07-Jul,,40GPx1,1,,,,,1,,,,,,,,,,,Yes,,,Home Depot,S.China,Direct,No,,,0,,,,,,
AP > NA,AP,NA,CN,CN E.,28,NEW,CMDU,89-0000,,,XIA1173014,185312492,Confirmed,N,CNXMN,CNXMN,USSAV,USXFS,CYP/CYP,08-Jul,08-Jul,40GPx3,3,40GPx3,3,27-Jun,1,3,3,,,,,,,08-Jul,,27-Jun,Yes,,,Newell Brands Distribution,Xiamen,Bkg Agnt,Yes,,,0,,,,,,
AP > NA,AP,NA,VN,VN S.,28,TGT,OOLU,PE2508,COSCO SHIPPING ALPS,030E,2141471780,185157875,Confirmed,Y,VNSGN,VNTOT,USLGB,USLGB,CYP/CYP,09-Jul,14-Jul,45HCx1,1,45HCx1,1,26-Jun,3,1.265,1.265,,,,,,,14-Jul,03-Aug,23-Jun,Yes,,,Target,Vietnam,Direct,Yes,,,-3,,,,,,
AP > NA,AP,NA,CN,CN S.,28,NEW,MSCU,25-970GA,MSC ISTANBUL,327N,181AY0232707102D1,185205623,Confirmed,N,CNYTN,CNYTN,USLGB,USJAA,CYP/D,09-Jul,09-Jul,"20GPx1, 40HCx1",2,"20GPx1, 40HCx1",2,30-Jun,4,1.625,1.625,,,,,,,09-Jul,,26-Jun,Yes,,,Newell Brands Distribution,S.China,Direct,Yes,,,-4,,,,,,
AP > EU,AP,EU,CN,CN N.,28,HMH,MAEU,90-0080,,,273046987,185208093,Confirmed,N,CNTAO,CNTAO,DEBRV,DEHBO,CYP/D,09-Jul,09-Jul,40HCx1,1,40HCx1,1,26-Jun,1,1.125,1.125,,,,,,,09-Jul,25-Aug,26-Jun,Yes,,,H&M Home,Qingdao,Bkg Agnt,Yes,,,0,,,,,,
AP > NA,AP,NA,VN,VN S.,28,TGT,OOLU,PE2506,COSCO SHIPPING ALPS,030E,2141503020,185231371,Canceled by carrier,N,VNSGN,VNTOT,USLGB,USLGB,CYP/CYP,09-Jul,,20GPx1,1,,,,,0.5,,,,,,,,,,,No,,,Target,Vietnam,Direct,No,,,0,,,,,,
AP > NA,AP,NA,CN,CN E.,28,DEC,COSU,SSM25008,COSCO FRANCE,055E,TSL202306270796,185327811,Confirmed,N,CNNGB,CNNGB,USLGB,USLGB,CYP/CYP,09-Jul,09-Jul,45HCx1,1,45HCx1,1,28-Jun,1,1.265,1.265,,,,,,,09-Jul,,28-Jun,Yes,,,Decathlon,Ningbo,Bkg Agnt,Yes,,,0,,,,,,
AP > NA,AP,NA,CN,CN E.,28,STA,COSU,SSM25008,COSCO FRANCE,055E,TSL202306270793,185327879,Confirmed,N,CNNGB,CNNGB,USLGB,USLGB,CYP/CYP,09-Jul,09-Jul,45HCx1,1,45HCx1,1,28-Jun,1,1.265,1.265,,,,,,,09-Jul,,28-Jun,Yes,,,Starbucks,Ningbo,Bkg Agnt,Yes,,,0,,,,,,
AP > NA,AP,NA,CN,CN E.,28,STA,COSU,SSM25008,COSCO FRANCE,055E,TSL202306270794,185327954,Confirmed,N,CNNGB,CNNGB,USLGB,USLGB,CYP/CYP,09-Jul,09-Jul,45HCx1,1,45HCx1,1,28-Jun,1,1.265,1.265,,,,,,,09-Jul,,28-Jun,Yes,,,Starbucks,Ningbo,Bkg Agnt,Yes,,,0,,,,,,
AP > NA,AP,NA,CN,CN E.,28,TRI,COSU,SSM25008,COSCO FRANCE,055E,TSL202306270795,185328021,Confirmed,N,CNNGB,CNNGB,USLGB,USLGB,CYP/CYP,09-Jul,09-Jul,45HCx1,1,45HCx1,1,28-Jun,1,1.265,1.265,,,,,,,09-Jul,,28-Jun,Yes,,,Triumph,Ningbo,Bkg Agnt,Yes,,,0,,,,,,
AP > NA,AP,NA,CN,CN E.,28,TRI,COSU,SSM25008,COSCO FRANCE,055E,TSL202306270821,185328638,Confirmed,N,CNNGB,CNNGB,USLGB,USLGB,CYP/CYP,09-Jul,09-Jul,45HCx1,1,45HCx1,1,28-Jun,1,1.265,1.265,,,,,,,09-Jul,,28-Jun,Yes,,,Triumph,Ningbo,Bkg Agnt,Yes,,,0,,,,,,
AP > NA,AP,NA,CN,CN E.,28,COS,COSU,SSM25008,COSCO FRANCE,055E,TSL202306270820,185328736,Confirmed,N,CNNGB,CNNGB,USLGB,USLGB,CYP/CYP,09-Jul,09-Jul,40HCx1,1,40HCx1,1,28-Jun,1,1.125,1.125,,,,,,,09-Jul,,28-Jun,Yes,,,Costco,Ningbo,Bkg Agnt,Yes,,,0,,,,,,
AP > NA,AP,NA,CN,CN E.,28,WAL,COSU,SSM25008,COSCO FRANCE,055E,TSL202306270825,185328972,Confirmed,N,CNNGB,CNNGB,USLGB,USLGB,CYP/CYP,09-Jul,09-Jul,"40GPx1, 40HCx1",2,"40GPx1, 40HCx1",2,28-Jun,1,2.125,2.125,,,,,,,09-Jul,,28-Jun,Yes,,,Walmart,Ningbo,Bkg Agnt,Yes,,,0,,,,,,
AP > NA,AP,NA,CN,CN E.,28,HOD,COSU,SSM25008,COSCO FRANCE,055E,TSL202306270827,185328992,Confirmed,N,CNNGB,CNNGB,USLGB,USLGB,CYP/CYP,09-Jul,09-Jul,40GPx2,2,40GPx2,2,28-Jun,1,2,2,,,,,,,09-Jul,,28-Jun,Yes,,,Home Depot,Ningbo,Bkg Agnt,Yes,,,0,,,,,,
AP > NA,AP,NA,CN,CN E.,28,STA,COSU,SSM25008,COSCO FRANCE,055E,TSL202306270828,185329008,Confirmed,N,CNNGB,CNNGB,USLGB,USLGB,CYP/CYP,09-Jul,09-Jul,40GPx1,1,40GPx1,1,28-Jun,1,1,1,,,,,,,09-Jul,,28-Jun,Yes,,,Starbucks,Ningbo,Bkg Agnt,Yes,,,0,,,,,,
AP > NA,AP,NA,CN,CN E.,28,STA,COSU,SSM25008,COSCO FRANCE,055E,TSL202306270826,185329053,Confirmed,N,CNNGB,CNNGB,USLGB,USLGB,CYP/CYP,09-Jul,09-Jul,40HCx1,1,40HCx1,1,28-Jun,1,1.125,1.125,,,,,,,09-Jul,,28-Jun,Yes,,,Starbucks,Ningbo,Bkg Agnt,Yes,,,0,,,,,,
AP > NA,AP,NA,CN,CN E.,28,STA,COSU,SSM25008,COSCO FRANCE,055E,TSL202306270835,185329089,Confirmed,N,CNNGB,CNNGB,USLGB,USLGB,CYP/CYP,09-Jul,09-Jul,40GPx1,1,40GPx1,1,28-Jun,1,1,1,,,,,,,09-Jul,,28-Jun,Yes,,,Starbucks,Ningbo,Bkg Agnt,Yes,,,0,,,,,,
AP > NA,AP,NA,CN,CN E.,28,WAL,COSU,SSM25008,COSCO FRANCE,055E,TSL202306270836,185329195,Confirmed,N,CNNGB,CNNGB,USLGB,USLGB,CYP/CYP,09-Jul,09-Jul,40HCx1,1,40HCx1,1,28-Jun,1,1.125,1.125,,,,,,,09-Jul,,28-Jun,Yes,,,Walmart,Ningbo,Bkg Agnt,Yes,,,0,,,,,,
AP > NA,AP,NA,CN,CN E.,28,WAL,COSU,SSM25008,COSCO FRANCE,055E,TSL202306270837,185329209,Confirmed,N,CNNGB,CNNGB,USLGB,USLGB,CYP/CYP,09-Jul,09-Jul,40HCx1,1,40HCx1,1,28-Jun,1,1.125,1.125,,,,,,,09-Jul,,28-Jun,Yes,,,Walmart,Ningbo,Bkg Agnt,Yes,,,0,,,,,,
AP > NA,AP,NA,CN,CN S.,28,CTI,HDMU,CA235001,YM TIPTOP,0011E,HKGM91337800,185155441,Canceled by requestor,N,CNYTN,CNYTN,CAVAN,CAVAN,CYP/CYP,10-Jul,,40HCx1,1,,,,,1.125,,,,,,,,,,,No,,,Canadian Tire,S.China,Direct,No,,,0,,,,,,
AP > NA,AP,NA,CN,CN S.,28,CTI,HDMU,CA235001,YM TIPTOP,0011E,HKGM92110700,185155443,Canceled by requestor,N,CNYTN,CNYTN,CAVAN,CAVAN,CYP/CYP,10-Jul,,40HCx1,1,,,,,1.125,,,,,,,,,,,No,,,Canadian Tire,S.China,Direct,No,,,0,,,,,,
AP > NA,AP,NA,CN,CN S.,28,CTI,HDMU,CA235001,YM TIPTOP,0011E,HKGM23244400,185155444,Canceled by requestor,N,CNYTN,CNYTN,CAVAN,CAVAN,CYP/CYP,10-Jul,,40HCx1,1,,,,,1.125,,,,,,,,,,,No,,,Canadian Tire,S.China,Direct,No,,,0,,,,,,
AP > NA,AP,NA,VN,VN N.,28,COS,COSU,SSM25008,CSCL YELLOW SEA,051E,6359719530,185158362,Confirmed,Y,VNHPH,VNHPH,USLGB,USLAX,CYP/CYP,10-Jul,08-Jul,40HCx1,1,40HCx1,1,29-Jun,3,1.125,1.125,,,,,,,09-Jul,05-Aug,23-Jun,Yes,,,Costco,Vietnam,Direct,Yes,,,-6,,,,,,
AP > NA,AP,NA,CN,CN E.,28,NEW,CMDU,89-0000,,,XIA1171993,185209998,Confirmed,Y,CNXMN,CNXMN,USSAV,USXFS,CYP/CYP,10-Jul,10-Jul,40GPx1,1,40HCx1,1,26-Jun,1,1,1.125,,,,,,,10-Jul,13-Aug,26-Jun,Yes,,,Newell Brands Distribution,Xiamen,Bkg Agnt,Yes,,,0,,,,,,
AP > NA,AP,NA,CN,CN S.,28,BBY,COSU,HOI23500,COSCO NETHERLANDS,058E,6359789940,185216055,Confirmed,N,CNNSA,CNNSA,USLGB,USLGB,CYP/CYP,10-Jul,10-Jul,40HCx4,4,40HCx4,4,25-Jun,1,4.5,4.5,,,,,,,10-Jul,28-Jul,25-Jun,Yes,,,Best Buy,S.China,Direct,Yes,,,0,,,,,,
AP > NA,AP,NA,CN,CN S.,28,BBY,OOLU,PE2508,COSCO NETHERLANDS,058E,2141493590,185217284,Confirmed,N,CNNSA,CNNSA,USLGB,USLGB,CYP/CYP,10-Jul,10-Jul,40HCx4,4,40HCx4,4,25-Jun,1,4.5,4.5,,,,,,,10-Jul,28-Jul,25-Jun,Yes,,,Best Buy,S.China,Direct,Yes,,,0,,,,,,
AP > NA,AP,NA,VN,VN S.,28,BBY,HDMU,CA235001,,,TBD,185238773,Canceled by carrier,N,VNSGN,VNSGN,CAVAN,CAVAN,CYP/CYP,10-Jul,,40HCx1,1,,,,,1.125,,,,,,,,,,,No,,,Best Buy,Vietnam,Direct,Yes,,,0,,,,,,
AP > NA,AP,NA,VN,VN S.,28,BBY,HDMU,CA235001,,,TBD,185238937,Canceled by carrier,N,VNSGN,VNSGN,CAVAN,CAVAN,CYP/CYP,10-Jul,,40HCx1,1,,,,,1.125,,,,,,,,,,,No,,,Best Buy,Vietnam,Direct,Yes,,,0,,,,,,
AP > EU,AP,EU,VN,VN S.,28,HMH,MAEU,90-0080,MAERSK JAIPUR,328S,228694633,185240575,Confirmed,N,VNSGN,VNSGN,DEBRV,DEHBO,CYP/D,10-Jul,10-Jul,40HCx1,1,40HCx1,1,26-Jun,2,1.125,1.125,,,,,,,10-Jul,09-Aug,26-Jun,Yes,MARGRETHE MAERSK,325W,H&M Home,Vietnam,Direct,Yes,,,0,,,,,,
AP > NA,AP,NA,VN,VN N.,28,BBY,HDMU,CA235001,YM TIPTOP,0011E,HANM35473600,185252169,Confirmed,N,VNHPH,VNHPH,CAVAN,CAVAN,CYP/CYP,10-Jul,10-Jul,40HCx1,1,40HCx1,1,26-Jun,1,1.125,1.125,,,,,,,10-Jul,31-Jul,26-Jun,Yes,,,Best Buy,Vietnam,Direct,Yes,,,0,,,,,,
AP > NA,AP,NA,VN,VN N.,28,BBY,HDMU,CA235001,YM TIPTOP,0011E,HANM31445900,185252304,Confirmed,N,VNHPH,VNHPH,CAVAN,CAVAN,CYP/CYP,10-Jul,10-Jul,40HCx1,1,40HCx1,1,26-Jun,1,1.125,1.125,,,,,,,10-Jul,31-Jul,26-Jun,Yes,,,Best Buy,Vietnam,Direct,Yes,,,0,,,,,,
AP > EU,AP,EU,VN,VN S.,28,HMH,MAEU,90-0080,MAERSK JAIPUR,328S,228809095,185427939,Confirmed,N,VNSGN,VNSGN,DEBRV,DEHBO,CYP/D,10-Jul,10-Jul,40HCx1,1,40HCx1,1,29-Jun,1,1.125,1.125,,,,,,,10-Jul,09-Aug,29-Jun,Yes,MARGRETHE MAERSK,325W,H&M Home,Vietnam,Direct,Yes,,,0,,,,,,
AP > NA,AP,NA,CN,CN S.,28,NEW,MSCU,25-970GA,MSC ISTANBUL,327N,181AY0232716505D1,185646551,Confirmed,N,CNYTN,CNYTN,USLGB,USKCK,CYP/D,10-Jul,09-Jul,40GPx1,1,40GPx1,1,05-Jul,1,1,1,,,,,,,09-Jul,,05-Jul,Yes,,,Newell Brands Distribution,S.China,Direct,Yes,,,0,,,,,,
AP > NA,AP,NA,CN,CN E.,28,BBY,OOLU,PE2508,COSCO BELGIUM,064E,2141680160,185747214,Confirmed,Y,CNNKG,CNNKG,USLGB,USLGB,CYP/CYP,10-Jul,18-Jul,40HCx1,1,40HCx1,1,06-Jul,1,1.125,1.125,,,,,,,10-Jul,31-Jul,06-Jul,Yes,,,Best Buy,Shanghai,Bkg Agnt,Yes,,,0,,,,,,
AP > NA,AP,NA,CN,CN E.,28,NEW,CMDU,89-0000,COSCO FRANCE,055E,CHN0388437,185211588,Confirmed,Y,CNSHA,CNSHA,USLGB,USLGB,CYP/CYP,11-Jul,11-Jul,40HCx1,1,40GPx1,1,25-Jun,1,1.125,1,,,,,,,11-Jul,,25-Jun,Yes,,,Newell Brands Distribution,Shanghai,Bkg Agnt,Yes,,,0,,,,,,
AP > NA,AP,NA,VN,VN S.,28,BBY,MSCU,25-970GA,MAERSK ANTARES,328N,339IN2322730,185239275,Confirmed,Y,VNSGN,VNVUT,USLAX,USLAX,CYP/CYP,11-Jul,15-Jul,40HCx1,1,40HCx1,1,29-Jun,1,1.125,1.125,,,,,,,15-Jul,,29-Jun,Yes,,,Best Buy,Vietnam,Direct,Yes,,,0,,,,,,
AP > NA,AP,NA,CN,CN S.,28,NEW,CMDU,89-0000,CMA CGM LEO,0TXF3E1MA,ZSN0576669,185376437,Confirmed,Y,CNJMN,CNNSA,USLAX,USLAX,CYP/CYP,11-Jul,14-Jul,40GPx1,1,40GPx1,1,28-Jun,1,1,1,,,,,,,14-Jul,30-Jul,28-Jun,Yes,,,Newell Brands Distribution,S.China,Direct,No,,,0,,,,,,
AP > NA,AP,NA,CN,CN E.,28,TES,CMDU,89-0000,COSCO FRANCE,055E,TBD,185389163,Canceled by carrier,N,CNSHA,CNSHA,USLGB,USLGB,CYP/CYP,11-Jul,,40HCx2,2,,,,,2.25,,,,,,,,,,,No,,,Tesla,Shanghai,Bkg Agnt,No,,,0,,,,,,
AP > NA,AP,NA,CN,CN E.,28,NEW,CMDU,89-0000,EVER FOCUS,1117015E,CHN0400799,185404798,Confirmed,N,CNSHA,CNSHA,USSAV,USXFS,CYP/D,11-Jul,11-Jul,40HCx4,4,40HCx4,4,30-Jun,1,4.5,4.5,,,,,,,11-Jul,,30-Jun,Yes,,,Newell Brands Distribution,Shanghai,Bkg Agnt,Yes,,,0,,,,,,
AP > NA,AP,NA,CN,CN E.,28,BBY,OOLU,PE2508,COSCO FRANCE,055E,OOLU2721495000,185430971,Confirmed,N,CNSHA,CNSHA,USLGB,USLGB,CYP/CYP,11-Jul,11-Jul,40HCx11,11,40HCx11,11,30-Jun,1,12.375,12.375,,,,,,,11-Jul,,30-Jun,Yes,,,Best Buy,Shanghai,Bkg Agnt,Yes,,,0,,,,,,
AP > NA,AP,NA,VN,VN S.,28,HOD,COSU,SSM25008,CSCL YELLOW SEA,051E,6360434420,185636800,Confirmed,N,VNSGN,VNVUT,USLGB,USLGB,CYP/CYP,11-Jul,10-Jul,40HCx1,1,40HCx1,1,08-Jul,2,1.125,1.125,,,,,,,11-Jul,05-Aug,04-Jul,Yes,,,Home Depot,Vietnam,Direct,Yes,,,-4,,,,,,
AP > NA,AP,NA,VN,VN S.,28,COS,COSU,SSM25008,CSCL YELLOW SEA,051E,6360434430,185636944,Confirmed,N,VNSGN,VNVUT,USLGB,USLGB,CYP/CYP,11-Jul,10-Jul,40HCx1,1,40HCx1,1,08-Jul,2,1.125,1.125,,,,,,,11-Jul,05-Aug,04-Jul,Yes,,,Costco,Vietnam,Direct,Yes,,,-4,,,,,,
AP > NA,AP,NA,VN,VN S.,28,COS,COSU,SSM25008,CSCL YELLOW SEA,051E,6360434490,185637045,Confirmed,N,VNSGN,VNVUT,USLGB,USLGB,CYP/CYP,11-Jul,10-Jul,40HCx1,1,40HCx1,1,08-Jul,2,1.125,1.125,,,,,,,11-Jul,05-Aug,04-Jul,Yes,,,Costco,Vietnam,Direct,Yes,,,-4,,,,,,
AP > NA,AP,NA,VN,VN S.,28,COS,COSU,SSM25008,CSCL YELLOW SEA,051E,6360434450,185637112,Confirmed,N,VNSGN,VNVUT,USLGB,USLGB,CYP/CYP,11-Jul,10-Jul,40HCx1,1,40HCx1,1,08-Jul,2,1.125,1.125,,,,,,,11-Jul,02-Aug,04-Jul,Yes,,,Costco,Vietnam,Direct,Yes,,,-4,,,,,,
AP > NA,AP,NA,CN,CN E.,28,NEW,CMDU,89-0000,,,XIA1167987,185209672,Confirmed,N,CNXMN,CNXMN,USLAX,USKCK,CYP/CYP,12-Jul,12-Jul,"40GPx1, 40HCx3",4,"40GPx1, 40HCx3",4,25-Jun,1,4.375,4.375,,,,,,,12-Jul,30-Jul,25-Jun,Yes,,,Newell Brands Distribution,Xiamen,Bkg Agnt,Yes,,,0,,,,,,
AP > NA,AP,NA,VN,VN S.,28,TES,COSU,SSM25008,BEIJING,098E,6360014410,185334944,Confirmed,Y,VNSGN,VNVUT,USLGB,USLGB,CYP/CYP,12-Jul,22-Jul,40HCx1,1,40HCx1,1,25-Jul,5,1.125,1.125,,,,,,,14-Jul,08-Aug,28-Jun,Yes,,,Tesla,Vietnam,Direct,Yes,,,-27,,,,,,
AP > NA,AP,NA,VN,VN S.,28,TES,EGLV,SC50089,CMA CGM ADONIS,1TU28E1MA,235300725295,185335044,Confirmed,Y,VNSGN,VNTOT,USLAX,USLAX,CYP/CYP,12-Jul,04-Aug,40HCx1,1,40HCx1,1,10-Jul,2,1.125,1.125,,,,,,,22-Jul,14-Aug,07-Jul,Yes,,,Tesla,Vietnam,Direct,Yes,,,-3,,,,,,
AP > NA,AP,NA,IN,IN S.,28,TGT,ONEY,HAM0026,,,Received,185695421,Canceled by requestor,N,INMAA,INMAA,USSAV,USSAV,CYP/CYP,12-Jul,,20GPx1,1,,,,,0.5,,,,,,,,,,,No,,,Target,India,Direct,No,,,0,,,,,,
AP > NA,AP,NA,CN,CN S.,28,BBY,COSU,HOI23500,COSCO NETHERLANDS,058E,6359789010,185216294,Confirmed,N,CNYTN,CNYTN,USLGB,USLGB,CYP/CYP,13-Jul,13-Jul,40RFx1,1,40RFx1,1,25-Jun,1,1.125,1.125,09-Jul,15:00,08-Jul,12:30,08-Jul,12:30,13-Jul,28-Jul,25-Jun,Yes,,,Best Buy,S.China,Direct,Yes,05-Jul, 18.00 ,0,,,,,,
AP > NA,AP,NA,CN,CN S.,28,BBY,COSU,HOI23500,COSCO NETHERLANDS,058E,6359788710,185216100,Confirmed,N,CNYTN,CNYTN,USLGB,USLGB,CYP/CYP,13-Jul,13-Jul,40HCx1,1,40HCx1,1,25-Jun,1,1.125,1.125,,,,,,,13-Jul,28-Jul,25-Jun,Yes,,,Best Buy,S.China,Direct,Yes,,,0,,,,,,
AP > NA,AP,NA,CN,CN S.,28,NIK,OOLU,PE2508,COSCO NETHERLANDS,058E,2141493140,185216697,Confirmed,N,CNYTN,CNYTN,USLGB,USLGB,CYP/CYP,13-Jul,13-Jul,40HCx6,6,40HCx6,6,25-Jun,1,6.75,6.75,,,,,,,13-Jul,28-Jul,25-Jun,Yes,,,Nike,S.China,Direct,Yes,,,0,,,,,,
AP > NA,AP,NA,CN,CN E.,28,NEW,CMDU,89-0000,EVER FOCUS,1117015E,NGP0363643,185248031,Confirmed,N," - , ",CNNGB,USSAV,USXFS,CYP/D,13-Jul,13-Jul,40HCx2,2,40HCx2,2,26-Jun,1,2.25,2.25,,,,,,,13-Jul,22-Aug,26-Jun,Yes,,,Newell Brands Distribution,Ningbo,Bkg Agnt,Yes,,,0,,,,,,
AP > NA,AP,NA,CN,CN E.,28,NEW,CMDU,89-0000,EVER FOCUS,1117015E,NGP0363608,185248586,Confirmed,N," - , ",CNNGB,USSAV,USXFS,CYP/D,13-Jul,13-Jul,40HCx3,3,40HCx3,3,26-Jun,1,3.375,3.375,,,,,,,13-Jul,22-Aug,26-Jun,Yes,,,Newell Brands Distribution,Ningbo,Bkg Agnt,Yes,,,0,,,,,,
AP > NA,AP,NA,CN,CN E.,28,NEW,CMDU,89-0000,EVER FOCUS,1117015E,NGP0363599,185248623,Confirmed,N," - , ",CNNGB,USSAV,USXFS,CYP/D,13-Jul,13-Jul,40HCx3,3,40HCx3,3,26-Jun,1,3.375,3.375,,,,,,,13-Jul,22-Aug,26-Jun,Yes,,,Newell Brands Distribution,Ningbo,Bkg Agnt,Yes,,,0,,,,,,
AP > NA,AP,NA,CN,CN E.,28,NEW,CMDU,89-0000,EVER FOCUS,1117015E,NGP0363569,185248633,Confirmed,N," - , ",CNNGB,USSAV,USXFS,CYP/D,13-Jul,13-Jul,40HCx2,2,40HCx2,2,26-Jun,1,2.25,2.25,,,,,,,13-Jul,22-Aug,26-Jun,Yes,,,Newell Brands Distribution,Ningbo,Bkg Agnt,Yes,,,0,,,,,,
AP > NA,AP,NA,CN,CN E.,28,COS,MAEU,90-0090,MSC ISTANBUL,327N,292860036,185250155,Confirmed,N,CNNGB,CNNGB,USLGB,USLGB,CYP/CYP,13-Jul,13-Jul,40GPx1,1,40GPx1,1,27-Jun,1,1,1,,,,,,,13-Jul,,27-Jun,Yes,,,Costco,Ningbo,Bkg Agnt,Yes,,,0,,,,,,
AP > NA,AP,NA,CN,CN E.,28,TES,MAEU,90-0090,MSC ISTANBUL,327N,292860039,185250254,Confirmed,N,CNNGB,CNNGB,USLGB,USLGB,CYP/CYP,13-Jul,13-Jul,40HCx4,4,40HCx4,4,27-Jun,1,4.5,4.5,,,,,,,13-Jul,,27-Jun,Yes,,,Tesla,Ningbo,Bkg Agnt,Yes,,,0,,,,,,
AP > NA,AP,NA,CN,CN E.,28,STA,MAEU,90-0090,MSC ISTANBUL,327N,292860037,185250344,Confirmed,N,CNNGB,CNNGB,USLGB,USLGB,CYP/CYP,13-Jul,13-Jul,40RFx1,1,40RFx1,1,27-Jun,1,1.125,1.125,,,,,,,13-Jul,,27-Jun,Yes,,,Starbucks,Ningbo,Bkg Agnt,Yes,,,0,,,,,,
AP > NA,AP,NA,CN,CN E.,28,STA,MAEU,90-0090,MSC ISTANBUL,327N,292860038,185250402,Confirmed,N,CNNGB,CNNGB,USLGB,USLGB,CYP/CYP,13-Jul,13-Jul,40HCx2,2,40HCx2,2,27-Jun,1,2.25,2.25,,,,,,,13-Jul,,27-Jun,Yes,,,Starbucks,Ningbo,Bkg Agnt,Yes,,,0,,,,,,
AP > NA,AP,NA,CN,CN E.,28,TRI,MSCU,25-001WW,MSC MELATILDE,327N,177UGLGLN31785A,185258626,Confirmed,N,CNNGB,CNNGB,USLGB,USLGB,CYP/CYP,13-Jul,13-Jul,40HCx2,2,40HCx2,2,27-Jun,1,2.25,2.25,,,,,,,13-Jul,,27-Jun,Yes,,,Triumph,Ningbo,Bkg Agnt,Yes,,,0,,,,,,
AP > NA,AP,NA,CN,CN E.,28,TRI,MSCU,25-001WW,MSC MELATILDE,327N,177UGLGLN31781A,185258817,Confirmed,N,CNNGB,CNNGB,USLGB,USLGB,CYP/CYP,13-Jul,13-Jul,40HCx3,3,40HCx3,3,27-Jun,1,3.375,3.375,,,,,,,13-Jul,,27-Jun,Yes,,,Triumph,Ningbo,Bkg Agnt,Yes,,,0,,,,,,
AP > NA,AP,NA,CN,CN E.,28,TRI,MSCU,25-001WW,MSC MELATILDE,327N,177UGLGLN31783A,185259482,Canceled by carrier,N,CNNGB,CNNGB,USLGB,USLGB,CYP/CYP,13-Jul,,45HCx1,1,,,,,1.265,,,,,,,,,,,No,,,Triumph,Ningbo,Bkg Agnt,No,,,0,,,,,,
AP > NA,AP,NA,CN,CN E.,28,TRI,MSCU,25-001WW,MSC MELATILDE,327N,177UGLGLN31782A,185259667,Canceled by carrier,N,CNNGB,CNNGB,USLGB,USLGB,CYP/CYP,13-Jul,,45HCx1,1,,,,,1.265,,,,,,,,,,,No,,,Triumph,Ningbo,Bkg Agnt,No,,,0,,,,,,
AP > NA,AP,NA,CN,CN E.,28,TRI,MSCU,25-001WW,MSC MELATILDE,327N,177UGLGLN31784A,185259887,Canceled by carrier,N,CNNGB,CNNGB,USLGB,USLGB,CYP/CYP,13-Jul,,45HCx1,1,,,,,1.265,,,,,,,,,,,No,,,Triumph,Ningbo,Bkg Agnt,No,,,0,,,,,,
AP > NA,AP,NA,CN,CN E.,28,TRI,MSCU,25-001WW,MSC MELATILDE,327N,177UGLGLN31787A,185260028,Canceled by carrier,N,CNNGB,CNNGB,USLGB,USLGB,CYP/CYP,13-Jul,,45HCx1,1,,,,,1.265,,,,,,,,,,,No,,,Triumph,Ningbo,Bkg Agnt,Yes,,,0,,,,,,
AP > NA,AP,NA,CN,CN E.,28,DEC,MAEU,90-0090,MSC MELATILDE,327N,292860049,185304516,Confirmed,N,CNNGB,CNNGB,USLGB,USLGB,CYP/CYP,13-Jul,13-Jul,40GPx1,1,40GPx1,1,28-Jun,1,1,1,,,,,,,13-Jul,,28-Jun,Yes,,,Decathlon,Ningbo,Bkg Agnt,Yes,,,0,,,,,,
AP > NA,AP,NA,CN,CN E.,28,STA,MSCU,25-001WW,MSC ISTANBUL,327N,177UGLGLN31794A,185312156,Confirmed,N,CNNGB,CNNGB,USLGB,USLGB,CYP/CYP,13-Jul,13-Jul,40HCx1,1,40HCx1,1,28-Jun,1,1.125,1.125,,,,,,,13-Jul,,28-Jun,Yes,,,Starbucks,Ningbo,Bkg Agnt,No,,,0,,,,,,
AP > NA,AP,NA,CN,CN E.,28,STA,MSCU,25-001WW,MSC ISTANBUL,327N,177UGLGLN31795A,185312186,Confirmed,N,CNNGB,CNNGB,USLGB,USLGB,CYP/CYP,13-Jul,13-Jul,40GPx2,2,40GPx2,2,28-Jun,1,2,2,,,,,,,13-Jul,,28-Jun,Yes,,,Starbucks,Ningbo,Bkg Agnt,Yes,,,0,,,,,,
AP > NA,AP,NA,CN,CN S.,28,BBY,OOLU,PE2508,COSCO NETHERLANDS,058E,2141540830,185317154,Confirmed,N,CNYTN,CNYTN,USLGB,USLGB,CYP/CYP,13-Jul,13-Jul,40HCx1,1,40HCx1,1,28-Jun,1,1.125,1.125,,,,,,,13-Jul,28-Jul,28-Jun,Yes,,,Best Buy,S.China,Direct,Yes,,,0,,,,,,
AP > NA,AP,NA,CN,CN E.,28,HOD,MSCU,25-001WW,MSC ISTANBUL,327N,177UGLGLN31799A,185325419,Confirmed,N,CNNGB,CNNGB,USLGB,USLGB,CYP/CYP,13-Jul,13-Jul,40GPx5,5,40GPx5,5,28-Jun,1,5,5,,,,,,,13-Jul,,28-Jun,Yes,,,Home Depot,Ningbo,Bkg Agnt,Yes,,,0,,,,,,
AP > NA,AP,NA,CN,CN E.,28,DEC,MSCU,25-001WW,MSC ISTANBUL,327N,177UGLGLN31803A,185374870,Confirmed,N,CNNGB,CNNGB,USLGB,USLGB,CYP/CYP,13-Jul,13-Jul,40HCx1,1,40HCx1,1,28-Jun,1,1.125,1.125,,,,,,,13-Jul,,28-Jun,Yes,,,Decathlon,Ningbo,Bkg Agnt,Yes,,,0,,,,,,
AP > NA,AP,NA,CN,CN E.,28,COS,MAEU,90-0090,MSC ISTANBUL,327N,292860216,185377127,Confirmed,N,CNNGB,CNNGB,USLGB,USLGB,CYP/CYP,13-Jul,13-Jul,40GPx2,2,40GPx2,2,29-Jun,1,2,2,,,,,,,13-Jul,,29-Jun,Yes,,,Costco,Ningbo,Bkg Agnt,Yes,,,0,,,,,,
AP > NA,AP,NA,CN,CN E.,28,NIK,EGLV,SC50089,EVER LOGIC,1074-065E,EGLV145399218392,185379571,Confirmed,N,CNNKG,CNNKG,USLAX,USLAX,CYP/CYP,13-Jul,13-Jul,40HCx6,6,40HCx6,6,28-Jun,1,6.75,6.75,,,,,,,13-Jul,,28-Jun,Yes,,,Nike,Shanghai,Bkg Agnt,Yes,,,0,,,,,,
AP > NA,AP,NA,CN,CN E.,28,WAL,MAEU,90-0090,MSC ISTANBUL,327N,292860391,185584345,Confirmed,N,CNNGB,CNNGB,USLGB,USLGB,CYP/CYP,13-Jul,13-Jul,40GPx1,1,40GPx1,1,04-Jul,1,1,1,,,,,,,13-Jul,,04-Jul,Yes,,,Walmart,Ningbo,Bkg Agnt,Yes,,,0,,,,,,
AP > NA,AP,NA,CN,CN S.,28,NEW,MSCU,25-970GA,MSC ISTANBUL,327N,TBD,185707608,Canceled by requestor,N,CNJMN,CNSHK,USLGB,USKCK,CYP/RR,13-Jul,,40GPx1,1,,,,,1,,,,,,,,,,,No,,,Newell Brands Distribution,S.China,Direct,No,,,0,,,,,,
AP > EU,AP,EU,CN,CN E.,29,HMH,MAEU,90-0080,,,291939763,185201974,Confirmed,N,CNNTG,CNNTG,DEHAM,DEHAM,CYP/CYP,14-Jul,14-Jul,40HCx1,1,40HCx1,1,27-Jun,2,1.125,1.125,,,,,,,14-Jul,23-Aug,27-Jun,Yes,,,H&M Home,Shanghai,Bkg Agnt,Yes,,,0,,,,,,
AP > NA,AP,NA,CN,CN N.,29,DEC,COSU,SSM25008,COSCO AFRICA,080E,6359873200,185249809,Confirmed,N,CNXIG,CNXIG,USLGB,USLGB,CYP/CYP,14-Jul,14-Jul,40HCx1,1,40HCx1,1,26-Jun,1,1.125,1.125,,,,,,,14-Jul,02-Aug,26-Jun,Yes,,,Decathlon,Tianjin,Bkg Agnt,Yes,,,0,,,,,,
AP > NA,AP,NA,CN,CN N.,29,DEC,EGLV,SC50089,COSCO AFRICA,080E,141300471852,185249855,Confirmed,N,CNTSN,CNTSN,USLGB,USLGB,CYP/CYP,14-Jul,14-Jul,40HCx1,1,40HCx1,1,26-Jun,1,1.125,1.125,,,,,,,14-Jul,02-Aug,26-Jun,Yes,,,Decathlon,Tianjin,Bkg Agnt,Yes,,,0,,,,,,
AP > NA,AP,NA,CN,CN N.,29,COS,EGLV,D900070,EVER LUCENT,1073-059E,140357076245,185314413,Confirmed,N,CNTAO,CNTAO,USLAX,USLAX,CYP/CYP,14-Jul,14-Jul,40HCx1,1,40HCx1,1,04-Jul,1,1.125,1.125,,,,,,,14-Jul,01-Aug,04-Jul,Yes,,,Costco,Qingdao,Bkg Agnt,Yes,,,0,,,,,,
AP > NA,AP,NA,VN,VN S.,29,WAL,MSCU,25-970GA,MAERSK ANTARES,328N,339IN2322944,185322376,Confirmed,N,VNSGN,VNVUT,USTPA,USTPA,CYP/CYP,14-Jul,14-Jul,40HCx1,1,40HCx1,1,28-Jun,1,1.125,1.125,,,,,,,14-Jul,,28-Jun,Yes,,,Walmart,Vietnam,Direct,Yes,,,0,,,,,,
AP > NA,AP,NA,VN,VN S.,29,WAL,MSCU,25-970GA,MAERSK ANTARES,328N,339IN2322943,185322383,Confirmed,N,VNSGN,VNVUT,USTPA,USTPA,CYP/CYP,14-Jul,14-Jul,40HCx1,1,40HCx1,1,28-Jun,1,1.125,1.125,,,,,,,14-Jul,,28-Jun,Yes,,,Walmart,Vietnam,Direct,Yes,,,0,,,,,,
AP > NA,AP,NA,VN,VN S.,29,WAL,MSCU,25-970GA,MAERSK ANTARES,328N,339IN2322942,185322384,Confirmed,N,VNSGN,VNVUT,USTPA,USTPA,CYP/CYP,14-Jul,14-Jul,40HCx1,1,40HCx1,1,28-Jun,1,1.125,1.125,,,,,,,14-Jul,,28-Jun,Yes,,,Walmart,Vietnam,Direct,Yes,,,0,,,,,,
AP > NA,AP,NA,VN,VN S.,29,WAL,MSCU,25-970GA,MAERSK ANTARES,328N,339IN2322941,185322388,Confirmed,N,VNSGN,VNVUT,USTPA,USTPA,CYP/CYP,14-Jul,14-Jul,40HCx1,1,40HCx1,1,28-Jun,1,1.125,1.125,,,,,,,14-Jul,,28-Jun,Yes,,,Walmart,Vietnam,Direct,Yes,,,0,,,,,,
AP > NA,AP,NA,VN,VN S.,29,WAL,MSCU,25-970GA,MAERSK ANTARES,328N,339IN2322940,185322398,Confirmed,N,VNSGN,VNVUT,USTPA,USTPA,CYP/CYP,14-Jul,14-Jul,40HCx1,1,40HCx1,1,28-Jun,1,1.125,1.125,,,,,,,14-Jul,,28-Jun,Yes,,,Walmart,Vietnam,Direct,Yes,,,0,,,,,,
AP > NA,AP,NA,VN,VN S.,29,WAL,MSCU,25-970GA,MAERSK ANTARES,328N,339IN2322939,185322399,Confirmed,N,VNVUT,VNVUT,USTPA,USTPA,CYP/CYP,14-Jul,14-Jul,40RFx1,1,40RFx1,1,28-Jun,1,1.125,1.125,,,,,,,14-Jul,,28-Jun,Yes,,,Walmart,Vietnam,Direct,Yes,,,0,,,,,,
AP > NA,AP,NA,VN,VN S.,29,WAL,MAEU,90-0080,MAERSK ANTARES,328N,228748756,185323145,Confirmed,Y,VNSGN,VNVUT,USTPA,USTPA,CYP/CYP,14-Jul,11-Jul,40HCx1,1,40HCx1,1,04-Jul,2,1.125,1.125,,,,,,,11-Jul,04-Sep,27-Jun,Yes,ZIM CHARLESTON,016E,Walmart,Vietnam,Direct,Yes,,,-7,,,,,,
AP > NA,AP,NA,VN,VN S.,29,WAL,MAEU,90-0080,MAERSK ANTARES,328N,228748822,185323189,Confirmed,Y,VNSGN,VNVUT,USTPA,USTPA,CYP/CYP,14-Jul,11-Jul,40HCx1,1,40HCx1,1,04-Jul,2,1.125,1.125,,,,,,,11-Jul,04-Sep,27-Jun,Yes,ZIM CHARLESTON,016E,Walmart,Vietnam,Direct,Yes,,,-7,,,,,,
AP > NA,AP,NA,CN,CN S.,29,NEW,CMDU,89-0000,CMA CGM ANDROMEDA,0TXEZE1MA,GGZ1933661,185361941,Confirmed,N,CNNSA,CNNSA,USLAX,USLAX,CYP/CYP,14-Jul,14-Jul,40HCx3,3,40HCx3,3,28-Jun,1,3.375,3.375,,,,,,,14-Jul,30-Jul,28-Jun,Yes,,,Newell Brands Distribution,S.China,Direct,Yes,,,0,,,,,,
AP > NA,AP,NA,CN,CN S.,29,NEW,CMDU,89-0000,CMA CGM ANDROMEDA,0TXEZE1MA,GGZ1933660,185361948,Confirmed,N,CNNSA,CNNSA,USLAX,USLAX,CYP/CYP,14-Jul,14-Jul,40HCx1,1,40HCx1,1,28-Jun,1,1.125,1.125,,,,,,,14-Jul,30-Jul,28-Jun,Yes,,,Newell Brands Distribution,S.China,Direct,Yes,,,0,,,,,,
AP > NA,AP,NA,CN,CN S.,29,TRI,MAEU,90-0090,MAERSK CAIRO,327N,228819649,185441679,Confirmed,Y,CNYTN,CNYTN,USLAX,USLAX,CYP/CYP,14-Jul,11-Jul,20GPx1,1,20GPx1,1,30-Jun,3,0.5,0.5,,,,,,,14-Jul,31-Jul,29-Jun,Yes,,,Triumph,S.China,Direct,Yes,,,-1,,,,,,
AP > NA,AP,NA,CN,CN S.,29,TRI,MAEU,90-0090,MSC RIFAYA,329N,228819705,185441708,Confirmed,Y,CNYTN,CNYTN,USLGB,USLGB,CYP/CYP,14-Jul,18-Jul,40HCx1,1,40HCx1,1,15-Jul,4,1.125,1.125,,,,,,,18-Jul,10-Aug,29-Jun,Yes,,,Triumph,S.China,Direct,Yes,,,-16,,,,,,
AP > NA,AP,NA,CN,CN S.,29,TRI,MSCU,25-001WW,MAERSK CHARLESTON,327N,181AY0232712667P1,185453438,Canceled by carrier,N,CNYTN,CNYTN,USLAX,USLAX,CYP/CYP,14-Jul,,40HCx1,1,,,,,1.125,,,,,,,,,,,Yes,,,Triumph,S.China,Direct,No,,,0,,,,,,
AP > NA,AP,NA,CN,CN S.,29,TES,MSCU,25-001WW,MAERSK CHARLESTON,327N,181AY0232712656P1,185453439,Canceled by carrier,N,CNYTN,CNYTN,USLAX,USLAX,CYP/CYP,14-Jul,,40HCx1,1,,,,,1.125,,,,,,,,,,,Yes,,,Tesla,S.China,Direct,No,,,0,,,,,,
AP > NA,AP,NA,VN,VN S.,29,TGT,OOLU,PE2508,COSCO SHIPPING PEONY,024E,2141650100,185585590,Confirmed,Y,VNSGN,VNTOT,USLGB,USWZC,CYP/D,14-Jul,28-Jul,40HCx1,1,40HCx1,1,19-Jul,3,1.125,1.125,,,,,,,14-Jul,03-Aug,05-Jul,Yes,,,Target,Vietnam,Direct,Yes,,,-14,,,,,,
AP > NA,AP,NA,VN,VN S.,29,TGT,OOLU,PE2508,COSCO SHIPPING ALPS,030E,2141651720,185587801,Confirmed,N,VNSGN,VNTOT,USLGB,USWZC,CYP/D,14-Jul,14-Jul,40HCx2,2,40HCx2,2,05-Jul,1,2.25,2.25,,,,,,,14-Jul,03-Aug,05-Jul,Yes,,,Target,Vietnam,Direct,Yes,,,0,,,,,,
AP > NA,AP,NA,CN,CN S.,29,NEW,CMDU,89-0000,CMA CGM ANDROMEDA,0TXEZE1MA,GGZ1936686,185620439,Confirmed,N,CNNSA,CNNSA,USLAX,USKCK,CYP/CYP,14-Jul,14-Jul,40HCx3,3,40HCx3,3,05-Jul,1,3.375,3.375,,,,,,,14-Jul,30-Jul,05-Jul,Yes,,,Newell Brands Distribution,S.China,Direct,Yes,,,0,,,,,,
AP > NA,AP,NA,CN,CN S.,29,NIK,MSCU,25-970GA,MAERSK CHARLESTON,327N,TBD,185705993,Canceled by requestor,N,CNYTN,CNYTN,USLAX,USLAX,CYP/CYP,14-Jul,,40HCx1,1,,,,,1.125,,,,,,,,,,,No,,,Nike,S.China,Direct,No,,,0,,,,,,
AP > EU,AP,EU,VN,VN N.,29,HMH,MAEU,90-0080,MAERSK NACKA,328S,228754413,185331320,Confirmed,N,VNHPH,VNHPH,DEBRV,DEHBO,CYP/D,15-Jul,15-Jul,40RFx1,1,40RFx1,1,28-Jun,3,1.125,1.125,,,,,,,22-Jul,30-Aug,27-Jun,Yes,MATZ MAERSK,327W,H&M Home,Vietnam,Direct,Yes,,,-1,,,,,,
AP > NA,AP,NA,CN,CN E.,29,DEC,MSCU,25-001WW,MSC ISTANBUL,327N,177QSYSYS00975,185384483,Confirmed,N,CNSHA,CNSHA,USLGB,USLGB,CYP/CYP,15-Jul,15-Jul,40HCx3,3,40HCx3,3,30-Jun,1,3.375,3.375,,,,,,,15-Jul,,30-Jun,Yes,,,Decathlon,Shanghai,Bkg Agnt,Yes,,,0,,,,,,
AP > NA,AP,NA,CN,CN E.,29,COS,MSCU,25-001WW,MSC ISTANBUL,327N,177QSYSYS00987,185563343,Confirmed,N,CNSHA,CNSHA,USLGB,USLGB,CYP/CYP,15-Jul,15-Jul,40HCx2,2,40HCx2,2,03-Jul,2,2.25,2.25,,,,,,,15-Jul,,03-Jul,Yes,,,Costco,Shanghai,Bkg Agnt,Yes,,,0,,,,,,
AP > NA,AP,NA,VN,VN S.,29,CTI,HDMU,CA235001,YM TOTALITY,0015E,SGNM18412600,185568323,Confirmed,Y,VNSGN,VNVUT,CAVAN,CAVAN,CYP/CYP,15-Jul,28-Jul,20GPx3,3,20GPx3,3,11-Jul,2,1.5,1.5,,,,,,,17-Jul,10-Aug,03-Jul,Yes,,,Canadian Tire,Vietnam,Direct,Yes,,,-8,,,,,,
AP > NA,AP,NA,CN,CN E.,29,BBY,MSCU,25-970GA,MSC ISTANBUL,327N,177QSYSYS00989,185577644,Confirmed,N,CNSHA,CNSHA,USLGB,USLGB,CYP/CYP,15-Jul,15-Jul,20GPx1,1,20GPx1,1,04-Jul,1,0.5,0.5,,,,,,,15-Jul,,04-Jul,Yes,,,Best Buy,Shanghai,Bkg Agnt,Yes,,,0,,,,,,
AP > NA,AP,NA,VN,VN S.,29,TGT,OOLU,PE2508,COSCO SHIPPING ALPS,030E,2141680870,185647401,Confirmed,N,VNSGN,VNTOT,USLGB,USWZC,CYP/D,15-Jul,14-Jul,40GPx2,2,40GPx2,2,06-Jul,3,2,2,,,,,,,14-Jul,03-Aug,04-Jul,Yes,,,Target,Vietnam,Direct,Yes,,,-2,,,,,,
AP > NA,AP,NA,VN,VN S.,29,TGT,OOLU,PE2508,COSCO SHIPPING PEONY,024E,2141680890,185647540,Confirmed,Y,VNSGN,VNTOT,USLGB,USWZC,CYP/D,15-Jul,28-Jul,40HCx1,1,40HCx1,1,19-Jul,5,1.125,1.125,,,,,,,14-Jul,03-Aug,05-Jul,Yes,,,Target,Vietnam,Direct,Yes,,,-14,,,,,,
AP > NA,AP,NA,VN,VN N.,29,DEC,COSU,SSM25008,BEIJING,098E,6360608540,185748428,Confirmed,N,VNHPH,VNHPH,USLGB,USLAX,CYP/CYP,15-Jul,17-Jul,40HCx1,1,40HCx1,1,17-Jul,2,1.125,1.125,,,,,,,16-Jul,12-Aug,06-Jul,Yes,,,Decathlon,Vietnam,Direct,Yes,,,-11,,,,,,
AP > EU,AP,EU,IN,IN W.,29,HMH,MAEU,90-0080,MAERSK PELEPAS,329S,229048498,185789327,Confirmed,Y,INMUN,INMUN,DEHAM,DEHAM,CYP/CYP,15-Jul,22-Jul,40HCx1,1,40HCx1,1,07-Jul,2,1.125,1.125,,,,,,,22-Jul,24-Aug,06-Jul,Yes,MAERSK CANDOR,328W,H&M Home,India,Direct,Yes,,,-1,,,,,,
AP > NA,AP,NA,CN,CN E.,29,NEW,COSU,SSM25008,,,6359971310,185820750,Confirmed,N,CNXMN,CNXMN,USLAX,USCXL,CYP/CYP,15-Jul,15-Jul,40HCx1,1,40HCx1,1,07-Jul,2,1.125,1.125,,,,,,,15-Jul,01-Aug,07-Jul,Yes,,,Newell Brands Distribution,Xiamen,Bkg Agnt,Yes,,,0,,,,,,
AP > EU,AP,EU,IN,IN W.,29,HMH,MAEU,90-0080,MAERSK PELEPAS,329S,229080178,185839363,Canceled by carrier,N,INSON,INMUN,DEHAM,DEHAM,CYP/CYP,15-Jul,,40HCx1,1,,,,,1.125,,,,,,,,,,,Yes,MAERSK CANDOR,328W,H&M Home,India,Direct,No,,,0,,,,,,
AP > EU,AP,EU,IN,IN W.,29,HMH,MAEU,90-0080,MAERSK PELEPAS,329S,229200436,186025014,Confirmed,Y,INMOR,INMUN,DEHAM,DEHAM,CYP/CYP,15-Jul,22-Jul,20GPx1,1,20GPx1,1,18-Jul,4,0.5,0.5,,,,,,,17-Jul,17-Aug,12-Jul,Yes,MAERSK CANDOR,328W,H&M Home,India,Direct,Yes,,,-6,,,,,,
AP > EU,AP,EU,IN,IN W.,29,HMH,MAEU,90-0080,MAERSK PELEPAS,329S,229233808,186067396,Confirmed,Y,INMUN,INMUN,DEHAM,DEHAM,CYP/CYP,15-Jul,22-Jul,20GPx1,1,20GPx1,1,13-Jul,3,0.5,0.5,,,,,,,22-Jul,24-Aug,12-Jul,Yes,MAERSK CANDOR,328W,H&M Home,India,Direct,Yes,,,-1,,,,,,
AP > NA,AP,NA,VN,VN S.,29,TGT,OOLU,PE2506,COSCO SHIPPING ALPS,030E,2141486980,185212163,Canceled by carrier,N,VNSGN,VNTOT,USLGB,USLAX,CYP/CYP,16-Jul,,40RFx1,1,,,,,1.125,,,,,,,,,,,Yes,,,Target,Vietnam,Direct,No,,,0,,,,,,
AP > NA,AP,NA,VN,VN N.,29,HOD,COSU,SSM25008,BEIJING,098E,6359825610,185233179,Confirmed,N,VNHPH,VNHPH,USLGB,USLAX,CYP/CYP,16-Jul,17-Jul,40HCx1,1,40HCx1,1,17-Jul,2,1.125,1.125,,,,,,,16-Jul,12-Aug,26-Jun,Yes,,,Home Depot,Vietnam,Direct,Yes,,,-21,,,,,,
AP > NA,AP,NA,CN,CN E.,29,LEN,CMDU,89-0000,,,FOC0268331,185247872,Confirmed,N,CNFOC,CNFOC,USLAX,USLAX,CYP/CYP,16-Jul,16-Jul,40HCx1,1,40HCx1,1,27-Jun,1,1.125,1.125,,,,,,,16-Jul,13-Aug,27-Jun,Yes,,,Lenovo,Xiamen,Bkg Agnt,Yes,,,0,,,,,,
AP > NA,AP,NA,CN,CN S.,29,NEW,CMDU,89-0000,CMA CGM ANDROMEDA,0TXEZE1MA,SHZ5611311,185366113,Confirmed,N,CNYTN,CNYTN,USLAX,USLAX,CYP/CYP,16-Jul,16-Jul,40HCx1,1,40HCx1,1,28-Jun,1,1.125,1.125,,,,,,,16-Jul,30-Jul,28-Jun,Yes,,,Newell Brands Distribution,S.China,Direct,Yes,,,0,,,,,,
AP > NA,AP,NA,CN,CN S.,29,NEW,CMDU,89-0000,CMA CGM ANDROMEDA,0TXEZE1MA,SHZ5611994,185378771,Confirmed,N,CNYTN,CNYTN,USLAX,USKTO,CYP/D,16-Jul,16-Jul,40HCx1,1,40HCx1,1,29-Jun,1,1.125,1.125,,,,,,,16-Jul,30-Jul,29-Jun,Yes,,,Newell Brands Distribution,S.China,Direct,Yes,,,0,,,,,,
AP > NA,AP,NA,CN,CN S.,29,WAL,CMDU,89-0000,OOCL SOUTHAMPTON,120E,SHZ5611935,185389276,Confirmed,Y,CNYTN,CNYTN,USTPA,USTPA,CYP/CYP,16-Jul,23-Jul,40HCx1,1,40HCx1,1,28-Jun,1,1.125,1.125,,,,,,,23-Jul,24-Aug,28-Jun,Yes,,,Walmart,S.China,Direct,Yes,,,0,,,,,,
AP > NA,AP,NA,CN,CN S.,29,WAL,CMDU,89-0000,OOCL SOUTHAMPTON,120E,SHZ5613006,185389307,Confirmed,Y,CNYTN,CNYTN,USTPA,USTPA,CYP/CYP,16-Jul,23-Jul,40HCx1,1,40HCx1,1,28-Jun,1,1.125,1.125,,,,,,,23-Jul,24-Aug,28-Jun,Yes,,,Walmart,S.China,Direct,Yes,,,0,,,,,,
AP > NA,AP,NA,CN,CN S.,29,WAL,CMDU,89-0000,OOCL SOUTHAMPTON,120E,SHZ5613007,185389311,Confirmed,Y,CNYTN,CNYTN,USTPA,USTPA,CYP/CYP,16-Jul,23-Jul,40HCx1,1,40HCx1,1,28-Jun,1,1.125,1.125,,,,,,,23-Jul,24-Aug,28-Jun,Yes,,,Walmart,S.China,Direct,Yes,,,0,,,,,,
AP > NA,AP,NA,CN,CN S.,29,WAL,CMDU,89-0000,OOCL SOUTHAMPTON,120E,SHZ5613008,185389313,Confirmed,Y,CNYTN,CNYTN,USTPA,USTPA,CYP/CYP,16-Jul,23-Jul,40HCx1,1,40HCx1,1,28-Jun,1,1.125,1.125,,,,,,,23-Jul,24-Aug,28-Jun,Yes,,,Walmart,S.China,Direct,Yes,,,0,,,,,,
AP > NA,AP,NA,CN,CN S.,29,WAL,CMDU,89-0000,OOCL SOUTHAMPTON,120E,SHZ5613011,185389317,Confirmed,Y,CNYTN,CNYTN,USTPA,USTPA,CYP/CYP,16-Jul,23-Jul,40HCx1,1,40HCx1,1,28-Jun,1,1.125,1.125,,,,,,,23-Jul,24-Aug,28-Jun,Yes,,,Walmart,S.China,Direct,Yes,,,0,,,,,,
AP > NA,AP,NA,CN,CN S.,29,NEW,MSCU,25-970GA,MSC LA SPEZIA,328N,181AY0232711643D1,185394138,Confirmed,N,CNYTN,CNYTN,USLGB,USJAA,CYP/D,16-Jul,16-Jul,"20GPx2, 40GPx1",3,"20GPx2, 40GPx1",3,10-Jul,3,2,2,,,,,,,16-Jul,,29-Jun,Yes,,,Newell Brands Distribution,S.China,Direct,Yes,,,-11,,,,,,
AP > NA,AP,NA,CN,CN E.,29,HOD,EGLV,SC50089,EVER LUCENT,1073-059E,EGLV142351357095,185428116,Confirmed,N,CNSHA,CNSHA,USLAX,USLAX,CYP/CYP,16-Jul,16-Jul,40HCx2,2,40HCx2,2,05-Jul,1,2.25,2.25,,,,,,,16-Jul,,05-Jul,Yes,,,Home Depot,Shanghai,Bkg Agnt,Yes,,,0,,,,,,
AP > NA,AP,NA,CN,CN E.,29,COS,EGLV,SC50089,EVER LUCENT,1073-059E,EGLV142351357150,185428370,Confirmed,N,CNSHA,CNSHA,USLAX,USLAX,CYP/CYP,16-Jul,16-Jul,40HCx2,2,40HCx2,2,29-Jun,1,2.25,2.25,,,,,,,16-Jul,,29-Jun,Yes,,,Costco,Shanghai,Bkg Agnt,Yes,,,0,,,,,,
AP > NA,AP,NA,CN,CN E.,29,TES,EGLV,SC50089,EVER LUCENT,1073-059E,EGLV142351357168,185428480,Confirmed,N,CNSHA,CNSHA,USLAX,USLAX,CYP/CYP,16-Jul,16-Jul,40HCx2,2,40HCx2,2,29-Jun,1,2.25,2.25,,,,,,,16-Jul,,29-Jun,Yes,,,Tesla,Shanghai,Bkg Agnt,Yes,,,0,,,,,,
AP > NA,AP,NA,CN,CN E.,29,DEC,EGLV,SC50089,EVER LUCENT,1073-059E,EGLV142351357176,185428532,Confirmed,N,CNSHA,CNSHA,USLAX,USLAX,CYP/CYP,16-Jul,16-Jul,40HCx2,2,40HCx2,2,29-Jun,1,2.25,2.25,,,,,,,16-Jul,,29-Jun,Yes,,,Decathlon,Shanghai,Bkg Agnt,Yes,,,0,,,,,,
AP > NA,AP,NA,CN,CN E.,29,TRI,EGLV,SC50089,EVER LUCENT,1073-059E,EGLV142351357184,185428653,Confirmed,N,CNSHA,CNSHA,USLAX,USLAX,CYP/CYP,16-Jul,16-Jul,40HCx2,2,40HCx2,2,29-Jun,1,2.25,2.25,,,,,,,16-Jul,,29-Jun,Yes,,,Triumph,Shanghai,Bkg Agnt,Yes,,,0,,,,,,
AP > NA,AP,NA,CN,CN E.,29,HOD,CMDU,89-0000,,,FOC0268649,185479542,Confirmed,N,CNFOC,CNFOC,USLAX,USLAX,CYP/CYP,16-Jul,16-Jul,40HCx1,1,40HCx1,1,03-Jul,1,1.125,1.125,,,,,,,16-Jul,13-Aug,03-Jul,Yes,,,Home Depot,Xiamen,Bkg Agnt,Yes,,,0,,,,,,
AP > NA,AP,NA,CN,CN S.,29,NEW,MSCU,25-970GA,MSC LA SPEZIA,328N,181AY0232712989D1,185488328,Canceled by requestor,N,CNYTN,CNYTN,USLGB,USKCK,CYP/D,16-Jul,,20GPx1,1,,,,,0.5,,,,,,,,,,,No,,,Newell Brands Distribution,S.China,Direct,No,,,0,,,,,,
AP > NA,AP,NA,CN,CN E.,29,TRI,COSU,SSM25008,COSCO BELGIUM,064E,TSL202307030118,185560053,Confirmed,N,CNNGB,CNNGB,USLGB,USLGB,CYP/CYP,16-Jul,16-Jul,45HCx1,1,45HCx1,1,03-Jul,1,1.265,1.265,,,,,,,16-Jul,,03-Jul,Yes,,,Triumph,Ningbo,Bkg Agnt,Yes,,,0,,,,,,
AP > NA,AP,NA,CN,CN E.,29,TRI,COSU,SSM25008,COSCO BELGIUM,064E,TSL202307030119,185560060,Confirmed,N,CNNGB,CNNGB,USLGB,USLGB,CYP/CYP,16-Jul,16-Jul,45HCx2,2,45HCx2,2,03-Jul,1,2.53,2.53,,,,,,,16-Jul,,03-Jul,Yes,,,Triumph,Ningbo,Bkg Agnt,Yes,,,0,,,,,,
AP > NA,AP,NA,CN,CN S.,29,NEW,CMDU,89-0000,EVER SHINE,0431-136E,SHZ5619313,185571654,Canceled by carrier,N,CNYTN,CNYTN,CAVAN,CAVAN,CYP/D,16-Jul,,40GPx1,1,,,,,1,,,,,,,,,,,Yes,,,Newell Brands Distribution,S.China,Direct,No,,,0,,,,,,
AP > NA,AP,NA,CN,CN E.,29,TRI,COSU,SSM25008,CSCL YELLOW SEA,051E,TBD,185595482,Canceled by carrier,N,CNXMN,CNXMN,USLAX,USLAX,CYP/CYP,16-Jul,,40HCx1,1,,,,,1.125,,,,,,,,,,,No,,,Triumph,Xiamen,Bkg Agnt,No,,,0,,,,,,
AP > NA,AP,NA,CN,CN S.,29,NEW,CMDU,89-0000,CMA CGM ANDROMEDA,0TXEZE1MA,SHZ5622744,185643646,Confirmed,N,CNYTN,CNYTN,USLAX,USKCK,CYP/CYP,16-Jul,16-Jul,40HCx2,2,40HCx2,2,05-Jul,1,2.25,2.25,,,,,,,16-Jul,30-Jul,05-Jul,Yes,,,Newell Brands Distribution,S.China,Direct,Yes,,,0,,,,,,
AP > NA,AP,NA,VN,VN S.,29,TGT,OOLU,PE2508,COSCO SHIPPING PEONY,024E,2141678970,185643722,Confirmed,Y,VNSGN,VNTOT,USLGB,USWZC,CYP/D,16-Jul,28-Jul,40HCx1,1,40HCx1,1,07-Jul,2,1.125,1.125,,,,,,,21-Jul,10-Aug,04-Jul,Yes,,,Target,Vietnam,Direct,Yes,,,-3,,,,,,
AP > NA,AP,NA,VN,VN S.,29,TGT,OOLU,PE2508,COSCO ITALY,061E,2141678990,185643734,Confirmed,Y,VNSGN,VNTOT,USLGB,USWZC,CYP/D,16-Jul,21-Jul,40GPx2,2,40GPx2,2,11-Jul,2,2,2,,,,,,,21-Jul,10-Aug,04-Jul,Yes,,,Target,Vietnam,Direct,Yes,,,-7,,,,,,
AP > NA,AP,NA,CN,CN S.,29,NEW,MSCU,25-970GA,MSC LA SPEZIA,328N,181AY0232716475D1,185644679,Canceled by carrier,N,CNYTN,CNYTN,USLGB,USKCK,CYP/D,16-Jul,,40HCx1,1,,,,,1.125,,,,,,,,,,,Yes,,,Newell Brands Distribution,S.China,Direct,No,,,0,,,,,,
AP > NA,AP,NA,CN,CN S.,29,NEW,CMDU,89-0000,CMA CGM PRIDE,1TU20E1MA,SHZ5622759,185648803,Confirmed,Y,CNYTN,CNYTN,USLAX,USKCK,CYP/CYP,16-Jul,27-Jul,40GPx1,1,40GPx1,1,12-Jul,2,1,1,,,,,,,20-Jul,04-Aug,06-Jul,Yes,,,Newell Brands Distribution,S.China,Direct,Yes,,,-6,,,,,,
AP > NA,AP,NA,CN,CN E.,29,NEW,MSCU,25-970GA,MSC LA SPEZIA,328N,177QSYSYS00990,185687086,Canceled by carrier,N,CNSHA,CNSHA,USLGB,USKTO,CYP/D,16-Jul,,40GPx1,1,,,,,1,,,,,,,,,,,Yes,,,Newell Brands Distribution,Shanghai,Bkg Agnt,Yes,,,0,,,,,,
AP > EU,AP,EU,CN,CN E.,29,HMH,MAEU,90-0080,MATZ MAERSK,327W,228689809,185231622,Canceled by carrier,N,CNNGB,CNNGB,DEBRV,DEHBO,CYP/D,17-Jul,,40RFx1,1,,,,,1.125,,,,,,,,,,,Yes,,,H&M Home,Ningbo,Direct,No,,,0,,,,,,
AP > EU,AP,EU,CN,CN E.,29,HMH,MAEU,90-0080,MUNICH MAERSK,329W,228689811,185231646,Confirmed,Y,CNNGB,CNNGB,DEBRV,DEHBO,CYP/D,17-Jul,31-Jul,40HCx1,1,40HCx1,1,11-Jul,2,1.125,1.125,,,,,,,17-Jul,23-Aug,26-Jun,Yes,,,H&M Home,Ningbo,Direct,Yes,,,-15,,,,,,
AP > NA,AP,NA,CN,CN N.,29,TRI,COSU,SSM25008,COSCO AFRICA,080E,8039768670,185394414,Confirmed,N,CNTAO,CNTAO,USLGB,USLGB,CYP/CYP,17-Jul,17-Jul,"40HCx2, 45HCx1",3,"40HCx2, 45HCx1",3,29-Jun,2,3.515,3.515,,,,,,,17-Jul,,29-Jun,Yes,,,Triumph,Qingdao,Bkg Agnt,Yes,,,0,,,,,,
AP > NA,AP,NA,CN,CN N.,29,TRI,COSU,SSM25008,COSCO AFRICA,080E,8039768720,185394538,Confirmed,N,CNTAO,CNTAO,USLGB,USLGB,CYP/CYP,17-Jul,17-Jul,40HCx1,1,40HCx1,1,29-Jun,2,1.125,1.125,,,,,,,17-Jul,,29-Jun,Yes,,,Triumph,Qingdao,Bkg Agnt,Yes,,,0,,,,,,
AP > EU,AP,EU,VN,VN S.,29,HMH,MAEU,90-0080,MAERSK JAIPUR,330S,228880877,185554687,Canceled by carrier,N,VNSGN,VNSGN,DEBRV,DEHBO,CYP/D,17-Jul,,40HCx1,1,,,,,1.125,,,,,,,,,,,Yes,MATZ MAERSK,327W,H&M Home,Vietnam,Direct,No,,,0,,,,,,
AP > EU,AP,EU,VN,VN S.,29,HMH,MAEU,90-0080,MAERSK JAIPUR,330S,228880882,185554705,Confirmed,Y,VNSGN,VNSGN,DEBRV,DEHBO,CYP/D,17-Jul,24-Jul,40HCx1,1,40HCx1,1,07-Jul,2,1.125,1.125,,,,,,,17-Jul,16-Aug,03-Jul,Yes,MATZ MAERSK,327W,H&M Home,Vietnam,Direct,Yes,,,-4,,,,,,
AP > NA,AP,NA,CN,CN S.,29,BBY,EGLV,SC50089,EVER FASHION,1306-009E,149303753218,185565023,Confirmed,N,CNYTN,CNYTN,USLAX,USLAX,CYP/CYP,17-Jul,18-Jul,40HCx3,3,40HCx3,3,06-Jul,2,3.375,3.375,,,,,,,19-Jul,31-Jul,03-Jul,Yes,,,Best Buy,S.China,Direct,Yes,,,-3,,,,,,
AP > NA,AP,NA,CN,CN S.,29,NIK,OOLU,PE2508,COSCO SHIPPING ALPS,030E,2141646910,185578440,Confirmed,N,CNNSA,CNNSA,USLGB,USLGB,CYP/CYP,17-Jul,17-Jul,40HCx3,3,40HCx3,3,04-Jul,1,3.375,3.375,,,,,,,17-Jul,03-Aug,04-Jul,Yes,,,Nike,S.China,Direct,Yes,,,0,,,,,,
AP > NA,AP,NA,CN,CN S.,29,NIK,OOLU,PE2508,COSCO SHIPPING ALPS,030E,2141646970,185578479,Confirmed,N,CNNSA,CNNSA,USLGB,USLGB,CYP/CYP,17-Jul,17-Jul,40HCx2,2,40HCx2,2,04-Jul,1,2.25,2.25,,,,,,,17-Jul,03-Aug,04-Jul,Yes,,,Nike,S.China,Direct,Yes,,,0,,,,,,
AP > NA,AP,NA,CN,CN S.,29,BBY,OOLU,PE2508,COSCO SHIPPING ALPS,030E,2141647260,185578760,Confirmed,N,CNNSA,CNNSA,USLGB,USLGB,CYP/CYP,17-Jul,17-Jul,40HCx2,2,40HCx2,2,04-Jul,1,2.25,2.25,,,,,,,17-Jul,03-Aug,04-Jul,Yes,,,Best Buy,S.China,Direct,Yes,,,0,,,,,,
AP > NA,AP,NA,CN,CN S.,29,BBY,OOLU,PE2508,COSCO SHIPPING ALPS,030E,2141647280,185578911,Confirmed,N,CNNSA,CNNSA,USLGB,USLGB,CYP/CYP,17-Jul,17-Jul,40HCx3,3,40HCx3,3,04-Jul,1,3.375,3.375,,,,,,,17-Jul,03-Aug,04-Jul,Yes,,,Best Buy,S.China,Direct,Yes,,,0,,,,,,
AP > NA,AP,NA,CN,CN S.,29,NIK,OOLU,PE2506,COSCO SHIPPING ALPS,030E,2141696040,185686707,Canceled by carrier,N,CNNSA,CNNSA,USLGB,USLGB,CYP/CYP,17-Jul,,40HCx5,5,,,,,5.625,,,,,,,,,,,No,,,Nike,S.China,Direct,No,,,0,,,,,,
AP > EU,AP,EU,CN,CN N.,29,HMH,MAEU,90-0080,MAREN MAERSK,328W,292116838,185707529,Confirmed,N,CNTSN,CNTSN,DEBRV,DEHBO,CYP/D,17-Jul,17-Jul,40HCx1,1,40HCx1,1,06-Jul,1,1.125,1.125,,,,,,,17-Jul,30-Aug,06-Jul,Yes,,,H&M Home,Tianjin,Bkg Agnt,Yes,,,0,,,,,,
AP > EU,AP,EU,CN,CN N.,29,HMH,MAEU,90-0080,MAREN MAERSK,328W,292116839,185707556,Confirmed,N,CNTSN,CNTSN,DEBRV,DEHBO,CYP/D,17-Jul,17-Jul,40HCx1,1,40HCx1,1,06-Jul,1,1.125,1.125,,,,,,,17-Jul,30-Aug,06-Jul,Yes,,,H&M Home,Tianjin,Bkg Agnt,Yes,,,0,,,,,,
AP > EU,AP,EU,CN,CN N.,29,HMH,MAEU,90-0080,MAREN MAERSK,328W,292116840,185707566,Confirmed,N,CNTSN,CNTSN,DEBRV,DEHBO,CYP/D,17-Jul,17-Jul,40HCx1,1,40HCx1,1,06-Jul,1,1.125,1.125,,,,,,,17-Jul,30-Aug,06-Jul,Yes,,,H&M Home,Tianjin,Bkg Agnt,Yes,,,0,,,,,,
AP > EU,AP,EU,CN,CN N.,29,HMH,MAEU,90-0080,MAREN MAERSK,328W,292116930,185707575,Confirmed,N,CNTSN,CNTSN,DEBRV,DEHBO,CYP/D,17-Jul,19-Jul,40HCx1,1,40HCx1,1,06-Jul,1,1.125,1.125,,,,,,,19-Jul,04-Sep,06-Jul,Yes,,,H&M Home,Tianjin,Bkg Agnt,Yes,,,0,,,,,,
AP > NA,AP,NA,CN,CN N.,29,COS,COSU,SSM25008,COSCO AFRICA,080E,8039964210,185744885,Confirmed,N,CNTAO,CNTAO,USLGB,USLGB,CYP/CYP,17-Jul,17-Jul,40HCx1,1,40HCx1,1,06-Jul,1,1.125,1.125,,,,,,,17-Jul,,06-Jul,Yes,,,Costco,Qingdao,Bkg Agnt,Yes,,,0,,,,,,
AP > NA,AP,NA,CN,CN E.,29,COS,MSCU,25-970GA,,,1811X023PE05972P1,185755061,Confirmed,N,CNXMN,CNXMN,USLGB,USLGB,CYP/CYP,17-Jul,17-Jul,40HCx1,1,40HCx1,1,06-Jul,1,1.125,1.125,,,,,,,17-Jul,,06-Jul,Yes,,,Costco,Xiamen,Bkg Agnt,Yes,,,0,,,,,,
AP > NA,AP,NA,CN,CN N.,29,COS,COSU,SSM25008,COSCO AFRICA,080E,8039976040,185758893,Confirmed,N,CNTAO,CNTAO,USLGB,USLGB,CYP/CYP,17-Jul,17-Jul,40HCx3,3,40HCx3,3,06-Jul,1,3.375,3.375,,,,,,,17-Jul,,06-Jul,Yes,,,Costco,Qingdao,Bkg Agnt,No,,,0,,,,,,
AP > NA,AP,NA,CN,CN E.,29,HOD,MSCU,25-970GA,,,1811X023PE05989P1,185761164,Confirmed,Y,CNXMN,CNXMN,USLAX,USLAX,CYP/CYP,17-Jul,24-Jul,20GPx1,1,20GPx1,1,10-Jul,1,0.5,0.5,,,,,,,24-Jul,,10-Jul,Yes,,,Home Depot,Xiamen,Bkg Agnt,Yes,,,0,,,,,,
AP > NA,AP,NA,CN,CN E.,29,HOD,MSCU,25-970GA,,,1811X023PE06138P1,185761215,Confirmed,Y,CNXMN,CNXMN,USLAX,USLAX,CYP/CYP,17-Jul,24-Jul,20GPx1,1,20GPx1,1,11-Jul,2,0.5,0.5,,,,,,,17-Jul,,10-Jul,Yes,,,Home Depot,Xiamen,Bkg Agnt,Yes,,,-1,,,,,,
AP > EU,AP,EU,CN,CN E.,29,HMH,MAEU,90-0080,,,228330846,185812308,Confirmed,N,CNFOC,CNFOC,DEBRV,DEHBO,CYP/D,17-Jul,17-Jul,20GPx1,1,20GPx1,1,07-Jul,1,0.5,0.5,,,,,,,17-Jul,23-Aug,07-Jul,Yes,,,H&M Home,Xiamen,Bkg Agnt,Yes,,,0,,,,,,
AP > EU,AP,EU,VN,VN S.,29,HMH,MAEU,90-0080,MAERSK JAIPUR,333S,229092056,185858159,Confirmed,Y,VNSGN,VNSGN,DEHAM,DEHAM,CYP/CYP,17-Jul,14-Aug,40HCx1,1,40HCx1,1,24-Jul,3,1.125,1.125,,,,,,,17-Jul,17-Aug,09-Jul,Yes,MAERSK CAMDEN,331W,H&M Home,Vietnam,Direct,Yes,,,-15,,,,,,
AP > NA,AP,NA,CN,CN E.,29,COS,MAEU,90-0090,MAERSK CHARLESTON,327N,291934209,185880204,Confirmed,N,CNXMN,CNXMN,USLAX,USLAX,CYP/CYP,17-Jul,17-Jul,40GPx1,1,40GPx1,1,10-Jul,2,1,1,,,,,,,17-Jul,31-Jul,10-Jul,Yes,,,Costco,Xiamen,Bkg Agnt,Yes,,,0,,,,,,
AP > EU,AP,EU,VN,VN C.,29,HMH,MAEU,90-0080,MAERSK NACKA,328S,228754834,185332015,Confirmed,N,VNUIH,VNUIH,DEBRV,DEHBO,CYP/D,18-Jul,18-Jul,40HCx1,1,40HCx1,1,28-Jun,1,1.125,1.125,,,,,,,18-Jul,23-Aug,28-Jun,Yes,MATZ MAERSK,327W,H&M Home,Vietnam,Direct,Yes,,,0,,,,,,
AP > NA,AP,NA,CN,CN S.,29,NEW,CMDU,89-0000,CMA CGM ANDROMEDA,0TXEZE1MA,ZSN0576660,185376462,Confirmed,Y,CNYTN,CNYTN,USLAX,USLAX,CYP/CYP,18-Jul,14-Jul,40HCx1,1,40HCx1,1,28-Jun,2,1.125,1.125,,,,,,,21-Jul,06-Aug,28-Jun,Yes,,,Newell Brands Distribution,S.China,Direct,Yes,,,0,,,,,,
AP > NA,AP,NA,CN,CN E.,29,NEW,CMDU,89-0000,COSCO BELGIUM,064E,CHN0398247,185384217,Confirmed,N,CNSHA,CNSHA,USLGB,USLGB,CYP/CYP,18-Jul,18-Jul,40HCx5,5,40HCx5,5,28-Jun,1,5.625,5.625,,,,,,,18-Jul,,28-Jun,Yes,,,Newell Brands Distribution,Shanghai,Bkg Agnt,Yes,,,0,,,,,,
AP > NA,AP,NA,CN,CN E.,29,NEW,CMDU,89-0000,COSCO BELGIUM,064E,TBD,185387587,Canceled by carrier,N,CNSHA,CNSHA,USLGB,USLGB,CYP/CYP,18-Jul,,40HCx5,5,,,,,5.625,,,,,,,,,,,No,,,Newell Brands Distribution,Shanghai,Bkg Agnt,Yes,,,0,,,,,,
AP > NA,AP,NA,CN,CN E.,29,DEC,HDMU,CA235001,CONTI CONQUEST,0022E,HDMUSHAZ40248200,185390104,Confirmed,N,CNSHA,CNSHA,USLAX,USLAX,CYP/CYP,18-Jul,18-Jul,x2,2,45HCx2,2,29-Jun,1,2.53,2.53,,,,,,,18-Jul,,29-Jun,Yes,,,Decathlon,Shanghai,Bkg Agnt,No,,,0,,,,,,
AP > NA,AP,NA,CN,CN E.,29,TRI,HDMU,CA235001,CONTI CONQUEST,0022E,HDMUSHAZ40297700,185390175,Confirmed,N,CNSHA,CNSHA,USLAX,USLAX,CYP/CYP,18-Jul,18-Jul,x1,1,45HCx1,1,29-Jun,1,1.265,1.265,,,,,,,18-Jul,,29-Jun,Yes,,,Triumph,Shanghai,Bkg Agnt,Yes,,,0,,,,,,
AP > NA,AP,NA,CN,CN E.,29,TRI,HDMU,CA235001,CONTI CONQUEST,0022E,HDMUSHAZ40353000,185390219,Confirmed,N,CNSHA,CNSHA,USLAX,USLAX,CYP/CYP,18-Jul,18-Jul,x1,1,45HCx1,1,29-Jun,1,1.265,1.265,,,,,,,18-Jul,,29-Jun,Yes,,,Triumph,Shanghai,Bkg Agnt,No,,,0,,,,,,
AP > NA,AP,NA,CN,CN E.,29,DEC,HDMU,CA235001,CONTI CONQUEST,0022E,HDMUSHAZ40399100,185390727,Confirmed,N,CNSHA,CNSHA,USLAX,USLAX,CYP/CYP,18-Jul,18-Jul,x2,2,45HCx2,2,29-Jun,1,2.53,2.53,,,,,,,18-Jul,,29-Jun,Yes,,,Decathlon,Shanghai,Bkg Agnt,No,,,0,,,,,,
AP > NA,AP,NA,CN,CN E.,29,TES,HDMU,CA235001,CONTI CONQUEST,0022E,HDMUSHAZ40406500,185391138,Confirmed,N,CNSHA,CNSHA,USLAX,USLAX,CYP/CYP,18-Jul,18-Jul,x3,3,45HCx3,3,29-Jun,1,3.795,3.795,,,,,,,18-Jul,,29-Jun,Yes,,,Tesla,Shanghai,Bkg Agnt,No,,,0,,,,,,
AP > NA,AP,NA,CN,CN E.,29,NEW,CMDU,89-0000,COSCO BELGIUM,064E,CHN0400352,185391197,Confirmed,N,CNSHA,CNSHA,USLGB,USLGB,CYP/CYP,18-Jul,18-Jul,40HCx5,5,40HCx5,5,30-Jun,1,5.625,5.625,,,,,,,18-Jul,,30-Jun,Yes,,,Newell Brands Distribution,Shanghai,Bkg Agnt,Yes,,,0,,,,,,
AP > NA,AP,NA,CN,CN E.,29,TES,HDMU,CA235001,CONTI CONQUEST,0022E,HDMUSHAZ40429100,185391215,Confirmed,N,CNSHA,CNSHA,USLAX,USLAX,CYP/CYP,18-Jul,18-Jul,x1,1,45HCx1,1,29-Jun,1,1.265,1.265,,,,,,,18-Jul,,29-Jun,Yes,,,Tesla,Shanghai,Bkg Agnt,No,,,0,,,,,,
AP > NA,AP,NA,CN,CN E.,29,WAL,HDMU,CA235001,CONTI CONQUEST,0022E,HDMUSHAZ40431300,185391419,Confirmed,N,CNSHA,CNSHA,USLAX,USLAX,CYP/CYP,18-Jul,18-Jul,x1,1,45HCx1,1,29-Jun,1,1.265,1.265,,,,,,,18-Jul,,29-Jun,Yes,,,Walmart,Shanghai,Bkg Agnt,No,,,0,,,,,,
AP > NA,AP,NA,CN,CN E.,29,WAL,HDMU,CA235001,CONTI CONQUEST,0022E,HDMUSHAZ40511600,185391458,Confirmed,N,CNSHA,CNSHA,USLAX,USLAX,CYP/CYP,18-Jul,18-Jul,x3,3,45HCx3,3,29-Jun,1,3.795,3.795,,,,,,,18-Jul,,29-Jun,Yes,,,Walmart,Shanghai,Bkg Agnt,No,,,0,,,,,,
AP > NA,AP,NA,CN,CN E.,29,COS,HDMU,CA235001,CONTI CONQUEST,0022E,HDMUSHAZ40542100,185391507,Confirmed,N,CNSHA,CNSHA,USLAX,USLAX,CYP/CYP,18-Jul,18-Jul,x1,1,45HCx1,1,29-Jun,1,1.265,1.265,,,,,,,18-Jul,,29-Jun,Yes,,,Costco,Shanghai,Bkg Agnt,No,,,0,,,,,,
AP > NA,AP,NA,CN,CN E.,29,NEW,CMDU,89-0000,COSCO BELGIUM,064E,CHN0397730,185391964,Confirmed,N,CNSHA,CNSHA,USLGB,USLGB,CYP/CYP,18-Jul,18-Jul,40HCx5,5,40HCx5,5,28-Jun,1,5.625,5.625,,,,,,,18-Jul,,28-Jun,Yes,,,Newell Brands Distribution,Shanghai,Bkg Agnt,Yes,,,0,,,,,,
AP > NA,AP,NA,CN,CN E.,29,BBY,EGLV,SC50089,EVER LUCENT,1073-059E,EGLV143370386885,185398897,Confirmed,N,CNNGB,CNNGB,USLAX,USLAX,CYP/CYP,18-Jul,18-Jul,40HCx3,3,40HCx3,3,03-Jul,1,3.375,3.375,,,,,,,18-Jul,18-Jul,03-Jul,Yes,,,Best Buy,Ningbo,Bkg Agnt,Yes,,,0,,,,,,
AP > NA,AP,NA,CN,CN E.,29,BBY,EGLV,SC50089,EVER LUCENT,1073-059E,EGLV143370386991,185398959,Confirmed,N,CNNGB,CNNGB,USLAX,USLAX,CYP/CYP,18-Jul,18-Jul,40HCx1,1,40HCx1,1,04-Jul,1,1.125,1.125,,,,,,,18-Jul,18-Jul,04-Jul,Yes,,,Best Buy,Ningbo,Bkg Agnt,Yes,,,0,,,,,,
AP > NA,AP,NA,CN,CN E.,29,TRI,CMDU,89-0000,COSCO BELGIUM,064E,CHN0398325,185401691,Confirmed,N,CNSHA,CNSHA,USLGB,USLGB,CYP/CYP,18-Jul,18-Jul,"40GPx1, 40HCx2",3,"40GPx1, 40HCx2",3,29-Jun,1,3.25,3.25,,,,,,,18-Jul,,29-Jun,Yes,,,Triumph,Shanghai,Bkg Agnt,Yes,,,0,,,,,,
AP > NA,AP,NA,CN,CN E.,29,TRI,CMDU,89-0000,COSCO BELGIUM,064E,CHN0398351,185401818,Confirmed,N,CNSHA,CNSHA,USLGB,USLGB,CYP/CYP,18-Jul,18-Jul,40HCx2,2,40HCx2,2,29-Jun,1,2.25,2.25,,,,,,,18-Jul,,29-Jun,Yes,,,Triumph,Shanghai,Bkg Agnt,Yes,,,0,,,,,,
AP > NA,AP,NA,CN,CN E.,29,COS,CMDU,89-0000,COSCO BELGIUM,064E,CHN0398331,185401879,Confirmed,N,CNSHA,CNSHA,USLGB,USLGB,CYP/CYP,18-Jul,18-Jul,40HCx2,2,40HCx2,2,29-Jun,1,2.25,2.25,,,,,,,18-Jul,,29-Jun,Yes,,,Costco,Shanghai,Bkg Agnt,Yes,,,0,,,,,,
AP > NA,AP,NA,CN,CN E.,29,COS,CMDU,89-0000,COSCO BELGIUM,064E,CHN0398339,185401951,Confirmed,N,CNSHA,CNSHA,USLGB,USLGB,CYP/CYP,18-Jul,18-Jul,40HCx3,3,40HCx3,3,29-Jun,1,3.375,3.375,,,,,,,18-Jul,,29-Jun,Yes,,,Costco,Shanghai,Bkg Agnt,Yes,,,0,,,,,,
AP > NA,AP,NA,CN,CN E.,29,DEC,CMDU,89-0000,COSCO BELGIUM,064E,CHN0398357,185402371,Confirmed,N,CNSHA,CNSHA,USLGB,USLGB,CYP/CYP,18-Jul,18-Jul,40HCx1,1,40HCx1,1,29-Jun,1,1.125,1.125,,,,,,,18-Jul,,29-Jun,Yes,,,Decathlon,Shanghai,Bkg Agnt,Yes,,,0,,,,,,
AP > NA,AP,NA,CN,CN E.,29,COS,CMDU,89-0000,COSCO BELGIUM,064E,CHN0398356,185402902,Confirmed,N,CNSHA,CNSHA,USLGB,USLGB,CYP/CYP,18-Jul,18-Jul,40HCx3,3,40HCx3,3,29-Jun,1,3.375,3.375,,,,,,,18-Jul,,29-Jun,Yes,,,Costco,Shanghai,Bkg Agnt,Yes,,,0,,,,,,
AP > NA,AP,NA,CN,CN E.,29,DEC,EGLV,SC50089,EVER LUCENT,1073-059E,EGLV143370386982,185560922,Confirmed,N,CNNGB,CNNGB,USLAX,USLAX,CYP/CYP,18-Jul,18-Jul,40HCx5,5,40HCx5,5,04-Jul,1,5.625,5.625,,,,,,,18-Jul,,04-Jul,Yes,,,Decathlon,Ningbo,Bkg Agnt,Yes,,,0,,,,,,
AP > NA,AP,NA,TH,TH,29,BBY,EGLV,SC50089,CMA CGM PRIDE,1TU20E1MA,050300570811,185613119,Confirmed,Y,THLCH,THLCH,USLAX,USLAX,CYP/CYP,18-Jul,19-Jul,40HCx14,14,40HCx7,7,13-Jul,2,15.75,7.875,,,,,,,18-Jul,11-Aug,04-Jul,Yes,,,Best Buy,Thailand,Direct,Yes,,,-9,,,,,,
AP > NA,AP,NA,TH,TH,29,BBY,EGLV,SC50089,CMA CGM PRIDE,1TU20E1MA,050300570853,185613475,Confirmed,N,THLCH,THLCH,USLAX,USLAX,CYP/CYP,18-Jul,18-Jul,40HCx8,8,40HCx8,8,04-Jul,1,9,9,,,,,,,18-Jul,11-Aug,04-Jul,Yes,,,Best Buy,Thailand,Direct,Yes,,,0,,,,,,
AP > NA,AP,NA,CN,CN E.,29,HOD,EGLV,SC50089,EVER LUCENT,1073-059E,EGLV143370387075,185660531,Confirmed,N,CNNGB,CNNGB,USLAX,USLAX,CYP/CYP,18-Jul,18-Jul,40GPx5,5,40GPx5,5,05-Jul,1,5,5,,,,,,,18-Jul,01-Aug,05-Jul,Yes,,,Home Depot,Ningbo,Bkg Agnt,Yes,,,0,,,,,,
AP > NA,AP,NA,VN,VN S.,29,BBY,MSCU,25-970GA,MSC ORNELLA,329A,339IN2324112,185698353,Confirmed,Y,VNSGN,VNVUT,USLAX,USLAX,CYP/CYP,18-Jul,22-Jul,40HCx1,1,40HCx1,1,06-Jul,1,1.125,1.125,,,,,,,22-Jul,,06-Jul,Yes,,,Best Buy,Vietnam,Direct,Yes,,,0,,,,,,
AP > NA,AP,NA,TH,TH,29,COS,EGLV,SC50089,CMA CGM PRIDE,1TU20E1MA,050300577823,185698815,Confirmed,N,THLCH,THLCH,USLAX,USLAX,CYP/CYP,18-Jul,19-Jul,40HCx1,1,40HCx1,1,11-Jul,1,1.125,1.125,,,,,,,19-Jul,11-Aug,11-Jul,Yes,,,Costco,Thailand,Direct,Yes,,,0,,,,,,
AP > NA,AP,NA,CN,CN S.,29,NIK,EGLV,SC50089,EVER FASHION,1306-009E,149303864044,185749640,Canceled by carrier,N,CNYTN,CNYTN,USLAX,USLAX,CYP/CYP,18-Jul,,40HCx1,1,,,,,1.125,,,,,,,,,,,No,,,Nike,S.China,Direct,No,,,0,,,,,,
AP > NA,AP,NA,CN,CN S.,29,DEC,EGLV,D900070,EVER FASHION,1306-009E,149303911204,185822059,Canceled by carrier,N,CNYTN,CNYTN,USLAX,USLAX,CYP/CYP,18-Jul,,40HCx1,1,,,,,1.125,,,,,,,,,,,No,,,Decathlon,S.China,Direct,No,,,0,,,,,,
AP > EU,AP,EU,CN,CN E.,29,HMH,MAEU,90-0080,LAURA MAERSK,329W,229120400,185901635,Canceled by carrier,N,CNSHA,CNSHA,NLRTM,NLRTM,CYP/CYP,18-Jul,,40HCx1,1,,,,,1.125,,,,,,,,,,,No,,,H&M Home,Shanghai,Direct,No,,,0,,,,,,
AP > NA,AP,NA,CN,CN S.,29,NIK,EGLV,SC50089,EVER FASHION,1306-009E,149303538333,185215821,Confirmed,N,CNYTN,CNYTN,USLAX,USLAX,CYP/CYP,19-Jul,18-Jul,40HCx1,1,40HCx1,1,06-Jul,4,1.125,1.125,,,,,,,17-Jul,31-Jul,26-Jun,Yes,,,Nike,S.China,Direct,Yes,,,-10,,,,,,
AP > NA,AP,NA,CN,CN S.,29,NIK,EGLV,SC50089,EVER FASHION,1306-009E,149303539194,185215823,Confirmed,N,CNYTN,CNYTN,USLAX,USLAX,CYP/CYP,19-Jul,18-Jul,40GPx1,1,40GPx1,1,11-Jul,5,1,1,,,,,,,17-Jul,31-Jul,26-Jun,Yes,,,Nike,S.China,Direct,Yes,,,-15,,,,,,
AP > NA,AP,NA,CN,CN S.,29,NIK,EGLV,SC50089,EVER FASHION,1306-009E,149303539208,185215824,Confirmed,N,CNYTN,CNYTN,USLAX,USLAX,CYP/CYP,19-Jul,18-Jul,40GPx1,1,40GPx1,1,06-Jul,4,1,1,,,,,,,17-Jul,31-Jul,26-Jun,Yes,,,Nike,S.China,Direct,Yes,,,-10,,,,,,
AP > NA,AP,NA,CN,CN E.,29,DEC,COSU,HOI23500,,,6359861520,185246628,Confirmed,Y,CNFOC,CNFOC,USLAX,USLAX,CYP/CYP,19-Jul,26-Jul,40HCx5,5,40HCx5,5,13-Jul,2,5.625,5.625,,,,,,,19-Jul,13-Aug,26-Jun,Yes,,,Decathlon,Xiamen,Bkg Agnt,Yes,,,-17,,,,,,
AP > NA,AP,NA,CN,CN E.,29,HOD,MAEU,90-0090,,,148300165929,185246818,Confirmed,N,CNFOC,CNFOC,USLAX,USLAX,CYP/CYP,19-Jul,20-Jul,"40HCx1, 45HCx1",2,"40HCx1, 45HCx1",2,27-Jun,1,2.39,2.39,,,,,,,20-Jul,13-Aug,27-Jun,Yes,,,Home Depot,Xiamen,Bkg Agnt,Yes,,,0,,,,,,
AP > NA,AP,NA,CN,CN S.,29,STA,EGLV,SC50089,EVER FASHION,1306-009E,149303619660,185335638,Canceled by carrier,N,CNYTN,CNYTN,USLAX,USLAX,CYP/CYP,19-Jul,,40HCx1,1,,,,,1.125,,,,,,,,,,,Yes,,,Starbucks,S.China,Direct,No,,,0,,,,,,
AP > NA,AP,NA,CN,CN S.,29,TES,EGLV,SC50089,EVER FASHION,1306-009E,149303619643,185335643,Confirmed,N,CNYTN,CNYTN,USLAX,USLAX,CYP/CYP,19-Jul,18-Jul,40HCx1,1,40HCx1,1,06-Jul,3,1.125,1.125,,,,,,,17-Jul,31-Jul,28-Jun,Yes,,,Tesla,S.China,Direct,Yes,,,-8,,,,,,
AP > NA,AP,NA,CN,CN S.,29,TES,EGLV,SC50089,EVER FASHION,1306-009E,149303619589,185335645,Confirmed,N,CNYTN,CNYTN,USLAX,USLAX,CYP/CYP,19-Jul,18-Jul,40HCx1,1,40HCx1,1,06-Jul,3,1.125,1.125,,,,,,,17-Jul,31-Jul,28-Jun,Yes,,,Tesla,S.China,Direct,No,,,-8,,,,,,
AP > NA,AP,NA,CN,CN S.,29,TRI,EGLV,SC50089,EVER FASHION,1306-009E,149303619652,185335649,Confirmed,N,CNYTN,CNYTN,USLAX,USLAX,CYP/CYP,19-Jul,18-Jul,40HCx1,1,40HCx1,1,06-Jul,3,1.125,1.125,,,,,,,17-Jul,31-Jul,28-Jun,Yes,,,Triumph,S.China,Direct,Yes,,,-8,,,,,,
AP > NA,AP,NA,CN,CN S.,29,TRI,EGLV,SC50089,EVER FASHION,1306-009E,149303619597,185335658,Confirmed,N,CNYTN,CNYTN,USLAX,USLAX,CYP/CYP,19-Jul,18-Jul,40HCx1,1,40HCx1,1,06-Jul,3,1.125,1.125,,,,,,,17-Jul,31-Jul,28-Jun,Yes,,,Triumph,S.China,Direct,Yes,,,-8,,,,,,
AP > NA,AP,NA,CN,CN S.,29,COS,EGLV,D900070,EVER FASHION,1306-009E,149303660112,185391905,Confirmed,N,CNYTN,CNYTN,USLAX,USLAX,CYP/CYP,19-Jul,18-Jul,40HCx1,1,40HCx1,1,07-Jul,1,1.125,1.125,,,,,,,18-Jul,01-Aug,07-Jul,Yes,,,Costco,S.China,Direct,No,,,0,,,,,,
AP > NA,AP,NA,CN,CN S.,29,HOD,EGLV,D900070,EVER FASHION,1306-009E,149303660091,185391921,Confirmed,N,CNYTN,CNYTN,USLAX,USLAX,CYP/CYP,19-Jul,18-Jul,40HCx1,1,40HCx1,1,07-Jul,1,1.125,1.125,,,,,,,18-Jul,01-Aug,07-Jul,Yes,,,Home Depot,S.China,Direct,No,,,0,,,,,,
AP > NA,AP,NA,CN,CN S.,29,DEC,EGLV,D900070,EVER FASHION,1306-009E,149303660104,185391922,Confirmed,N,CNYTN,CNYTN,USLAX,USLAX,CYP/CYP,19-Jul,18-Jul,40HCx1,1,40HCx1,1,07-Jul,1,1.125,1.125,,,,,,,18-Jul,01-Aug,07-Jul,Yes,,,Decathlon,S.China,Direct,No,,,0,,,,,,
AP > NA,AP,NA,CN,CN S.,29,HOD,EGLV,D900070,EVER FASHION,1306-009E,149303660121,185391923,Confirmed,N,CNYTN,CNYTN,USLAX,USLAX,CYP/CYP,19-Jul,18-Jul,40HCx1,1,40HCx1,1,07-Jul,1,1.125,1.125,,,,,,,18-Jul,01-Aug,07-Jul,Yes,,,Home Depot,S.China,Direct,No,,,0,,,,,,
AP > NA,AP,NA,CN,CN S.,29,BBY,EGLV,SC50089,EVER FASHION,1306-009E,149303686422,185439436,Confirmed,N,CNYTN,CNYTN,USLAX,USLAX,CYP/CYP,19-Jul,18-Jul,40RFx1,1,40RFx1,1,06-Jul,3,1.125,1.125,,,,,,,17-Jul,31-Jul,03-Jul,Yes,,,Best Buy,S.China,Direct,Yes,,,-3,,,,,,
AP > NA,AP,NA,CN,CN E.,29,HOD,COSU,SSM25008,CSCL YELLOW SEA,051E,TSL202307030145,185560697,Confirmed,N,CNNGB,CNNGB,USLGB,USLGB,CYP/CYP,19-Jul,18-Jul,40HCx1,1,40HCx1,1,04-Jul,1,1.125,1.125,,,,,,,18-Jul,,04-Jul,Yes,,,Home Depot,Ningbo,Bkg Agnt,Yes,,,0,,,,,,
AP > NA,AP,NA,CN,CN E.,29,COS,COSU,SSM25008,CSCL YELLOW SEA,051E,TSL202307030144,185560725,Confirmed,N,CNNGB,CNNGB,USLGB,USLGB,CYP/CYP,19-Jul,18-Jul,40HCx1,1,40HCx1,1,04-Jul,1,1.125,1.125,,,,,,,18-Jul,,04-Jul,Yes,,,Costco,Ningbo,Bkg Agnt,Yes,,,0,,,,,,
AP > NA,AP,NA,CN,CN E.,29,COS,MAEU,90-0090,MSC LA SPEZIA,328N,292860386,185561865,Confirmed,N,CNNGB,CNNGB,USLGB,USLGB,CYP/CYP,19-Jul,19-Jul,40RFx1,1,40RFx1,1,10-Jul,2,1.125,1.125,,,,,,,19-Jul,,03-Jul,Yes,,,Costco,Ningbo,Bkg Agnt,No,,,-7,,,,,,
AP > NA,AP,NA,CN,CN E.,29,COS,MAEU,90-0090,MSC LA SPEZIA,328N,292860387,185561958,Confirmed,N,CNNGB,CNNGB,USLGB,USLGB,CYP/CYP,19-Jul,19-Jul,40HCx1,1,40HCx1,1,03-Jul,1,1.125,1.125,,,,,,,19-Jul,,03-Jul,Yes,,,Costco,Ningbo,Bkg Agnt,Yes,,,0,,,,,,
AP > NA,AP,NA,CN,CN E.,29,WAL,CMDU,89-0000,OOCL SOUTHAMPTON,120E,07040928161GMX330,185594268,Canceled by carrier,N," - , ",CNNGB,USTPA," - , ",CYP/CYP,19-Jul,,40HCx1,1,,,,,1.125,,,,,,,,,,,No,,,Walmart,Ningbo,Bkg Agnt,No,,,0,,,,,,
AP > NA,AP,NA,CN,CN E.,29,NEW,CMDU,89-0000,,,XIA1176184,185637466,Confirmed,Y,CNXMN,CNXMN,USLAX,USKCK,CYP/CYP,19-Jul,26-Jul,20GPx1,1,20GPx1,1,04-Jul,1,0.5,0.5,,,,,,,26-Jul,,04-Jul,Yes,,,Newell Brands Distribution,Xiamen,Bkg Agnt,Yes,,,0,,,,,,
AP > NA,AP,NA,CN,CN E.,29,COS,COSU,SSM25008,CSCL YELLOW SEA,051E,TSL202307040415,185638093,Confirmed,N,CNNGB,CNNGB,USLGB,USLGB,CYP/CYP,19-Jul,18-Jul,40HCx2,2,40HCx2,2,04-Jul,1,2.25,2.25,,,,,,,18-Jul,,04-Jul,Yes,,,Costco,Ningbo,Bkg Agnt,Yes,,,0,,,,,,
AP > NA,AP,NA,VN,VN S.,29,NEW,CMDU,89-0000,CMA CGM PRIDE,1TU20E1MA,SGN1885445,185658075,Confirmed,Y,VNSGN,VNVUT,USLAX,USICT,CYP/D,19-Jul,23-Jul,40HCx2,2,40HCx2,2,05-Jul,1,2.25,2.25,,,,,,,23-Jul,11-Aug,05-Jul,Yes,,,Newell Brands Distribution,Vietnam,Direct,Yes,,,0,,,,,,
AP > NA,AP,NA,VN,VN S.,29,WAL,MAEU,90-0080,MAERSK ENSENADA,329N,228962959,185669871,Confirmed,N,VNSGN,VNVUT,USTPA,USTPA,CYP/CYP,19-Jul,18-Jul,40HCx1,1,40HCx1,1,04-Jul,1,1.125,1.125,,,,,,,18-Jul,15-Sep,04-Jul,Yes,ZIM SHENZHEN,003E,Walmart,Vietnam,Direct,Yes,,,0,,,,,,
AP > NA,AP,NA,VN,VN S.,29,WAL,MAEU,90-0080,MAERSK ESSEX,330N,228962961,185669873,Confirmed,Y,VNSGN,VNVUT,USTPA,USTPA,CYP/CYP,19-Jul,25-Jul,40HCx1,1,40HCx1,1,11-Jul,2,1.125,1.125,,,,,,,18-Jul,15-Sep,04-Jul,Yes,ZIM WILMINGTON,013E,Walmart,Vietnam,Direct,Yes,,,-7,,,,,,
AP > EU,AP,EU,CN,CN N.,29,HMH,MAEU,90-0080,MAREN MAERSK,328W,273036987,185709240,Confirmed,Y,CNTSN,CNTSN,DEHAM,DEHAM,CYP/CYP,19-Jul,17-Jul,40HCx1,1,40HCx1,1,06-Jul,1,1.125,1.125,,,,,,,17-Jul,07-Sep,06-Jul,Yes,,,H&M Home,Tianjin,Bkg Agnt,Yes,,,0,,,,,,
AP > NA,AP,NA,TH,TH,29,CTI,EGLV,SC50089,EVER BEFIT,0700-049N,050300582959,185760895,Canceled by carrier,N,THLKR,THLCH,CAVAN,CAVAN,RR/CYP,19-Jul,,20GPx5,5,,,,,2.5,,,,,,,,,,,Yes,,,Canadian Tire,Thailand,Direct,No,,,0,,,,,,
AP > NA,AP,NA,TH,TH,29,CTI,EGLV,SC50089,EVER BEFIT,0700-049N,050300583033,185761354,Canceled by carrier,N,THLKR,THLCH,CAVAN,CAVAN,RR/CYP,19-Jul,,20GPx1,1,,,,,0.5,,,,,,,,,,,No,,,Canadian Tire,Thailand,Direct,No,,,0,,,,,,
AP > NA,AP,NA,TH,TH,29,CTI,EGLV,SC50089,EVER BEFIT,0700-049N,050300583042,185761612,Canceled by carrier,N,THLKR,THLCH,CAVAN,CAVAN,RR/CYP,19-Jul,,20GPx1,1,,,,,0.5,,,,,,,,,,,No,,,Canadian Tire,Thailand,Direct,No,,,0,,,,,,
AP > NA,AP,NA,TH,TH,29,CTI,EGLV,SC50089,EVER BEFIT,0700-049N,050300583832,185769623,Canceled by carrier,N,THLKR,THLCH,CAVAN,CAVAN,RR/CYP,19-Jul,,20GPx1,1,,,,,0.5,,,,,,,,,,,Yes,,,Canadian Tire,Thailand,Direct,Yes,,,0,,,,,,
AP > NA,AP,NA,TH,TH,29,CTI,EGLV,SC50089,EVER BEFIT,0700-049N,050300583882,185770268,Canceled by carrier,N,THLKR,THLCH,CAVAN,CAVAN,RR/CYP,19-Jul,,20GPx12,12,,,,,6,,,,,,,,,,,Yes,,,Canadian Tire,Thailand,Direct,No,,,0,,,,,,
AP > NA,AP,NA,VN,VN S.,29,CTI,HDMU,CA235001,YM TOTALITY,0015E,SGNM99122600,185771776,Confirmed,Y,VNSGN,VNVUT,CAVAN,CAVAN,CYP/CYP,19-Jul,24-Jul,40RFx1,1,40HRFx1,1,10-Jul,2,1,1.125,,,,,,,17-Jul,10-Aug,07-Jul,Yes,,,Canadian Tire,Vietnam,Direct,Yes,,,-3,,,,,,
AP > NA,AP,NA,TH,TH,29,CTI,EGLV,SC50089,EVER BEFIT,0700-049N,050300584307,185774585,Canceled by carrier,N,THLKR,THLCH,CAVAN,CAVAN,RR/CYP,19-Jul,,20GPx3,3,,,,,1.5,,,,,,,,,,,No,,,Canadian Tire,Thailand,Direct,Yes,,,0,,,,,,
AP > NA,AP,NA,CN,CN E.,29,WAL,MAEU,90-0090,MSC LA SPEZIA,328N,292860659,185892364,Canceled by carrier,N,CNNGB,CNNGB,USLGB,USLGB,CYP/CYP,19-Jul,,40HCx1,1,,,,,1.125,,,,,,,,,,,No,,,Walmart,Ningbo,Bkg Agnt,No,,,0,,,,,,
AP > NA,AP,NA,CN,CN E.,29,TRI,MSCU,25-001WW,MSC LA SPEZIA,328N,177UGLGLN31850A,185910777,Canceled by carrier,N,CNNGB,CNNGB,USLGB,USLGB,CYP/CYP,19-Jul,,40HCx1,1,,,,,1.125,,,,,,,,,,,Yes,,,Triumph,Ningbo,Bkg Agnt,Yes,,,0,,,,,,
AP > NA,AP,NA,CN,CN E.,29,WAL,MSCU,25-001WW,MSC LA SPEZIA,328N,177UGLGLN31863A,185951601,Confirmed,N,CNNGB,CNNGB,USLGB,USLGB,CYP/CYP,19-Jul,19-Jul,40HCx1,1,40HCx1,1,12-Jul,2,1.125,1.125,,,,,,,19-Jul,,11-Jul,Yes,,,Walmart,Ningbo,Bkg Agnt,Yes,,,-1,,,,,,
AP > NA,AP,NA,VN,VN S.,29,DEC,COSU,SSM25008,CMA CGM PRIDE,1TU20E1MA,6360980040,185975310,Confirmed,Y,VNSGN,VNVUT,USLAX,USLAX,CYP/CYP,19-Jul,23-Jul,40GPx1,1,40GPx1,1,20-Jul,4,1,1,,,,,,,23-Jul,23-Aug,11-Jul,Yes,CSCL EAST CHINA SEA,058E,Decathlon,Vietnam,Direct,Yes,,,-9,,,,,,
AP > NA,AP,NA,CN,CN S.,29,NEW,HDMU,CA235001,YM UPSURGENCE,059E,TBD,186037225,Canceled by carrier,N,CNJMN,CNYTN,USLAX,USKCK,CYP/CYP,19-Jul,,40GPx1,1,,,,,1,,,,,,,,,,,No,,,Newell Brands Distribution,S.China,Direct,No,,,0,,,,,,
AP > NA,AP,NA,CN,CN E.,29,COS,MSCU,25-970GA,,,MATS9471443000,185219578,Confirmed,N,CNXMN,CNXMN,USLAX,USLAX,CYP/CYP,20-Jul,22-Jul,40HCx1,1,40HCx1,1,12-Jul,4,1.125,1.125,,,,,,,24-Jul,07-Aug,26-Jun,Yes,,,Costco,Xiamen,Bkg Agnt,Yes,,,-16,,,,,,
AP > NA,AP,NA,CN,CN E.,29,LEN,EGLV,SC50089,,,148300165822,185247202,Confirmed,N,CNFOC,CNFOC,USLAX,USLAX,CYP/CYP,20-Jul,20-Jul,40GPx3,3,40GPx3,3,26-Jun,1,3,3,,,,,,,20-Jul,13-Aug,26-Jun,Yes,,,Lenovo,Xiamen,Bkg Agnt,Yes,,,0,,,,,,
AP > NA,AP,NA,CN,CN S.,29,NEW,CMDU,89-0000,CMA CGM PRIDE,1TU20E1MA,SHZ5610297,185322283,Canceled by carrier,N,CNYTN,CNYTN,USLAX,USLAX,CYP/CYP,20-Jul,,20GPx1,1,,,,,0.5,,,,,,,,,,,Yes,,,Newell Brands Distribution,S.China,Direct,No,,,0,,,,,,
AP > NA,AP,NA,CN,CN S.,29,DEC,COSU,SSM25008,COSCO SHIPPING ALPS,030E,6360011090,185337240,Confirmed,N,CNYTN,CNYTN,USLGB,USLGB,CYP/CYP,20-Jul,20-Jul,40HCx1,1,40HCx1,1,28-Jun,1,1.125,1.125,,,,,,,20-Jul,03-Aug,28-Jun,Yes,,,Decathlon,S.China,Direct,Yes,,,0,,,,,,
AP > NA,AP,NA,CN,CN S.,29,COS,COSU,SSM25008,COSCO SHIPPING ALPS,030E,6360011690,185337262,Confirmed,N,CNYTN,CNYTN,USLGB,USLGB,CYP/CYP,20-Jul,20-Jul,40HCx1,1,40HCx1,1,28-Jun,1,1.125,1.125,,,,,,,20-Jul,03-Aug,28-Jun,Yes,,,Costco,S.China,Direct,Yes,,,0,,,,,,
AP > NA,AP,NA,CN,CN S.,29,HOD,COSU,SSM25008,COSCO SHIPPING ALPS,030E,6360011250,185337264,Confirmed,N,CNYTN,CNYTN,USLGB,USLGB,CYP/CYP,20-Jul,20-Jul,40HCx1,1,40HCx1,1,28-Jun,1,1.125,1.125,,,,,,,20-Jul,03-Aug,28-Jun,Yes,,,Home Depot,S.China,Direct,Yes,,,0,,,,,,
AP > NA,AP,NA,CN,CN S.,29,WAL,COSU,SSM25008,COSCO SHIPPING ALPS,030E,6360013110,185337392,Confirmed,N,CNYTN,CNYTN,USLGB,USLGB,CYP/CYP,20-Jul,20-Jul,45HCx1,1,45HCx1,1,28-Jun,1,1.265,1.265,,,,,,,20-Jul,03-Aug,28-Jun,Yes,,,Walmart,S.China,Direct,Yes,,,0,,,,,,
AP > NA,AP,NA,CN,CN E.,29,COS,COSU,SSM25008,,,229440046,185375659,Confirmed,Y,CNXMN,CNXMN,USLAX,USLAX,CYP/CYP,20-Jul,24-Jul,"40HCx1, 45HCx1",2,"40HCx1, 45HCx1",2,19-Jul,3,2.39,2.39,,,,,,,22-Jul,07-Aug,29-Jun,Yes,,,Costco,Xiamen,Bkg Agnt,Yes,,,-20,,,,,,
AP > NA,AP,NA,CN,CN S.,29,NEW,CMDU,89-0000,CMA CGM LEO,0TXF3E1MA,SHZ5612252,185379134,Canceled by carrier,N,CNYTN,CNYTN,USLAX,USLAX,CYP/CYP,20-Jul,,40HCx3,3,,,,,3.375,,,,,,,,,,,No,,,Newell Brands Distribution,S.China,Direct,No,,,0,,,,,,
AP > NA,AP,NA,CN,CN S.,29,NEW,CMDU,89-0000,CMA CGM PRIDE,1TU20E1MA,SHZ5612323,185380231,Canceled by carrier,N,CNYTN,CNYTN,USLAX,USLAX,CYP/D,20-Jul,,40HCx1,1,,,,,1.125,,,,,,,,,,,Yes,,,Newell Brands Distribution,S.China,Direct,No,,,0,,,,,,
AP > NA,AP,NA,CN,CN S.,29,NEW,CMDU,89-0000,CMA CGM PRIDE,1TU20E1MA,SHZ5612322,185380310,Confirmed,N,CNYTN,CNYTN,USLAX,USLAX,CYP/D,20-Jul,20-Jul,20GPx1,1,20GPx1,1,29-Jun,1,0.5,0.5,,,,,,,20-Jul,04-Aug,29-Jun,Yes,,,Newell Brands Distribution,S.China,Direct,No,,,0,,,,,,
AP > NA,AP,NA,CN,CN E.,29,NEW,CMDU,89-0000,COSCO AFRICA,080E,CHN0400170,185392858,Confirmed,N,CNSHA,CNSHA,USLGB,USLGB,CYP/CYP,20-Jul,20-Jul,40HCx5,5,40HCx5,5,29-Jun,1,5.625,5.625,,,,,,,20-Jul,,29-Jun,Yes,,,Newell Brands Distribution,Shanghai,Bkg Agnt,Yes,,,0,,,,,,
AP > NA,AP,NA,CN,CN S.,29,NEW,CMDU,89-0000,CMA CGM LEO,0TXF3E1MA,SHZ5616322,185484785,Canceled by carrier,N,CNYTN,CNYTN,USLAX,USLAX,CYP/CYP,20-Jul,,40HCx1,1,,,,,1.125,,,,,,,,,,,Yes,,,Newell Brands Distribution,S.China,Direct,Yes,,,0,,,,,,
AP > NA,AP,NA,CN,CN S.,29,NEW,COSU,HOI23500,CMA CGM G. WASHINGTON,1TU1WE1MA,6360213000,185489745,Confirmed,N,CNYTN,CNYTN,USLAX,USKCK,CYP/CYP,20-Jul,20-Jul,20GPx1,1,20GPx1,1,30-Jun,1,0.5,0.5,,,,,,,20-Jul,04-Aug,30-Jun,Yes,,,Newell Brands Distribution,S.China,Direct,Yes,,,0,,,,,,
AP > NA,AP,NA,CN,CN E.,29,BBY,OOLU,PE2508,OOCL POLAND,037E,OOLU2141633610,185524095,Confirmed,N,CNNKG,CNNKG,USLGB,USLGB,CYP/CYP,20-Jul,20-Jul,40HCx10,10,40HCx10,10,03-Jul,1,11.25,11.25,,,,,,,01-Aug,14-Aug,03-Jul,Yes,,,Best Buy,Shanghai,Bkg Agnt,Yes,,,0,,,,,,
AP > NA,AP,NA,CN,CN E.,29,BBY,YMLU,Y25-500,HYUNDAI FORCE,099E,YMPRW241122869,185524937,Confirmed,Y,CNNKG,CNNKG,USLAX,USLAX,CYP/CYP,20-Jul,24-Jul,40HCx5,5,40HCx5,5,24-Jul,2,5.625,5.625,,,,,,,20-Jul,,04-Jul,Yes,,,Best Buy,Shanghai,Bkg Agnt,Yes,,,-20,,,,,,
AP > NA,AP,NA,VN,VN N.,29,HOD,EGLV,SC50089,CSCL EAST CHINA SEA,058E,236300257729,185631153,Confirmed,Y,VNHPH,VNHPH,USLGB,USLGB,CYP/CYP,20-Jul,30-Jul,40HCx1,1,40HCx1,1,25-Jul,2,1.125,1.125,,,,,,,23-Jul,14-Aug,04-Jul,Yes,,,Home Depot,Vietnam,Direct,Yes,,,-21,,,,,,
AP > NA,AP,NA,CN,CN E.,29,NEW,CMDU,89-0000,,,XIA1176552,185643167,Confirmed,N,CNXMN,CNXMN,CAVAN,CABRP,CYP/CYP,20-Jul,20-Jul,"40GPx2, 40HCx1",3,"40GPx2, 40HCx1",3,05-Jul,1,3.125,3.125,,,,,,,20-Jul,09-Aug,05-Jul,Yes,,,Newell Brands Distribution,Xiamen,Bkg Agnt,Yes,,,0,,,,,,
AP > NA,AP,NA,CN,CN S.,29,NEW,CMDU,89-0000,CMA CGM LEO,0TXF3E1MA,SHZ5625214,185702448,Canceled by carrier,N,CNYTN,CNYTN,USLAX,USLAX,CYP/CYP,20-Jul,,40HCx2,2,,,,,2.25,,,,,,,,,,,No,,,Newell Brands Distribution,S.China,Direct,No,,,0,,,,,,
AP > NA,AP,NA,CN,CN S.,29,NEW,HDMU,CA235001,YM UPSURGENCE,059E,HKGM94321000,185742513,Confirmed,Y,CNYTN,CNYTN,USLAX,USLAX,CYP/CYP,20-Jul,23-Jul,20GPx1,1,20GPx1,1,06-Jul,1,0.5,0.5,,,,,,,23-Jul,09-Aug,06-Jul,Yes,,,Newell Brands Distribution,S.China,Direct,Yes,,,0,,,,,,
AP > NA,AP,NA,VN,VN S.,29,DEC,MSCU,25-001WW,MAERSK ENSENADA,329N,339IN2324421,185776003,Confirmed,Y,VNSGN,VNVUT,USLAX,USLAX,CYP/CYP,20-Jul,21-Jul,40HCx1,1,40GPx2,2,13-Jul,2,1.125,2,,,,,,,21-Jul,,11-Jul,Yes,,,Decathlon,Vietnam,Direct,Yes,,,-2,,,,,,
AP > NA,AP,NA,CN,CN E.,29,BBY,COSU,SSM25008,COSCO KAOHSIUNG,096E,COSU6360930220,185953384,Confirmed,N,CNNKG,CNNKG,USLGB,USLGB,CYP/CYP,20-Jul,20-Jul,40HCx10,10,40HCx10,10,11-Jul,1,11.25,11.25,,,,,,,20-Jul,09-Aug,11-Jul,Yes,,,Best Buy,Shanghai,Bkg Agnt,Yes,,,0,,,,,,
AP > NA,AP,NA,CN,CN S.,29,NEW,CMDU,89-0000,CMA CGM LEO,0TXF3E1MA,SHZ5638350,186032243,Confirmed,Y,CNYTN,CNYTN,USLAX,USKCK,CYP/CYP,20-Jul,30-Jul,40GPx1,1,40GPx1,1,17-Jul,1,1,1,,,,,,,30-Jul,13-Aug,17-Jul,Yes,,,Newell Brands Distribution,S.China,Direct,Yes,,,0,,,,,,
AP > NA,AP,NA,CN,CN S.,30,BBY,HDMU,CA235001,YM TRILLION,0005E,HKGM37553600,185248680,Confirmed,N,CNYTN,CNYTN,CAVAN,CAMTR,CYP/CYP,21-Jul,20-Jul,40HCx1,1,40HCx1,1,10-Jul,4,1.125,1.125,,,,,,,21-Jul,04-Aug,26-Jun,Yes,,,Best Buy,S.China,Direct,Yes,,,-14,,,,,,
AP > NA,AP,NA,CN,CN S.,30,BBY,HDMU,CA235001,YM TRILLION,0005E,HKGM37553800,185248780,Canceled by carrier,N,CNYTN,CNYTN,CAVAN,CAVAN,CYP/CYP,21-Jul,,40HCx1,1,,,,,1.125,,,,,,,,,,,Yes,,,Best Buy,S.China,Direct,Yes,,,0,,,,,,
AP > NA,AP,NA,CN,CN S.,30,BBY,HDMU,CA235001,YM TRILLION,0005E,HKGM24924600,185248945,Confirmed,N,CNYTN,CNYTN,CAVAN,CAVAN,CYP/CYP,21-Jul,20-Jul,40RFx1,1,40RFx1,1,10-Jul,4,1.125,1.125,,,,,,,21-Jul,04-Aug,26-Jun,Yes,,,Best Buy,S.China,Direct,Yes,,,-14,,,,,,
AP > NA,AP,NA,CN,CN S.,30,BBY,HDMU,CA235001,YM TRILLION,0005E,HKGM14392100,185249598,Confirmed,Y,CNYTN,CNYTN,CAVAN,CAVAN,CYP/CYP,21-Jul,20-Jul,40GPx1,1,40HCx1,1,11-Jul,4,1,1.125,,,,,,,21-Jul,04-Aug,26-Jun,Yes,,,Best Buy,S.China,Direct,Yes,,,-15,,,,,,
AP > NA,AP,NA,CN,CN N.,30,TRI,MAEU,90-0090,CEZANNE,329N,220121737,185328624,Confirmed,N,CNTAO,CNTAO,USLAX,USLAX,CYP/CYP,21-Jul,21-Jul,40RFx1,1,40RFx1,1,06-Jul,1,1.125,1.125,,,,,,,21-Jul,11-Aug,06-Jul,Yes,,,Triumph,Qingdao,Bkg Agnt,Yes,,,0,,,,,,
AP > NA,AP,NA,CN,CN S.,30,TRI,MSCU,25-001WW,MAERSK ANTARES,328N,181AY0232710485P1,185335725,Confirmed,N,CNYTN,CNYTN,USLAX,USLAX,CYP/CYP,21-Jul,21-Jul,40HCx1,1,40HCx1,1,28-Jun,1,1.125,1.125,,,,,,,21-Jul,,28-Jun,Yes,,,Triumph,S.China,Direct,Yes,,,0,,,,,,
AP > NA,AP,NA,CN,CN S.,30,HOD,MSCU,25-001WW,MAERSK ANTARES,328N,181AY0232710487P1,185335728,Confirmed,N,CNYTN,CNYTN,USLAX,USLAX,CYP/CYP,21-Jul,21-Jul,40HCx1,1,40HCx1,1,28-Jun,1,1.125,1.125,,,,,,,21-Jul,,28-Jun,Yes,,,Home Depot,S.China,Direct,Yes,,,0,,,,,,
AP > NA,AP,NA,CN,CN S.,30,STA,MSCU,25-001WW,MAERSK ANTARES,328N,181AY0232710488P1,185335729,Confirmed,N,CNYTN,CNYTN,USLAX,USLAX,CYP/CYP,21-Jul,21-Jul,40RFx1,1,40RFx1,1,28-Jun,1,1.125,1.125,,,,,,,21-Jul,,28-Jun,Yes,,,Starbucks,S.China,Direct,Yes,,,0,,,,,,
AP > NA,AP,NA,CN,CN S.,30,STA,MSCU,25-001WW,MAERSK ANTARES,328N,181AY0232710486P1,185335730,Confirmed,N,CNYTN,CNYTN,USLAX,USLAX,CYP/CYP,21-Jul,21-Jul,40HCx1,1,40HCx1,1,28-Jun,1,1.125,1.125,,,,,,,21-Jul,,28-Jun,Yes,,,Starbucks,S.China,Direct,Yes,,,0,,,,,,
AP > NA,AP,NA,CN,CN S.,30,STA,MSCU,25-001WW,MAERSK ANTARES,328N,181AY0232710489P1,185335731,Confirmed,N,CNYTN,CNYTN,USLAX,USLAX,CYP/CYP,21-Jul,21-Jul,40HCx1,1,40HCx1,1,28-Jun,1,1.125,1.125,,,,,,,21-Jul,,28-Jun,Yes,,,Starbucks,S.China,Direct,Yes,,,0,,,,,,
AP > NA,AP,NA,CN,CN S.,30,COS,MAEU,90-0090,MAERSK ANTARES,328N,228760054,185335964,Confirmed,N,CNYTN,CNYTN,USLAX,USLAX,CYP/CYP,21-Jul,21-Jul,40GPx1,1,40GPx1,1,27-Jun,1,1,1,,,,,,,21-Jul,07-Aug,27-Jun,Yes,,,Costco,S.China,Direct,No,,,0,,,,,,
AP > NA,AP,NA,CN,CN S.,30,DEC,MAEU,90-0090,MAERSK ANTARES,328N,228760154,185335989,Canceled by carrier,N,CNYTN,CNYTN,USLAX,USLAX,CYP/CYP,21-Jul,,40HCx1,1,,,,,1.125,,,,,,,,,,,Yes,,,Decathlon,S.China,Direct,No,,,0,,,,,,
AP > NA,AP,NA,VN,VN S.,30,TES,MSCU,25-001WW,MAERSK ENSENADA,329N,339IN2323346,185469269,Confirmed,N,VNSGN,VNVUT,USLAX,USLAX,CYP/CYP,21-Jul,21-Jul,40HCx1,1,40HCx1,1,30-Jun,1,1.125,1.125,,,,,,,21-Jul,,30-Jun,Yes,,,Tesla,Vietnam,Direct,Yes,,,0,,,,,,
AP > NA,AP,NA,VN,VN S.,30,HOD,MSCU,25-001WW,MAERSK ENSENADA,329N,339IN2323332,185469316,Confirmed,N,VNSGN,VNVUT,USLAX,USLAX,CYP/CYP,21-Jul,21-Jul,40HCx1,1,40HCx1,1,30-Jun,1,1.125,1.125,,,,,,,21-Jul,,30-Jun,Yes,,,Home Depot,Vietnam,Direct,Yes,,,0,,,,,,
AP > NA,AP,NA,VN,VN S.,30,COS,MSCU,25-001WW,MAERSK ENSENADA,329N,339IN2323342,185469336,Confirmed,N,VNSGN,VNVUT,USLAX,USLAX,CYP/CYP,21-Jul,21-Jul,40HCx1,1,40HCx1,1,30-Jun,1,1.125,1.125,,,,,,,21-Jul,,30-Jun,Yes,,,Costco,Vietnam,Direct,Yes,,,0,,,,,,
AP > NA,AP,NA,VN,VN S.,30,WAL,COSU,SSM25008,BEIJING,098E,6360188360,185469405,Confirmed,N,VNSGN,VNVUT,USLGB,USLGB,CYP/CYP,21-Jul,22-Jul,40HCx2,2,40HCx2,2,03-Aug,5,2.25,2.25,,,,,,,19-Jul,12-Aug,30-Jun,Yes,,,Walmart,Vietnam,Direct,Yes,,,-34,,,,,,
AP > NA,AP,NA,CN,CN N.,30,HOD,EGLV,D900070,EVER LOGIC,1074-065E,140357080323,185490947,Confirmed,N,CNTAO,CNTAO,USLAX,USLAX,CYP/CYP,21-Jul,21-Jul,40HCx3,3,40HCx3,3,04-Jul,1,3.375,3.375,,,,,,,21-Jul,08-Aug,04-Jul,Yes,,,Home Depot,Qingdao,Bkg Agnt,Yes,,,0,,,,,,
AP > NA,AP,NA,CN,CN S.,30,NEW,MSCU,25-970GA,MAERSK ANTARES,328N,181AY0232713407P1,185497525,Confirmed,N,CNYTN,CNYTN,USLAX,USLAX,CYP/CYP,21-Jul,21-Jul,40HCx1,1,40HCx1,1,03-Jul,1,1.125,1.125,,,,,,,21-Jul,,03-Jul,Yes,,,Newell Brands Distribution,S.China,Direct,Yes,,,0,,,,,,
AP > NA,AP,NA,VN,VN S.,30,COS,MSCU,25-001WW,MAERSK ENSENADA,329N,339IN2323628,185542033,Confirmed,N,VNSGN,VNVUT,USLAX,USLAX,CYP/CYP,21-Jul,21-Jul,40HCx1,1,40HCx1,1,03-Jul,1,1.125,1.125,,,,,,,21-Jul,,03-Jul,Yes,,,Costco,Vietnam,Direct,Yes,,,0,,,,,,
AP > NA,AP,NA,VN,VN S.,30,COS,EGLV,SC50089,COSCO ITALY,061E,235300742785,185543126,Confirmed,N,VNBDG,VNTOT,USLGB,USLAX,CYP/CYP,21-Jul,21-Jul,40HCx1,1,40HCx1,1,05-Jul,2,1.125,1.125,,,,,,,21-Jul,14-Aug,03-Jul,Yes,,,Costco,Vietnam,Direct,Yes,,,-2,,,,,,
AP > NA,AP,NA,VN,VN S.,30,COS,EGLV,SC50089,COSCO ITALY,061E,235300742793,185543141,Canceled by carrier,N,VNSGN,VNTOT,USLGB,USLAX,CYP/CYP,21-Jul,,20GPx1,1,,,,,0.5,,,,,,,,,,,Yes,,,Costco,Vietnam,Direct,No,,,0,,,,,,
AP > NA,AP,NA,VN,VN S.,30,DEC,EGLV,SC50089,EVER FRONT,1308-019E,235300742840,185544219,Confirmed,N,VNSGN,VNTOT,USLAX,USLAX,CYP/CYP,21-Jul,22-Jul,40HCx1,1,40HCx1,1,07-Jul,3,1.125,1.125,,,,,,,22-Jul,14-Aug,06-Jul,Yes,,,Decathlon,Vietnam,Direct,Yes,,,-1,,,,,,
AP > NA,AP,NA,CN,CN S.,30,BBY,MSCU,25-970GA,MAERSK ANTARES,328N,181ABFS23497098P1,185558959,Confirmed,N," - , ",CNYTN,USLAX,USLAX,D/CYP,21-Jul,21-Jul,40HCx2,2,40HCx2,2,03-Jul,1,2.25,2.25,,,,,,,21-Jul,,03-Jul,Yes,,,Best Buy,S.China,Direct,Yes,,,0,,,,,,
AP > NA,AP,NA,CN,CN N.,30,TES,EGLV,D900070,EVER LOGIC,1074-065E,140357079198,185572678,Confirmed,N,CNTAO,CNTAO,USLAX,USLAX,CYP/CYP,21-Jul,21-Jul,40GPx2,2,40GPx2,2,04-Jul,1,2,2,,,,,,,21-Jul,,04-Jul,Yes,,,Tesla,Qingdao,Bkg Agnt,Yes,,,0,,,,,,
AP > NA,AP,NA,CN,CN N.,30,DEC,EGLV,SC50089,COSCO KAOHSIUNG,096E,141300486485,185576300,Confirmed,N,CNTSN,CNTSN,USLGB,USLGB,CYP/CYP,21-Jul,21-Jul,"20GPx1, 40HCx1",2,"20GPx1, 40HCx1",2,04-Jul,1,1.625,1.625,,,,,,,21-Jul,09-Aug,04-Jul,Yes,,,Decathlon,Tianjin,Bkg Agnt,Yes,,,0,,,,,,
AP > NA,AP,NA,CN,CN N.,30,TES,EGLV,SC50089,COSCO KAOHSIUNG,096E,141300520136,185576523,Confirmed,Y,CNTSN,CNTSN,USLGB,USLGB,CYP/CYP,21-Jul,30-Jul,40HCx1,1,40HCx1,1,17-Jul,3,1.125,1.125,,,,,,,21-Jul,09-Aug,04-Jul,Yes,,,Tesla,Tianjin,Bkg Agnt,Yes,,,-13,,,,,,
AP > NA,AP,NA,CN,CN N.,30,TES,COSU,SSM25008,COSCO KAOHSIUNG,096E,6360384820,185577003,Confirmed,N,CNXIG,CNXIG,USLGB,USLGB,CYP/CYP,21-Jul,21-Jul,40HCx1,1,40HCx1,1,04-Jul,1,1.125,1.125,,,,,,,21-Jul,09-Aug,04-Jul,Yes,,,Tesla,Tianjin,Bkg Agnt,Yes,,,0,,,,,,
AP > NA,AP,NA,CN,CN N.,30,WAL,COSU,SSM25008,COSCO KAOHSIUNG,096E,CC6007570928,185577175,Canceled by carrier,N,CNXIG,CNXIG,USLGB,USLGB,CYP/CYP,21-Jul,,40HCx2,2,,,,,2.25,,,,,,,,,,,Yes,,,Walmart,Tianjin,Bkg Agnt,No,,,0,,,,,,
AP > NA,AP,NA,VN,VN S.,30,TGT,OOLU,PE2508,COSCO ITALY,061E,2141651800,185587944,Confirmed,N,VNSGN,VNTOT,USLGB,USWZC,CYP/D,21-Jul,21-Jul,40GPx1,1,40GPx1,1,11-Jul,2,1,1,,,,,,,21-Jul,10-Aug,03-Jul,Yes,,,Target,Vietnam,Direct,Yes,,,-8,,,,,,
AP > NA,AP,NA,VN,VN S.,30,TGT,OOLU,PE2508,COSCO ITALY,061E,2141651840,185587962,Confirmed,N,VNSGN,VNTOT,USLGB,USWZC,CYP/D,21-Jul,21-Jul,40HCx2,2,40HCx2,2,03-Jul,1,2.25,2.25,,,,,,,21-Jul,10-Aug,03-Jul,Yes,,,Target,Vietnam,Direct,Yes,,,0,,,,,,
AP > NA,AP,NA,VN,VN S.,30,TGT,OOLU,PE2508,COSCO ITALY,061E,2141651900,185587977,Confirmed,N,VNSGN,VNTOT,USLGB,USQWT,CYP/D,21-Jul,21-Jul,40GPx1,1,40GPx1,1,03-Jul,1,1,1,,,,,,,21-Jul,10-Aug,03-Jul,Yes,,,Target,Vietnam,Direct,Yes,,,0,,,,,,
AP > NA,AP,NA,VN,VN S.,30,COS,MSCU,25-001WW,MAERSK ANTARES,328N,339IN2323787,185588025,Confirmed,Y,VNSGN,VNVUT,USLAX,USLAX,CYP/CYP,21-Jul,14-Jul,40HCx2,2,40HCx2,2,04-Jul,2,2.25,2.25,,,,,,,21-Jul,,03-Jul,Yes,,,Costco,Vietnam,Direct,Yes,,,-1,,,,,,
AP > NA,AP,NA,CN,CN N.,30,TRI,MSCU,25-001WW,CEZANNE,329N,177OZCZCQ21475VFB,185627459,Confirmed,N,CNTAO,CNTAO,USLAX,USLAX,CYP/CYP,21-Jul,21-Jul,40HCx1,1,40HCx1,1,06-Jul,1,1.125,1.125,,,,,,,21-Jul,,06-Jul,Yes,,,Triumph,Qingdao,Bkg Agnt,Yes,,,0,,,,,,
AP > NA,AP,NA,CN,CN N.,30,TRI,MSCU,25-001WW,CEZANNE,329N,177OZCZCQ21474VFB,185627477,Confirmed,N,CNTAO,CNTAO,USLAX,USLAX,CYP/CYP,21-Jul,21-Jul,40HCx2,2,40HCx2,2,06-Jul,1,2.25,2.25,,,,,,,21-Jul,,06-Jul,Yes,,,Triumph,Qingdao,Bkg Agnt,Yes,,,0,,,,,,
AP > NA,AP,NA,CN,CN N.,30,TRI,MSCU,25-001WW,CEZANNE,329N,177OZCZCQ21473VFB,185627568,Confirmed,N,CNTAO,CNTAO,USLAX,USLAX,CYP/CYP,21-Jul,21-Jul,40HCx5,5,40HCx5,5,06-Jul,1,5.625,5.625,,,,,,,21-Jul,11-Aug,06-Jul,Yes,,,Triumph,Qingdao,Bkg Agnt,Yes,,,0,,,,,,
AP > NA,AP,NA,CN,CN S.,30,NIK,HDMU,CA235001,YM TRILLION,0005E,HKGM29588800,185639057,Confirmed,N,CNNSA,CNYTN,CAVAN,CAEDM,CYP/CYP,21-Jul,20-Jul,40HCx1,1,40HCx1,1,10-Jul,4,1.125,1.125,,,,,,,20-Jul,06-Aug,04-Jul,Yes,,,Nike,S.China,Direct,Yes,,,-6,,,,,,
AP > NA,AP,NA,CN,CN S.,30,NIK,HDMU,CA235001,YM TRILLION,0005E,HKGM68562900,185639150,Canceled by carrier,N,CNNSA,CNYTN,CAVAN,CAEDM,CYP/CYP,21-Jul,,40HCx1,1,,,,,1.125,,,,,,,,,,,Yes,,,Nike,S.China,Direct,Yes,,,0,,,,,,
AP > NA,AP,NA,CN,CN S.,30,NIK,HDMU,CA235001,YM TRILLION,0005E,HKGM29490800,185639203,Canceled by carrier,N,CNNSA,CNYTN,CAVAN,CAMTR,CYP/CYP,21-Jul,,40HCx2,2,,,,,2.25,,,,,,,,,,,Yes,,,Nike,S.China,Direct,Yes,,,0,,,,,,
AP > NA,AP,NA,CN,CN S.,30,NIK,HDMU,CA235001,YM TRILLION,0005E,HKGM51126100,185639388,Canceled by carrier,N,CNNSA,CNYTN,CAVAN,CAMTR,CYP/CYP,21-Jul,,40HCx1,1,,,,,1.125,,,,,,,,,,,Yes,,,Nike,S.China,Direct,Yes,,,0,,,,,,
AP > NA,AP,NA,CN,CN S.,30,NIK,HDMU,CA235001,YM TRILLION,0005E,HKGM27162200,185640336,Canceled by carrier,N,CNNSA,CNYTN,CAVAN,CAVAN,CYP/CYP,21-Jul,,40HCx1,1,,,,,1.125,,,,,,,,,,,Yes,,,Nike,S.China,Direct,Yes,,,0,,,,,,
AP > NA,AP,NA,CN,CN S.,30,NIK,HDMU,CA235001,YM TRILLION,0005E,HKGM04268000,185640441,Confirmed,N,CNNSA,CNYTN,CAVAN,CAVAN,CYP/CYP,21-Jul,20-Jul,40HCx1,1,40HCx1,1,10-Jul,4,1.125,1.125,,,,,,,20-Jul,06-Aug,04-Jul,Yes,,,Nike,S.China,Direct,Yes,,,-6,,,,,,
AP > NA,AP,NA,CN,CN S.,30,NIK,HDMU,CA235001,YM TRILLION,0005E,HKGM86799000,185640636,Canceled by carrier,N,CNNSA,CNYTN,CAVAN,CAVAN,CYP/CYP,21-Jul,,40HCx1,1,,,,,1.125,,,,,,,,,,,Yes,,,Nike,S.China,Direct,Yes,,,0,,,,,,
AP > NA,AP,NA,VN,VN S.,30,WAL,MSCU,25-970GA,MAERSK ENSENADA,329N,339IN2323978,185669944,Confirmed,N,VNSGN,VNVUT,USTPA,USTPA,CYP/CYP,21-Jul,21-Jul,40HCx1,1,40HCx1,1,05-Jul,1,1.125,1.125,,,,,,,21-Jul,,05-Jul,Yes,,,Walmart,Vietnam,Direct,Yes,,,0,,,,,,
AP > NA,AP,NA,VN,VN S.,30,WAL,MSCU,25-970GA,MAERSK ENSENADA,329N,339IN2323976,185669945,Confirmed,N,VNSGN,VNVUT,USTPA,USTPA,CYP/CYP,21-Jul,21-Jul,40HCx1,1,40HCx1,1,05-Jul,1,1.125,1.125,,,,,,,21-Jul,,05-Jul,Yes,,,Walmart,Vietnam,Direct,Yes,,,0,,,,,,
AP > NA,AP,NA,VN,VN S.,30,WAL,MSCU,25-970GA,MAERSK ENSENADA,329N,339IN2323977,185669946,Confirmed,N,VNSGN,VNVUT,USTPA,USTPA,CYP/CYP,21-Jul,21-Jul,40HCx1,1,40HCx1,1,05-Jul,1,1.125,1.125,,,,,,,21-Jul,,05-Jul,Yes,,,Walmart,Vietnam,Direct,Yes,,,0,,,,,,
AP > NA,AP,NA,VN,VN S.,30,WAL,MSCU,25-970GA,MAERSK ENSENADA,329N,339IN2323975,185669947,Confirmed,N,VNSGN,VNVUT,USTPA,USTPA,CYP/CYP,21-Jul,21-Jul,40HCx1,1,40HCx1,1,05-Jul,1,1.125,1.125,,,,,,,21-Jul,,05-Jul,Yes,,,Walmart,Vietnam,Direct,Yes,,,0,,,,,,
AP > NA,AP,NA,VN,VN S.,30,DEC,MSCU,25-001WW,MAERSK ENSENADA,329N,339IN2324097,185696864,Confirmed,N,VNSGN,VNVUT,USLAX,USLAX,CYP/CYP,21-Jul,21-Jul,40HCx3,3,40HCx3,3,11-Jul,2,3.375,3.375,,,,,,,21-Jul,,05-Jul,Yes,,,Decathlon,Vietnam,Direct,Yes,,,-6,,,,,,
AP > NA,AP,NA,VN,VN S.,30,DEC,COSU,SSM25008,CMA CGM PRIDE,1TU20E1MA,6360533900,185696945,Confirmed,N,VNSGN,VNVUT,USLAX,USLAX,CYP/CYP,21-Jul,23-Jul,40HCx1,1,40HCx1,1,11-Jul,3,1.125,1.125,,,,,,,19-Jul,12-Aug,05-Jul,Yes,,,Decathlon,Vietnam,Direct,Yes,,,-6,,,,,,
AP > NA,AP,NA,CN,CN S.,30,NIK,MSCU,25-970GA,MAERSK ANTARES,328N,TBD,185707493,Canceled by requestor,N,CNYTN,CNYTN,USLAX,USLAX,CYP/CYP,21-Jul,,40HCx6,6,,,,,6.75,,,,,,,,,,,No,,,Nike,S.China,Direct,No,,,0,,,,,,
AP > NA,AP,NA,CN,CN S.,30,NIK,MSCU,25-970GA,MAERSK ANTARES,328N,181AY0232718426P1,185712357,Confirmed,N,CNYTN,CNYTN,USLAX,USLAX,CYP/CYP,21-Jul,21-Jul,40HCx1,1,40HCx1,1,06-Jul,1,1.125,1.125,,,,,,,21-Jul,,06-Jul,Yes,,,Nike,S.China,Direct,Yes,,,0,,,,,,
AP > NA,AP,NA,CN,CN S.,30,NIK,HDMU,CA235001,YM TRILLION,0005E,HKGM38064000,185747913,Confirmed,N,CNYTN,CNYTN,CAVAN,CATOR,CYP/CYP,21-Jul,20-Jul,40HCx1,1,40HCx1,1,10-Jul,3,1.125,1.125,,,,,,,20-Jul,06-Aug,06-Jul,Yes,,,Nike,S.China,Direct,Yes,,,-4,,,,,,
AP > NA,AP,NA,CN,CN S.,30,NIK,MSCU,25-970GA,MAERSK ANTARES,328N,181AY0232719749P1,185758750,Confirmed,N,CNYTN,CNYTN,USLAX,USLAX,CYP/CYP,21-Jul,21-Jul,40HCx1,1,40HCx1,1,06-Jul,1,1.125,1.125,,,,,,,21-Jul,,06-Jul,Yes,,,Nike,S.China,Direct,Yes,,,0,,,,,,
AP > NA,AP,NA,CN,CN S.,30,BBY,MSCU,25-970GA,MAERSK ANTARES,328N,181AY0232720916P1,185809811,Confirmed,N,CNYTN,CNYTN,USLAX,USLAX,CYP/CYP,21-Jul,21-Jul,40HCx8,8,40HCx8,8,07-Jul,1,9,9,,,,,,,21-Jul,,07-Jul,Yes,,,Best Buy,S.China,Direct,Yes,,,0,,,,,,
AP > NA,AP,NA,CN,CN S.,30,NEW,MSCU,25-970GA,MAERSK ANTARES,328N,181AY0232721120P1,185812278,Confirmed,N,CNYTN,CNYTN,USLAX,USKCK,CYP/D,21-Jul,21-Jul,20GPx1,1,20GPx1,1,10-Jul,1,0.5,0.5,,,,,,,21-Jul,,10-Jul,Yes,,,Newell Brands Distribution,S.China,Direct,Yes,,,0,,,,,,
AP > NA,AP,NA,CN,CN N.,30,DEC,MAEU,90-0090,CEZANNE,329N,220121779,185825347,Confirmed,N,CNTAO,CNTAO,USLAX,USLAX,CYP/CYP,21-Jul,21-Jul,45HCx3,3,45HCx3,3,11-Jul,1,3.795,3.795,,,,,,,21-Jul,11-Aug,11-Jul,Yes,,,Decathlon,Qingdao,Bkg Agnt,Yes,,,0,,,,,,
AP > NA,AP,NA,CN,CN N.,30,DEC,MSCU,25-001WW,CEZANNE,329N,177OZCZCQ21505VFB,185825585,Confirmed,N,CNTAO,CNTAO,USLAX,USLAX,CYP/CYP,21-Jul,21-Jul,40HCx1,1,40HCx1,1,10-Jul,1,1.125,1.125,,,,,,,21-Jul,,10-Jul,Yes,,,Decathlon,Qingdao,Bkg Agnt,Yes,,,0,,,,,,
AP > NA,AP,NA,CN,CN S.,30,NEW,MSCU,25-970GA,MAERSK ANTARES,328N,181AY0232722253P1,185866658,Confirmed,N,CNYTN,CNYTN,USLAX,USKCK,CYP/D,21-Jul,21-Jul,40HCx1,1,40HCx1,1,12-Jul,1,1.125,1.125,,,,,,,21-Jul,,12-Jul,Yes,,,Newell Brands Distribution,S.China,Direct,Yes,,,0,,,,,,
AP > NA,AP,NA,CN,CN S.,30,NEW,MSCU,25-970GA,MAERSK ANTARES,328N,181AY0232722256P1,185866784,Confirmed,N,CNYTN,CNYTN,USLAX,USLAX,CYP/CYP,21-Jul,21-Jul,40HCx1,1,40HCx1,1,11-Jul,1,1.125,1.125,,,,,,,21-Jul,,11-Jul,Yes,,,Newell Brands Distribution,S.China,Direct,Yes,,,0,,,,,,
AP > NA,AP,NA,CN,CN E.,30,COS,MAEU,90-0090,MSC RIFAYA,329N,273207244,185969554,Confirmed,Y,CNNKG,CNNKG,USLGB,USLGB,CYP/CYP,21-Jul,07-Aug,40HCx1,1,40HCx1,1,01-Aug,4,1.125,1.125,,,,,,,22-Jul,12-Aug,12-Jul,Yes,,,Costco,Shanghai,Bkg Agnt,Yes,,,-20,,,,,,
AP > NA,AP,NA,CN,CN E.,30,COS,MAEU,90-0090,MSC RIFAYA,329N,273207041,185969661,Confirmed,N,CNNKG,CNNKG,USLGB,USLGB,CYP/CYP,21-Jul,21-Jul,40HCx2,2,40HCx2,2,12-Jul,1,2.25,2.25,,,,,,,22-Jul,12-Aug,12-Jul,Yes,,,Costco,Shanghai,Bkg Agnt,Yes,,,0,,,,,,
AP > NA,AP,NA,CN,CN N.,30,TRI,MSCU,25-001WW,CEZANNE,329N,177OZCZCQ21524VFB,185969675,Confirmed,N,CNTAO,CNTAO,USLAX,USLAX,CYP/CYP,21-Jul,21-Jul,40GPx1,1,40GPx1,1,12-Jul,1,1,1,,,,,,,21-Jul,,12-Jul,Yes,,,Triumph,Qingdao,Bkg Agnt,Yes,,,0,,,,,,
AP > NA,AP,NA,CN,CN S.,30,NEW,MSCU,25-970GA,MSC RIFAYA,329N,181AY0232727350P1,186081421,Confirmed,N,CNYTN,CNYTN,USLGB,USLGB,CYP/CYP,21-Jul,23-Jul,40GPx1,1,40GPx1,1,17-Jul,1,1,1,,,,,,,23-Jul,,17-Jul,Yes,,,Newell Brands Distribution,S.China,Direct,Yes,,,0,,,,,,
AP > NA,AP,NA,CN,CN E.,30,TRI,MAEU,90-0090,MSC RIFAYA,329N,273207118,186250638,Confirmed,N,CNNKG,CNNKG,USLGB,USLGB,CYP/CYP,21-Jul,22-Jul,40GPx1,1,40GPx1,1,18-Jul,2,1,1,,,,,,,22-Jul,12-Aug,18-Jul,Yes,,,Triumph,Shanghai,Bkg Agnt,Yes,,,0,,,,,,
AP > NA,AP,NA,CN,CN E.,30,NEW,MSCU,25-970GA,MSC MELATILDE,327N,177QSYSYS00976,185406480,Confirmed,N,CNSHA,CNSHA,USLGB,USLGB,CYP/CYP,22-Jul,22-Jul,40HCx5,5,40HCx5,5,30-Jun,1,5.625,5.625,,,,,,,22-Jul,,30-Jun,Yes,,,Newell Brands Distribution,Shanghai,Bkg Agnt,Yes,,,0,,,,,,
AP > NA,AP,NA,CN,CN E.,30,NEW,MSCU,25-970GA,MSC MELATILDE,327N,177QSYSYS00977,185407363,Confirmed,N,CNSHA,CNSHA,USLGB,USLGB,CYP/CYP,22-Jul,22-Jul,40HCx3,3,40HCx3,3,30-Jun,1,3.375,3.375,,,,,,,22-Jul,,30-Jun,Yes,,,Newell Brands Distribution,Shanghai,Bkg Agnt,Yes,,,0,,,,,,
AP > NA,AP,NA,CN,CN E.,30,TES,MSCU,25-001WW,MSC LA SPEZIA,328N,177QSYSYS00978,185495825,Confirmed,Y,CNSHA,CNSHA,USLGB,USLGB,CYP/CYP,22-Jul,17-Jul,"40GPx1, 40HCx1",2,"40GPx1, 40HCx1",2,17-Jul,3,2.125,2.125,,,,,,,22-Jul,,07-Jul,Yes,,,Tesla,Shanghai,Bkg Agnt,Yes,,,-10,,,,,,
AP > NA,AP,NA,CN,CN E.,30,DEC,MSCU,25-001WW,MSC LA SPEZIA,328N,177QSYSYS00979,185495897,Confirmed,Y,CNSHA,CNSHA,USLGB,USLGB,CYP/CYP,22-Jul,17-Jul,40HCx3,3,40HCx3,3,17-Jul,3,3.375,3.375,,,,,,,22-Jul,,07-Jul,Yes,,,Decathlon,Shanghai,Bkg Agnt,Yes,,,-10,,,,,,
AP > NA,AP,NA,CN,CN E.,30,TES,MSCU,25-001WW,MSC LA SPEZIA,328N,177QSYSYS00982,185495997,Canceled by carrier,N,CNSHA,CNSHA,USLGB,USLGB,CYP/CYP,22-Jul,,40HCx3,3,,,,,3.375,,,,,,,,,,,Yes,,,Tesla,Shanghai,Bkg Agnt,No,,,0,,,,,,
AP > NA,AP,NA,CN,CN E.,30,TES,MSCU,25-001WW,MSC LA SPEZIA,328N,177QSYSYS00980,185496036,Canceled by carrier,N,CNSHA,CNSHA,USLGB,USLGB,CYP/CYP,22-Jul,,40HCx1,1,,,,,1.125,,,,,,,,,,,Yes,,,Tesla,Shanghai,Bkg Agnt,Yes,,,0,,,,,,
AP > NA,AP,NA,CN,CN E.,30,TES,MSCU,25-001WW,MSC LA SPEZIA,328N,177QSYSYS00981,185496234,Confirmed,Y,CNSHA,CNSHA,USLGB,USLGB,CYP/CYP,22-Jul,17-Jul,40HCx5,5,40HCx5,5,17-Jul,3,5.625,5.625,,,,,,,22-Jul,,07-Jul,Yes,,,Tesla,Shanghai,Bkg Agnt,Yes,,,-10,,,,,,
AP > NA,AP,NA,CN,CN E.,30,DEC,MSCU,25-001WW,MSC LA SPEZIA,328N,177QSYSYS00983,185496268,Confirmed,Y,CNSHA,CNSHA,USLGB,USLGB,CYP/CYP,22-Jul,17-Jul,40HCx1,1,40HCx1,1,17-Jul,4,1.125,1.125,,,,,,,22-Jul,,07-Jul,Yes,,,Decathlon,Shanghai,Bkg Agnt,Yes,,,-10,,,,,,
AP > NA,AP,NA,CN,CN E.,30,BBY,YMLU,Y25-500,YM UPSURGENCE,059E,W228230853,185563463,Confirmed,N,CNXMN,CNXMN,USLAX,USLAX,CYP/CYP,22-Jul,21-Jul,40HCx1,1,40HCx1,1,12-Jul,1,1.125,1.125,,,,,,,21-Jul,,12-Jul,Yes,,,Best Buy,Xiamen,Bkg Agnt,Yes,,,0,,,,,,
AP > NA,AP,NA,VN,VN S.,30,TGT,ONEY,HAM0026,SEASPAN ADONIS,0071E,SGND97156400,185644975,Canceled by carrier,N,VNSGN,VNCMT,USLAX,USWZC,CYP/D,22-Jul,,45HCx1,1,,,,,1.265,,,,,,,,,,,Yes,,,Target,Vietnam,Direct,Yes,,,0,,,,,,
AP > NA,AP,NA,VN,VN S.,30,BBY,MSCU,25-970GA,MSC ORNELLA,329A,339IN2324341,185758231,Confirmed,N,VNSGN,VNVUT,USLAX,USLAX,CYP/CYP,22-Jul,22-Jul,40HCx1,1,40HCx1,1,06-Jul,1,1.125,1.125,,,,,,,22-Jul,,06-Jul,Yes,,,Best Buy,Vietnam,Direct,Yes,,,0,,,,,,
AP > NA,AP,NA,CN,CN E.,30,COS,MSCU,25-001WW,MSC LA SPEZIA,328N,177QSYSYS00998,185831269,Confirmed,N,CNSHA,CNSHA,USLGB,USLGB,CYP/CYP,22-Jul,22-Jul,40HCx2,2,40HCx2,2,14-Jul,3,2.25,2.25,,,,,,,22-Jul,,10-Jul,Yes,,,Costco,Shanghai,Bkg Agnt,Yes,,,-4,,,,,,
AP > NA,AP,NA,CN,CN E.,30,NEW,MSCU,25-970GA,MSC LA SPEZIA,328N,177QSYSYS00999,185886288,Confirmed,N,CNSHA,CNSHA,USLGB,USLGB,CYP/CYP,22-Jul,22-Jul,40HCx3,3,40HCx3,3,10-Jul,1,3.375,3.375,,,,,,,22-Jul,,10-Jul,Yes,,,Newell Brands Distribution,Shanghai,Bkg Agnt,Yes,,,0,,,,,,
AP > NA,AP,NA,CN,CN E.,30,WAL,CMDU,89-0000,,,FOC0268409,185262027,Confirmed,N,CNFOC,CNFOC,USLAX,USLAX,CYP/CYP,23-Jul,23-Jul,40GPx1,1,40GPx1,1,27-Jun,1,1,1,,,,,,,23-Jul,27-Aug,27-Jun,Yes,,,Walmart,Xiamen,Bkg Agnt,Yes,,,0,,,,,,
AP > NA,AP,NA,CN,CN E.,30,HOD,CMDU,89-0000,,,FOC0268405,185262405,Confirmed,N,CNFOC,CNFOC,USLAX,USLAX,CYP/CYP,23-Jul,23-Jul,40HCx2,2,40HCx2,2,27-Jun,1,2.25,2.25,,,,,,,23-Jul,27-Aug,27-Jun,Yes,,,Home Depot,Xiamen,Bkg Agnt,Yes,,,0,,,,,,
AP > NA,AP,NA,CN,CN E.,30,COS,CMDU,89-0000,,,FOC0268407,185262687,Confirmed,N,CNFOC,CNFOC,USLAX,USLAX,CYP/CYP,23-Jul,23-Jul,40HCx1,1,40HCx1,1,27-Jun,1,1.125,1.125,,,,,,,23-Jul,27-Aug,27-Jun,Yes,,,Costco,Xiamen,Bkg Agnt,Yes,,,0,,,,,,
AP > NA,AP,NA,VN,VN N.,30,BBY,HDMU,CA235001,SEASPAN ADONIS,0071E,HANM27674100,185493034,Confirmed,Y,VNHPH,VNHPH,USLAX,USLAX,CYP/CYP,23-Jul,31-Jul,40HCx2,2,40HCx2,2,05-Jul,1,2.25,2.25,,,,,,,31-Jul,17-Aug,05-Jul,Yes,,,Best Buy,Vietnam,Direct,Yes,,,0,,,,,,
AP > NA,AP,NA,CN,CN E.,30,BBY,EGLV,SC50089,EVER LOGIC,1074-065E,EGLV142351357788,185503331,Confirmed,N,CNSHA,CNSHA,USLAX,USLAX,CYP/CYP,23-Jul,23-Jul,40HCx11,11,40HCx11,11,03-Jul,1,12.375,12.375,,,,,,,23-Jul,,03-Jul,Yes,,,Best Buy,Shanghai,Bkg Agnt,Yes,,,0,,,,,,
AP > NA,AP,NA,CN,CN E.,30,NIK,HDMU,CA235001,YM TRILLION,0005E,HDMUSHAZ42360300,185506950,Confirmed,N,CNSHA,CNSHA,CAVAN,CAVAN,CYP/CYP,23-Jul,23-Jul,40RFx1,1,40RFx1,1,04-Jul,1,1.125,1.125,,,,,,,23-Jul,,04-Jul,Yes,,,Nike,Shanghai,Bkg Agnt,Yes,,,0,,,,,,
AP > NA,AP,NA,CN,CN E.,30,NIK,HDMU,CA235001,YM TRILLION,0005E,HDMUSHAZ42365300,185507546,Confirmed,N,CNSHA,CNSHA,CAVAN,CAEDM,CYP/CYP,23-Jul,23-Jul,40HCx2,2,40HCx2,2,04-Jul,1,2.25,2.25,,,,,,,23-Jul,,04-Jul,Yes,,,Nike,Shanghai,Bkg Agnt,Yes,,,0,,,,,,
AP > NA,AP,NA,VN,VN S.,30,TGT,OOLU,PE2506,CMA CGM PRIDE,1TU20E1MA,2141647990,185580566,Confirmed,N,VNSGN,VNTOT,USLAX,USLAX,CYP/CYP,23-Jul,23-Jul,45HCx1,1,45HCx1,1,03-Jul,1,1.265,1.265,,,,,,,23-Jul,11-Aug,03-Jul,Yes,,,Target,Vietnam,Direct,Yes,,,0,,,,,,
AP > NA,AP,NA,CN,CN E.,30,TRI,CMDU,89-0000,,,FOC0268876,185591103,Confirmed,N,CNFOC,CNFOC,USLAX,USLAX,CYP/CYP,23-Jul,23-Jul,40HCx1,1,40HCx1,1,04-Jul,1,1.125,1.125,,,,,,,23-Jul,27-Aug,04-Jul,Yes,,,Triumph,Xiamen,Bkg Agnt,Yes,,,0,,,,,,
AP > NA,AP,NA,VN,VN S.,30,TGT,ONEY,HAM0026,YM WELCOME,036E,SGND96713900,185629511,Confirmed,Y,VNSGN,VNCMT,USLAX,USLAX,CYP/CYP,23-Jul,26-Jul,40HCx1,1,40HCx1,1,04-Jul,1,1.125,1.125,,,,,,,26-Jul,15-Aug,04-Jul,Yes,,,Target,Vietnam,Direct,Yes,,,0,,,,,,
AP > NA,AP,NA,CN,CN E.,30,TRI,COSU,SSM25008,BEIJING,098E,CC4918140230,185621248,Confirmed,Y,CNXMN,CNXMN,USLAX,USLAX,CYP/CYP,23-Jul,26-Jul,"40GPx2, 40HCx3",5,"40GPx2, 40HCx3",5,18-Jul,2,5.375,5.375,,,,,,,23-Jul,07-Aug,06-Jul,Yes,,,Triumph,Xiamen,Bkg Agnt,Yes,,,-12,,,,,,
AP > NA,AP,NA,VN,VN N.,30,DEC,COSU,SSM25008,CSCL EAST CHINA SEA,058E,6360422310,185632393,Confirmed,Y,VNHPH,VNHPH,USLGB,USLAX,CYP/CYP,23-Jul,26-Jul,40HCx2,2,40HCx2,2,02-Aug,9,2.25,2.25,,,,,,,23-Jul,19-Aug,04-Jul,Yes,,,Decathlon,Vietnam,Direct,Yes,,,-29,,,,,,
AP > NA,AP,NA,CN,CN S.,30,NEW,MSCU,25-970GA,MSC RIFAYA,329N,181AY0232716125D1,185635324,Canceled by carrier,N,CNYTN,CNYTN,USLGB,USKCK,CYP/D,23-Jul,,20GPx1,1,,,,,0.5,,,,,,,,,,,No,,,Newell Brands Distribution,S.China,Direct,No,,,0,,,,,,
AP > NA,AP,NA,VN,VN N.,30,BBY,HDMU,CA235001,SEASPAN ADONIS,0071E,HANM75689700,185641221,Confirmed,Y,VNHPH,VNHPH,USLAX,USLAX,CYP/CYP,23-Jul,02-Aug,40HCx3,3,40HCx3,3,31-Jul,6,3.375,3.375,,,,,,,31-Jul,17-Aug,04-Jul,Yes,,,Best Buy,Vietnam,Direct,Yes,,,-27,,,,,,
AP > NA,AP,NA,CN,CN E.,30,DEC,EGLV,SC50089,EVER LOGIC,1074-065E,EGLV142351358661,185649990,Confirmed,N,CNSHA,CNSHA,USLAX,USLAX,CYP/CYP,23-Jul,23-Jul,40HCx1,1,40HCx1,1,05-Jul,1,1.125,1.125,,,,,,,23-Jul,,05-Jul,Yes,,,Decathlon,Shanghai,Bkg Agnt,Yes,,,0,,,,,,
AP > NA,AP,NA,CN,CN S.,30,DEC,MAEU,90-0090,MSC RIFAYA,329N,228951501,185655412,Confirmed,N,CNYTN,CNYTN,USLGB,USLGB,CYP/CYP,23-Jul,23-Jul,40GPx1,1,40GPx1,1,17-Jul,4,1,1,,,,,,,23-Jul,12-Aug,04-Jul,Yes,,,Decathlon,S.China,Direct,Yes,,,-13,,,,,,
AP > NA,AP,NA,CN,CN S.,30,TRI,MAEU,90-0090,MSC RIFAYA,329N,228951502,185655423,Confirmed,N,CNYTN,CNYTN,USLGB,USLGB,CYP/CYP,23-Jul,23-Jul,40HCx1,1,40HCx1,1,17-Jul,4,1.125,1.125,,,,,,,23-Jul,12-Aug,04-Jul,Yes,,,Triumph,S.China,Direct,Yes,,,-13,,,,,,
AP > NA,AP,NA,CN,CN S.,30,TRI,MAEU,90-0090,MSC RIFAYA,329N,228951506,185655424,Confirmed,N,CNYTN,CNYTN,USLGB,USLGB,CYP/CYP,23-Jul,23-Jul,40GPx1,1,40GPx1,1,20-Jul,5,1,1,,,,,,,23-Jul,12-Aug,04-Jul,Yes,,,Triumph,S.China,Direct,Yes,,,-16,,,,,,
AP > NA,AP,NA,CN,CN S.,30,TRI,MAEU,90-0090,MSC RIFAYA,329N,228951503,185655425,Canceled by carrier,N,CNYTN,CNYTN,USLGB,USLGB,CYP/CYP,23-Jul,,40HCx1,1,,,,,1.125,,,,,,,,,,,Yes,,,Triumph,S.China,Direct,No,,,0,,,,,,
AP > NA,AP,NA,CN,CN S.,30,COS,MAEU,90-0090,MSC RIFAYA,329N,228951505,185655426,Canceled by carrier,N,CNYTN,CNYTN,USLGB,USLGB,CYP/CYP,23-Jul,,40HCx1,1,,,,,1.125,,,,,,,,,,,Yes,,,Costco,S.China,Direct,No,,,0,,,,,,
AP > NA,AP,NA,CN,CN S.,30,COS,MAEU,90-0090,MSC RIFAYA,329N,228951570,185655428,Canceled by carrier,N,CNYTN,CNYTN,USLGB,USLGB,CYP/CYP,23-Jul,,40HCx1,1,,,,,1.125,,,,,,,,,,,Yes,,,Costco,S.China,Direct,No,,,0,,,,,,
AP > NA,AP,NA,CN,CN S.,30,COS,MAEU,90-0090,MSC RIFAYA,329N,228951569,185655429,Confirmed,N,CNYTN,CNYTN,USLGB,USLGB,CYP/CYP,23-Jul,23-Jul,40HCx1,1,40HCx1,1,17-Jul,4,1.125,1.125,,,,,,,23-Jul,12-Aug,04-Jul,Yes,,,Costco,S.China,Direct,Yes,,,-13,,,,,,
AP > NA,AP,NA,CN,CN E.,30,TRI,CMDU,89-0000,,,FOC0268989,185685331,Confirmed,N,CNFOC,CNFOC,USLAX,USLAX,CYP/CYP,23-Jul,23-Jul,40HCx1,1,40HCx1,1,05-Jul,1,1.125,1.125,,,,,,,23-Jul,27-Aug,05-Jul,Yes,,,Triumph,Xiamen,Bkg Agnt,Yes,,,0,,,,,,
AP > NA,AP,NA,CN,CN S.,30,NEW,MSCU,25-970GA,MSC RIFAYA,329N,181AY0232717461D1,185687087,Confirmed,N,CNYTN,CNYTN,USLGB,USJAA,CYP/D,23-Jul,23-Jul,40GPx3,3,40GPx3,3,06-Jul,1,3,3,,,,,,,23-Jul,,06-Jul,Yes,,,Newell Brands Distribution,S.China,Direct,Yes,,,0,,,,,,
AP > NA,AP,NA,CN,CN E.,30,NEW,CMDU,89-0000,OOCL EGYPT,053E,NGP0386915,185694064,Confirmed,N," - , ",CNNGB,USLGB,USKCK,CYP/CYP,23-Jul,23-Jul,40HCx1,1,40HCx1,1,06-Jul,1,1.125,1.125,,,,,,,23-Jul,12-Aug,06-Jul,Yes,,,Newell Brands Distribution,Ningbo,Bkg Agnt,Yes,,,0,,,,,,
AP > EU,AP,EU,CN,CN N.,30,HMH,MAEU,90-0080,,,273047035,185745078,Confirmed,N,CNTAO,CNTAO,DEBRV,DEHBO,CYP/D,23-Jul,23-Jul,20GPx1,1,20GPx1,1,11-Jul,1,0.5,0.5,,,,,,,23-Jul,08-Sep,11-Jul,Yes,,,H&M Home,Qingdao,Bkg Agnt,Yes,,,0,,,,,,
AP > EU,AP,EU,CN,CN N.,30,HMH,MAEU,90-0080,,,292105480,185749179,Confirmed,N,CNTAO,CNTAO,DEHAM,DEHAM,CYP/CYP,23-Jul,23-Jul,20GPx1,1,20GPx1,1,10-Jul,1,0.5,0.5,,,,,,,23-Jul,14-Sep,10-Jul,Yes,,,H&M Home,Qingdao,Bkg Agnt,Yes,,,0,,,,,,
AP > EU,AP,EU,CN,CN N.,30,HMH,MAEU,90-0080,,,273047036,185749238,Confirmed,Y,CNTAO,CNTAO,DEBRV,DEHBO,CYP/D,23-Jul,23-Jul,20GPx2,2,20GPx1,1,11-Jul,1,1,0.5,,,,,,,23-Jul,08-Sep,11-Jul,Yes,,,H&M Home,Qingdao,Bkg Agnt,Yes,,,0,,,,,,
AP > NA,AP,NA,CN,CN E.,30,NEW,CMDU,89-0000,OOCL EGYPT,053E,NGP0391031,185749438,Confirmed,N," - , ",CNNGB,USLGB,USLGB,CYP/CYP,23-Jul,23-Jul,40HCx1,1,40HCx1,1,07-Jul,1,1.125,1.125,,,,,,,23-Jul,09-Aug,07-Jul,Yes,,,Newell Brands Distribution,Ningbo,Bkg Agnt,Yes,,,0,,,,,,
AP > NA,AP,NA,VN,VN S.,30,WAL,MSCU,25-970GA,MAERSK ENSENADA,329N,339IN2324355,185760217,Confirmed,Y,VNSGN,VNVUT,USTPA,USTPA,CYP/CYP,23-Jul,21-Jul,40HCx1,1,40HCx1,1,06-Jul,2,1.125,1.125,,,,,,,28-Jul,,06-Jul,Yes,,,Walmart,Vietnam,Direct,Yes,,,0,,,,,,
AP > NA,AP,NA,CN,CN E.,30,NEW,CMDU,89-0000,OOCL EGYPT,053E,NGP0391597,185760758,Confirmed,N," - , ",CNNGB,USLGB,USICT,CYP/D,23-Jul,23-Jul,40GPx1,1,40GPx1,1,07-Jul,1,1,1,,,,,,,23-Jul,19-Aug,07-Jul,Yes,,,Newell Brands Distribution,Ningbo,Bkg Agnt,Yes,,,0,,,,,,
AP > NA,AP,NA,CN,CN S.,30,NEW,MSCU,25-970GA,MSC RIFAYA,329N,181AY0232721207D1,185813610,Confirmed,N,CNYTN,CNYTN,USLGB,USKCK,CYP/D,23-Jul,23-Jul,40HCx2,2,40HCx2,2,19-Jul,2,2.25,2.25,,,,,,,23-Jul,,10-Jul,Yes,,,Newell Brands Distribution,S.China,Direct,Yes,,,-9,,,,,,
AP > EU,AP,EU,CN,CN N.,30,HMH,MAEU,90-0080,,,292105487,185879969,Confirmed,Y,CNTAO,CNTAO,DEHAM,DEHAM,CYP/CYP,23-Jul,20-Jul,40HCx1,1,40HCx1,1,12-Jul,1,1.125,1.125,,,,,,,20-Jul,14-Sep,12-Jul,Yes,,,H&M Home,Qingdao,Bkg Agnt,Yes,,,0,,,,,,
AP > NA,AP,NA,CN,CN E.,30,TES,EGLV,SC50089,EVER LOGIC,1074-065E,EGLV142351360894,185893402,Confirmed,N,CNSHA,CNSHA,USLAX,USLAX,CYP/CYP,23-Jul,23-Jul,x1,1,45HCx1,1,11-Jul,1,1.265,1.265,,,,,,,23-Jul,,11-Jul,Yes,,,Tesla,Shanghai,Bkg Agnt,No,,,0,,,,,,
AP > NA,AP,NA,CN,CN E.,30,TES,EGLV,SC50089,EVER LOGIC,1074-065E,EGLV142351360932,185893546,Confirmed,Y,CNSHA,CNSHA,USLAX,USLAX,CYP/CYP,23-Jul,23-Jul,40HCx2,2,45HCx2,2,11-Jul,1,2.25,2.53,,,,,,,23-Jul,,11-Jul,Yes,,,Tesla,Shanghai,Bkg Agnt,Yes,,,0,,,,,,
AP > NA,AP,NA,CN,CN E.,30,WAL,EGLV,SC50089,EVER LOGIC,1074-065E,EGLV142351360916,185893656,Confirmed,N,CNSHA,CNSHA,USLAX,USLAX,CYP/CYP,23-Jul,23-Jul,x1,1,45HCx1,1,11-Jul,1,1.265,1.265,,,,,,,23-Jul,,11-Jul,Yes,,,Walmart,Shanghai,Bkg Agnt,No,,,0,,,,,,
AP > NA,AP,NA,CN,CN E.,30,TRI,EGLV,SC50089,EVER LOGIC,1074-065E,EGLV142351360941,185893811,Confirmed,N,CNSHA,CNSHA,USLAX,USLAX,CYP/CYP,23-Jul,23-Jul,x1,1,45HCx1,1,11-Jul,1,1.265,1.265,,,,,,,23-Jul,,11-Jul,Yes,,,Triumph,Shanghai,Bkg Agnt,No,,,0,,,,,,
AP > NA,AP,NA,CN,CN E.,30,TRI,EGLV,SC50089,EVER LOGIC,1074-065E,EGLV142351361246,185908116,Canceled by requestor,N,CNSHA,CNSHA,USLAX,USLAX,CYP/CYP,23-Jul,,x1,1,,,,,1.265,,,,,,,,,,,No,,,Triumph,Shanghai,Bkg Agnt,No,,,0,,,,,,
AP > NA,AP,NA,VN,VN S.,30,BBY,MSCU,25-970GA,MAERSK ENSENADA,329N,339IN2325016,185957196,Confirmed,Y,VNSGN,VNVUT,USLAX,USLAX,CYP/CYP,23-Jul,21-Jul,40HCx1,1,40HCx1,1,12-Jul,1,1.125,1.125,,,,,,,21-Jul,,12-Jul,Yes,,,Best Buy,Vietnam,Direct,Yes,,,0,,,,,,
AP > NA,AP,NA,CN,CN S.,30,NEW,YMLU,Y25-500,YM UPSURGENCE,059E,Received,185975634,Canceled by requestor,N,CNYTN,CNYTN,USLAX,USKCK,CYP/CYP,23-Jul,,40HCx1,1,,,,,1.125,,,,,,,,,,,No,,,Newell Brands Distribution,S.China,Direct,No,,,0,,,,,,
AP > NA,AP,NA,CN,CN S.,30,NEW,MSCU,25-970GA,MSC RIFAYA,329N,181AY0232727433D1,186081994,Confirmed,N,CNYTN,CNYTN,USLGB,USKCK,CYP/D,23-Jul,23-Jul,40HCx1,1,40HCx1,1,13-Jul,1,1.125,1.125,,,,,,,23-Jul,,13-Jul,Yes,,,Newell Brands Distribution,S.China,Direct,Yes,,,0,,,,,,
AP > NA,AP,NA,CN,CN S.,30,NEW,MSCU,25-970GA,MSC RIFAYA,329N,181AY0232727434D1,186082165,Confirmed,N,CNYTN,CNYTN,USLGB,USKCK,CYP/D,23-Jul,23-Jul,40GPx1,1,40GPx1,1,13-Jul,1,1,1,,,,,,,23-Jul,,13-Jul,Yes,,,Newell Brands Distribution,S.China,Direct,Yes,,,0,,,,,,
AP > NA,AP,NA,CN,CN S.,30,WAL,MSCU,25-970GA,MSC RIFAYA,329N,181AY0232731323D1,186240761,Canceled by requestor,N,CNYTN,CNYTN,USLGB,USKCK,CYP/D,23-Jul,,40GPx1,1,,,,,1,,,,,,,,,,,No,,,Walmart,S.China,Direct,No,,,0,,,,,,
AP > NA,AP,NA,CN,CN E.,30,HOD,EGLV,SC50089,,,146300528014,185387592,Confirmed,N,CNXMN,CNXMN,USLAX,USLAX,CYP/CYP,24-Jul,26-Jul,40HCx1,1,40HCx1,1,05-Jul,1,1.125,1.125,,,,,,,26-Jul,13-Aug,05-Jul,Yes,,,Home Depot,Xiamen,Bkg Agnt,Yes,,,0,,,,,,
AP > NA,AP,NA,CN,CN E.,30,TRI,MSCU,25-970GA,,,228991497,185436449,Confirmed,N,CNXMN,CNXMN,USLAX,USLAX,CYP/CYP,24-Jul,24-Jul,45HCx1,1,45HCx1,1,05-Jul,1,1.265,1.265,,,,,,,24-Jul,07-Aug,05-Jul,Yes,,,Triumph,Xiamen,Bkg Agnt,Yes,,,0,,,,,,
AP > EU,AP,EU,VN,VN S.,30,HMH,MAEU,90-0080,MAERSK JAIPUR,330S,228880921,185554779,Canceled by carrier,N,VNSGN,VNSGN,DEHAM,DEHAM,CYP/CYP,24-Jul,,40HCx1,1,,,,,1.125,,,,,,,,,,,Yes,MAERSK CANDOR,328W,H&M Home,Vietnam,Direct,No,,,0,,,,,,
AP > NA,AP,NA,CN,CN N.,30,NEW,CMDU,89-0000,COSCO KAOHSIUNG,096E,QGD0324651,185638295,Confirmed,Y,CNTAO,CNTAO,USLGB,USCXL,CYP/D,24-Jul,24-Jul,20GPx2,2,20GPx1,1,05-Jul,1,1,0.5,,,,,,,24-Jul,,05-Jul,Yes,,,Newell Brands Distribution,Qingdao,Bkg Agnt,Yes,,,0,,,,,,
AP > NA,AP,NA,CN,CN S.,30,TES,EGLV,SC50089,EVER LUNAR,0167-064E,149303810173,185654805,Confirmed,N,CNYTN,CNYTN,USLAX,USLAX,CYP/CYP,24-Jul,24-Jul,40HCx1,1,40HCx1,1,14-Jul,2,1.125,1.125,,,,,,,24-Jul,07-Aug,06-Jul,Yes,,,Tesla,S.China,Direct,No,,,-8,,,,,,
AP > NA,AP,NA,CN,CN S.,30,WAL,EGLV,SC50089,EVER LUNAR,0167-064E,149303810319,185654846,Confirmed,N,CNYTN,CNYTN,USLAX,USLAX,CYP/CYP,24-Jul,24-Jul,40HCx1,1,40HCx1,1,06-Jul,1,1.125,1.125,,,,,,,24-Jul,07-Aug,06-Jul,Yes,,,Walmart,S.China,Direct,Yes,,,0,,,,,,
AP > NA,AP,NA,CN,CN S.,30,WAL,EGLV,SC50089,EVER LUNAR,0167-064E,149303810297,185654852,Confirmed,N,CNYTN,CNYTN,USLAX,USLAX,CYP/CYP,24-Jul,24-Jul,40HCx1,1,40HCx1,1,06-Jul,1,1.125,1.125,,,,,,,24-Jul,07-Aug,06-Jul,Yes,,,Walmart,S.China,Direct,Yes,,,0,,,,,,
AP > NA,AP,NA,CN,CN S.,30,WAL,EGLV,SC50089,EVER LUNAR,0167-064E,149303810343,185654853,Confirmed,N,CNYTN,CNYTN,USLAX,USLAX,CYP/CYP,24-Jul,24-Jul,45HCx1,1,45HCx1,1,06-Jul,1,1.265,1.265,,,,,,,24-Jul,07-Aug,06-Jul,Yes,,,Walmart,S.China,Direct,Yes,,,0,,,,,,
AP > NA,AP,NA,CN,CN E.,30,NIK,YMLU,Y25-500,HYUNDAI FORCE,099E,YMPRW241122908,185685785,Confirmed,N,CNNKG,CNNKG,USLAX,USLAX,CYP/CYP,24-Jul,24-Jul,40HCx5,5,40HCx5,5,07-Jul,2,5.625,5.625,,,,,,,24-Jul,,07-Jul,Yes,,,Nike,Shanghai,Bkg Agnt,No,,,0,,,,,,
AP > NA,AP,NA,CN,CN N.,30,WAL,COSU,SSM25008,COSCO KAOHSIUNG,096E,8039945840,185694795,Confirmed,N,CNTAO,CNTAO,USLGB,USLGB,CYP/CYP,24-Jul,24-Jul,40HCx1,1,40HCx1,1,05-Jul,1,1.125,1.125,,,,,,,24-Jul,,05-Jul,Yes,,,Walmart,Qingdao,Bkg Agnt,Yes,,,0,,,,,,
AP > NA,AP,NA,CN,CN S.,30,HOD,EGLV,D900070,EVER LUNAR,0167-064E,149303844230,185712546,Confirmed,N,CNYTN,CNYTN,USLAX,USLAX,CYP/CYP,24-Jul,24-Jul,40HCx1,1,40HCx1,1,06-Jul,1,1.125,1.125,,,,,,,24-Jul,07-Aug,06-Jul,Yes,,,Home Depot,S.China,Direct,No,,,0,,,,,,
AP > NA,AP,NA,CN,CN S.,30,DEC,EGLV,D900070,EVER FASHION,1306-009E,149303844299,185712585,Canceled by carrier,N,CNYTN,CNYTN,USLAX,USLAX,CYP/CYP,24-Jul,,40HCx1,1,,,,,1.125,,,,,,,,,,,No,,,Decathlon,S.China,Direct,No,,,0,,,,,,
AP > NA,AP,NA,CN,CN S.,30,BBY,OOLU,PE2508,COSCO ITALY,061E,2141713460,185714588,Confirmed,Y,CNNSA,CNNSA,USLGB,USLGB,CYP/CYP,24-Jul,24-Jul,40HCx8,8,40HCx2,2,12-Jul,5,9,2.25,,,,,,,,,11-Jul,Yes,,,Best Buy,S.China,Direct,Yes,,,-1,,,,,,
AP > NA,AP,NA,CN,CN S.,30,BBY,COSU,HOI23500,CMA CGM LEO,0TXF3E1MA,6360652050,185769274,Confirmed,Y,CNNSA,CNNSA,USLAX,USLAX,CYP/CYP,24-Jul,28-Jul,40HCx6,6,40HCx6,6,24-Jul,2,6.75,6.75,,,,,,,24-Jul,10-Aug,06-Jul,Yes,,,Best Buy,S.China,Direct,Yes,,,-18,,,,,,
AP > NA,AP,NA,CN,CN S.,30,BBY,COSU,HOI23500,CMA CGM LEO,0TXF3E1MA,6360694430,185804608,Confirmed,Y,CNNSA,CNNSA,USLAX,USLAX,CYP/CYP,24-Jul,28-Jul,40HCx5,5,40HCx5,5,24-Jul,2,5.625,5.625,,,,,,,24-Jul,10-Aug,07-Jul,Yes,,,Best Buy,S.China,Direct,Yes,,,-17,,,,,,
AP > NA,AP,NA,CN,CN N.,30,TES,COSU,SSM25008,COSCO KAOHSIUNG,096E,8042023300,185826224,Confirmed,N,CNTAO,CNTAO,USLGB,USLGB,CYP/CYP,24-Jul,24-Jul,45HCx1,1,45HCx1,1,07-Jul,1,1.265,1.265,,,,,,,24-Jul,,07-Jul,Yes,,,Tesla,Qingdao,Bkg Agnt,Yes,,,0,,,,,,
AP > EU,AP,EU,CN,CN E.,30,NEW,CMDU,89-0000,,,XIA1178481,185827170,Confirmed,N,CNXMN,CNXMN,FRFOS,FRFOS,CYP/CYP,24-Jul,24-Jul,"40GPx1, 40HCx4",5,"40GPx1, 40HCx4",5,11-Jul,2,5.5,5.5,,,,,,,24-Jul,24-Aug,07-Jul,Yes,,,Newell Brands Distribution,Xiamen,Bkg Agnt,Yes,,,-4,,,,,,
AP > EU,AP,EU,CN,CN N.,30,HMH,MAEU,90-0080,MUNICH MAERSK,329W,273037017,185897094,Confirmed,N,CNTSN,CNTSN,NLRTM,NLRTM,CYP/CYP,24-Jul,24-Jul,40HCx1,1,40HCx1,1,12-Jul,1,1.125,1.125,,,,,,,24-Jul,02-Sep,12-Jul,Yes,,,H&M Home,Tianjin,Bkg Agnt,Yes,,,0,,,,,,
AP > EU,AP,EU,CN,CN N.,30,HMH,MAEU,90-0080,MUNICH MAERSK,329W,273037018,185897100,Confirmed,N,CNTSN,CNTSN,NLRTM,NLRTM,CYP/CYP,24-Jul,24-Jul,40HCx1,1,40HCx1,1,12-Jul,1,1.125,1.125,,,,,,,24-Jul,02-Sep,12-Jul,Yes,,,H&M Home,Tianjin,Bkg Agnt,Yes,,,0,,,,,,
AP > EU,AP,EU,CN,CN N.,30,HMH,MAEU,90-0080,MUNICH MAERSK,329W,273037029,185897101,Confirmed,N,CNTSN,CNTSN,NLRTM,NLRTM,CYP/CYP,24-Jul,24-Jul,40HCx1,1,40HCx1,1,12-Jul,1,1.125,1.125,,,,,,,24-Jul,02-Sep,12-Jul,Yes,,,H&M Home,Tianjin,Bkg Agnt,Yes,,,0,,,,,,
AP > EU,AP,EU,CN,CN N.,30,HMH,MAEU,90-0080,MUNICH MAERSK,329W,273037030,185897102,Confirmed,N,CNTSN,CNTSN,NLRTM,NLRTM,CYP/CYP,24-Jul,24-Jul,40HCx1,1,40HCx1,1,12-Jul,1,1.125,1.125,,,,,,,24-Jul,02-Sep,12-Jul,Yes,,,H&M Home,Tianjin,Bkg Agnt,Yes,,,0,,,,,,
AP > NA,AP,NA,CN,CN E.,30,NEW,MSCU,25-970GA,MSC RIFAYA,329N,177QSYSYS01004,186015551,Confirmed,N,CNSHA,CNSHA,USLGB,USKTO,CYP/D,24-Jul,24-Jul,40GPx1,1,40GPx1,1,13-Jul,1,1,1,,,,,,,24-Jul,,13-Jul,Yes,,,Newell Brands Distribution,Shanghai,Bkg Agnt,Yes,,,0,,,,,,
AP > NA,AP,NA,CN,CN E.,30,BBY,OOLU,PE2508,OOCL POLAND,037E,TBD,186394205,Canceled by requestor,N,CNNKG,CNNKG,USLGB,USLGB,CYP/CYP,24-Jul,,40HCx3,3,,,,,3.375,,,,,,,,,,,No,,,Best Buy,Shanghai,Bkg Agnt,No,,,0,,,,,,
AP > NA,AP,NA,CN,CN E.,30,NIK,COSU,SSM25008,OOCL POLAND,037E,COSU6361628390,186397517,Confirmed,N,CNNKG,CNNKG,USLGB,USLGB,CYP/CYP,24-Jul,25-Jul,40HCx3,3,40HCx3,3,20-Jul,1,3.375,3.375,,,,,,,25-Jul,14-Aug,20-Jul,Yes,,,Nike,Shanghai,Bkg Agnt,Yes,,,0,,,,,,
AP > EU,AP,EU,CN,CN E.,30,HMH,MAEU,90-0080,EVELYN MAERSK,329W,228845993,185487973,Canceled by carrier,N,CNSHA,CNSHA,DEHAM,DEHAM,CYP/CYP,25-Jul,,40HCx1,1,,,,,1.125,,,,,,,,,,,Yes,,,H&M Home,Shanghai,Direct,No,,,0,,,,,,
AP > EU,AP,EU,CN,CN E.,30,HMH,MAEU,90-0080,EVELYN MAERSK,329W,228846020,185487976,Canceled by carrier,N,CNSHA,CNSHA,DEHAM,DEHAM,CYP/CYP,25-Jul,,40HCx1,1,,,,,1.125,,,,,,,,,,,Yes,,,H&M Home,Shanghai,Direct,No,,,0,,,,,,
AP > EU,AP,EU,CN,CN E.,30,HMH,MAEU,90-0080,EVELYN MAERSK,329W,228846023,185487977,Canceled by carrier,N,CNSHA,CNSHA,DEHAM,DEHAM,CYP/CYP,25-Jul,,40HCx1,1,,,,,1.125,,,,,,,,,,,Yes,,,H&M Home,Shanghai,Direct,No,,,0,,,,,,
AP > EU,AP,EU,CN,CN E.,30,HMH,MAEU,90-0080,EVELYN MAERSK,329W,228846021,185487978,Canceled by carrier,N,CNSHA,CNSHA,DEHAM,DEHAM,CYP/CYP,25-Jul,,40HCx1,1,,,,,1.125,,,,,,,,,,,Yes,,,H&M Home,Shanghai,Direct,No,,,0,,,,,,
AP > EU,AP,EU,CN,CN E.,30,HMH,MAEU,90-0080,EVELYN MAERSK,329W,228846025,185487979,Canceled by carrier,N,CNSHA,CNSHA,DEHAM,DEHAM,CYP/CYP,25-Jul,,40HCx1,1,,,,,1.125,,,,,,,,,,,Yes,,,H&M Home,Shanghai,Direct,No,,,0,,,,,,
AP > EU,AP,EU,CN,CN E.,30,HMH,MAEU,90-0080,EVELYN MAERSK,329W,228846024,185487981,Canceled by carrier,N,CNSHA,CNSHA,DEHAM,DEHAM,CYP/CYP,25-Jul,,40HCx1,1,,,,,1.125,,,,,,,,,,,Yes,,,H&M Home,Shanghai,Direct,No,,,0,,,,,,
AP > EU,AP,EU,CN,CN E.,30,HMH,MAEU,90-0080,EVELYN MAERSK,329W,228846028,185487982,Canceled by carrier,N,CNSHA,CNSHA,DEHAM,DEHAM,CYP/CYP,25-Jul,,40HCx1,1,,,,,1.125,,,,,,,,,,,Yes,,,H&M Home,Shanghai,Direct,No,,,0,,,,,,
AP > EU,AP,EU,CN,CN E.,30,HMH,MAEU,90-0080,EVELYN MAERSK,329W,228846027,185487983,Canceled by carrier,N,CNSHA,CNSHA,DEHAM,DEHAM,CYP/CYP,25-Jul,,40HCx1,1,,,,,1.125,,,,,,,,,,,Yes,,,H&M Home,Shanghai,Direct,No,,,0,,,,,,
AP > EU,AP,EU,CN,CN E.,30,HMH,MAEU,90-0080,EVELYN MAERSK,329W,228846029,185487987,Canceled by carrier,N,CNSHA,CNSHA,DEHAM,DEHAM,CYP/CYP,25-Jul,,40HCx1,1,,,,,1.125,,,,,,,,,,,Yes,,,H&M Home,Shanghai,Direct,No,,,0,,,,,,
AP > EU,AP,EU,CN,CN E.,30,HMH,MAEU,90-0080,EVELYN MAERSK,329W,228846031,185487988,Canceled by carrier,N,CNSHA,CNSHA,DEHAM,DEHAM,CYP/CYP,25-Jul,,40HCx1,1,,,,,1.125,,,,,,,,,,,Yes,,,H&M Home,Shanghai,Direct,No,,,0,,,,,,
AP > EU,AP,EU,CN,CN E.,30,HMH,MAEU,90-0080,EVELYN MAERSK,329W,228846033,185487991,Canceled by carrier,N,CNSHA,CNSHA,DEHAM,DEHAM,CYP/CYP,25-Jul,,40HCx1,1,,,,,1.125,,,,,,,,,,,Yes,,,H&M Home,Shanghai,Direct,No,,,0,,,,,,
AP > NA,AP,NA,CN,CN E.,30,BBY,OOLU,PE2508,OOCL EGYPT,053E,OOLU2721583460,185503489,Confirmed,N,CNSHA,CNSHA,USLGB,USLGB,CYP/CYP,25-Jul,25-Jul,40HCx11,11,40HCx11,11,03-Jul,1,12.375,12.375,,,,,,,25-Jul,,03-Jul,Yes,,,Best Buy,Shanghai,Bkg Agnt,Yes,,,0,,,,,,
AP > NA,AP,NA,CN,CN E.,30,BBY,EGLV,SC50089,EVER LOGIC,1074-065E,EGLV143370387024,185626432,Canceled by carrier,N,CNNGB,CNNGB,USLAX,USLAX,CYP/CYP,25-Jul,,40HCx2,2,,,,,2.25,,,,,,,,,,,Yes,,,Best Buy,Ningbo,Bkg Agnt,Yes,,,0,,,,,,
AP > NA,AP,NA,TH,TH,30,TES,EGLV,SC50089,CMA CGM A. LINCOLN,1TU24E1MA,050300573763,185644106,Confirmed,N,THLCH,THLCH,USLAX,USLAX,CYP/CYP,25-Jul,25-Jul,"20GPx1, 40GPx1",2,"20GPx1, 40GPx1",2,14-Jul,2,1.5,1.5,,,,,,,25-Jul,18-Aug,10-Jul,Yes,,,Tesla,Thailand,Direct,Yes,,,-4,,,,,,
AP > NA,AP,NA,VN,VN N.,30,BBY,MSCU,25-970GA,MSC ORNELLA,329A,643IN2323924,185645027,Confirmed,N,VNHPH,VNHPH,USLAX,USLAX,CYP/CYP,25-Jul,25-Jul,40GPx1,1,40GPx1,1,06-Jul,1,1,1,,,,,,,25-Jul,,06-Jul,Yes,,,Best Buy,Vietnam,Direct,Yes,,,0,,,,,,
AP > NA,AP,NA,CN,CN S.,30,NEW,CMDU,89-0000,CMA CGM LEO,0TXF3E1MA,ZSN0577668,185649452,Canceled by carrier,N,CNJMN,CNNSA,USLAX,USLAX,CYP/CYP,25-Jul,,40HCx1,1,,,,,1.125,,,,,,,,,,,Yes,,,Newell Brands Distribution,S.China,Direct,No,,,0,,,,,,
AP > NA,AP,NA,CN,CN E.,30,HOD,CMDU,89-0000,COSCO KAOHSIUNG,096E,CHN0411671,185668735,Confirmed,N,CNSHA,CNSHA,USLGB,USLGB,CYP/CYP,25-Jul,27-Jul,40GPx1,1,40GPx1,1,12-Jul,2,1,1,,,,,,,25-Jul,,05-Jul,Yes,,,Home Depot,Shanghai,Bkg Agnt,Yes,,,-7,,,,,,
AP > NA,AP,NA,CN,CN E.,30,TES,CMDU,89-0000,COSCO KAOHSIUNG,096E,CHN0411680,185668770,Confirmed,N,CNSHA,CNSHA,USLGB,USLGB,CYP/CYP,25-Jul,27-Jul,40GPx1,1,40GPx1,1,12-Jul,2,1,1,,,,,,,25-Jul,,05-Jul,Yes,,,Tesla,Shanghai,Bkg Agnt,Yes,,,-7,,,,,,
AP > NA,AP,NA,CN,CN E.,30,COS,CMDU,89-0000,COSCO KAOHSIUNG,096E,CHN0411701,185668861,Confirmed,N,CNSHA,CNSHA,USLGB,USLGB,CYP/CYP,25-Jul,27-Jul,40HCx1,1,40HCx1,1,12-Jul,2,1.125,1.125,,,,,,,25-Jul,,05-Jul,Yes,,,Costco,Shanghai,Bkg Agnt,Yes,,,-7,,,,,,
AP > NA,AP,NA,CN,CN E.,30,DEC,CMDU,89-0000,COSCO KAOHSIUNG,096E,CHN0411774,185668932,Canceled by carrier,N,CNSHA,CNSHA,USLGB,USLGB,CYP/CYP,25-Jul,,45HCx1,1,,,,,1.265,,,,,,,,,,,Yes,,,Decathlon,Shanghai,Bkg Agnt,No,,,0,,,,,,
AP > NA,AP,NA,CN,CN E.,30,COS,CMDU,89-0000,COSCO KAOHSIUNG,096E,CHN0411736,185668960,Confirmed,N,CNSHA,CNSHA,USLGB,USLGB,CYP/CYP,25-Jul,27-Jul,40HCx1,1,40HCx1,1,12-Jul,2,1.125,1.125,,,,,,,25-Jul,,05-Jul,Yes,,,Costco,Shanghai,Bkg Agnt,Yes,,,-7,,,,,,
AP > NA,AP,NA,CN,CN E.,30,DEC,CMDU,89-0000,COSCO KAOHSIUNG,096E,CHN0411723,185668991,Confirmed,N,CNSHA,CNSHA,USLGB,USLGB,CYP/CYP,25-Jul,27-Jul,"40GPx1, 40HCx1",2,"40GPx1, 40HCx1",2,12-Jul,2,2.125,2.125,,,,,,,25-Jul,,05-Jul,Yes,,,Decathlon,Shanghai,Bkg Agnt,Yes,,,-7,,,,,,
AP > NA,AP,NA,CN,CN E.,30,TRI,CMDU,89-0000,COSCO KAOHSIUNG,096E,CHN0411781,185669100,Confirmed,N,CNSHA,CNSHA,USLGB,USLGB,CYP/CYP,25-Jul,27-Jul,40GPx1,1,40GPx1,1,12-Jul,2,1,1,,,,,,,25-Jul,,05-Jul,Yes,,,Triumph,Shanghai,Bkg Agnt,Yes,,,-7,,,,,,
AP > NA,AP,NA,CN,CN E.,30,NEW,CMDU,89-0000,EVER LOGIC,1074-065E,NGP0384871,185680953,Confirmed,N," - , ",CNNGB,USLAX,USCXL,CYP/D,25-Jul,25-Jul,40HCx1,1,40HCx1,1,06-Jul,1,1.125,1.125,,,,,,,25-Jul,15-Aug,06-Jul,Yes,,,Newell Brands Distribution,Ningbo,Bkg Agnt,Yes,,,0,,,,,,
AP > NA,AP,NA,TH,TH,30,COS,EGLV,SC50089,CMA CGM A. LINCOLN,1TU24E1MA,050300578340,185699714,Confirmed,N,THLKR,THLCH,USLAX,USLAX,RR/CYP,25-Jul,25-Jul,40HCx1,1,40HCx1,1,06-Jul,1,1.125,1.125,,,,,,,25-Jul,18-Aug,06-Jul,Yes,,,Costco,Thailand,Direct,Yes,,,0,,,,,,
AP > NA,AP,NA,CN,CN E.,30,NEW,MSCU,25-970GA,CEZANNE,329N,177QSYSYS00992,185716122,Confirmed,N,CNSHA,CNSHA,USLAX,USKCK,CYP/RR,25-Jul,25-Jul,20GPx1,1,20GPx1,1,06-Jul,1,0.5,0.5,,,,,,,25-Jul,,06-Jul,Yes,,,Newell Brands Distribution,Shanghai,Bkg Agnt,Yes,,,0,,,,,,
AP > NA,AP,NA,CN,CN E.,30,NEW,YMLU,Y25-500,CONTI CONQUEST,0022E,YMPRW241122934,185755077,Confirmed,Y,CNNKG,CNNKG,USLAX,USLAX,CYP/CYP,25-Jul,13-Jul,40GPx1,1,40GPx1,1,10-Jul,2,1,1,,,,,,,17-Jul,,07-Jul,Yes,,,Newell Brands Distribution,Shanghai,Bkg Agnt,Yes,,,-3,,,,,,
AP > NA,AP,NA,VN,VN S.,30,BBY,MSCU,25-970GA,MSC ORNELLA,329A,339IN2324390,185772966,Confirmed,Y,VNSGN,VNVUT,USLAX,USLAX,CYP/CYP,25-Jul,22-Jul,40HCx2,2,40HCx2,2,07-Jul,1,2.25,2.25,,,,,,,22-Jul,,07-Jul,Yes,,,Best Buy,Vietnam,Direct,Yes,,,0,,,,,,
AP > NA,AP,NA,CN,CN E.,30,COS,EGLV,SC50089,EVER LOGIC,1074-065E,EGLV143370387211,185900844,Confirmed,N,CNNGB,CNNGB,USLAX,USLAX,CYP/CYP,25-Jul,25-Jul,40GPx1,1,40GPx1,1,12-Jul,1,1,1,,,,,,,25-Jul,,12-Jul,Yes,,,Costco,Ningbo,Bkg Agnt,Yes,,,0,,,,,,
AP > NA,AP,NA,CN,CN E.,30,COS,EGLV,SC50089,EVER LOGIC,1074-065E,EGLV143370387237,185901250,Confirmed,N,CNNGB,CNNGB,USLAX,USLAX,CYP/CYP,25-Jul,25-Jul,40GPx3,3,40GPx3,3,18-Jul,2,3,3,,,,,,,25-Jul,,12-Jul,Yes,,,Costco,Ningbo,Bkg Agnt,Yes,,,-6,,,,,,
AP > NA,AP,NA,CN,CN E.,30,COS,EGLV,SC50089,EVER LOGIC,1074-065E,EGLV143370387229,185901359,Confirmed,N,CNNGB,CNNGB,USLAX,USLAX,CYP/CYP,25-Jul,25-Jul,40HCx5,5,40HCx5,5,12-Jul,1,5.625,5.625,,,,,,,25-Jul,,12-Jul,Yes,,,Costco,Ningbo,Bkg Agnt,Yes,,,0,,,,,,
AP > NA,AP,NA,CN,CN E.,30,COS,MSCU,25-001WW,CEZANNE,329N,177QSYSYS01002,185906392,Confirmed,N,CNSHA,CNSHA,USLAX,USLAX,CYP/CYP,25-Jul,25-Jul,40HCx1,1,40HCx1,1,17-Jul,2,1.125,1.125,,,,,,,25-Jul,,14-Jul,Yes,,,Costco,Shanghai,Bkg Agnt,Yes,,,-3,,,,,,
AP > NA,AP,NA,CN,CN E.,30,HOD,MSCU,25-001WW,CEZANNE,329N,177QSYSYS01001,185906613,Confirmed,N,CNSHA,CNSHA,USLAX,USLAX,CYP/CYP,25-Jul,25-Jul,"40GPx1, 40HCx2",3,"40GPx1, 40HCx2",3,15-Jul,2,3.25,3.25,,,,,,,25-Jul,,14-Jul,Yes,,,Home Depot,Shanghai,Bkg Agnt,Yes,,,-1,,,,,,
AP > NA,AP,NA,CN,CN E.,30,COS,COSU,SSM25008,BEIJING,098E,TSL202307110250,185956452,Confirmed,N,CNNGB,CNNGB,USLGB,USLGB,CYP/CYP,25-Jul,25-Jul,45HCx1,1,45HCx1,1,12-Jul,1,1.265,1.265,,,,,,,25-Jul,,12-Jul,Yes,,,Costco,Ningbo,Bkg Agnt,Yes,,,0,,,,,,
AP > NA,AP,NA,CN,CN E.,30,DEC,COSU,SSM25008,BEIJING,098E,TSL202307110248,185956540,Confirmed,N,CNNGB,CNNGB,USLGB,USLGB,CYP/CYP,25-Jul,25-Jul,40HCx1,1,40HCx1,1,19-Jul,2,1.125,1.125,,,,,,,25-Jul,,12-Jul,Yes,,,Decathlon,Ningbo,Bkg Agnt,Yes,,,-7,,,,,,
AP > NA,AP,NA,CN,CN E.,30,TRI,COSU,SSM25008,BEIJING,098E,TSL202307110265,185956990,Confirmed,N,CNNGB,CNNGB,USLGB,USLGB,CYP/CYP,25-Jul,25-Jul,40HCx1,1,40HCx1,1,12-Jul,1,1.125,1.125,,,,,,,25-Jul,,12-Jul,Yes,,,Triumph,Ningbo,Bkg Agnt,Yes,,,0,,,,,,
AP > NA,AP,NA,CN,CN E.,30,TRI,COSU,SSM25008,BEIJING,098E,TSL202307110264,185957074,Confirmed,N,CNNGB,CNNGB,USLGB,USLGB,CYP/CYP,25-Jul,25-Jul,40HCx1,1,40HCx1,1,12-Jul,1,1.125,1.125,,,,,,,25-Jul,,12-Jul,Yes,,,Triumph,Ningbo,Bkg Agnt,Yes,,,0,,,,,,
AP > NA,AP,NA,CN,CN E.,30,DEC,COSU,SSM25008,BEIJING,098E,TSL202307110266,185957107,Confirmed,N,CNNGB,CNNGB,USLGB,USLGB,CYP/CYP,25-Jul,25-Jul,40HCx2,2,40HCx2,2,12-Jul,1,2.25,2.25,,,,,,,25-Jul,,12-Jul,Yes,,,Decathlon,Ningbo,Bkg Agnt,Yes,,,0,,,,,,
AP > NA,AP,NA,CN,CN E.,30,DEC,COSU,SSM25008,EVER LOGIC,1074-065E,TSL202307110269,185957238,Confirmed,N,CNNGB,CNNGB,USLAX,USLAX,CYP/CYP,25-Jul,25-Jul,40HCx1,1,40HCx1,1,11-Jul,1,1.125,1.125,,,,,,,25-Jul,,11-Jul,Yes,,,Decathlon,Ningbo,Bkg Agnt,Yes,,,0,,,,,,
AP > NA,AP,NA,CN,CN E.,30,TES,COSU,SSM25008,EVER LOGIC,1074-065E,TSL202307110270,185957246,Confirmed,N,CNNGB,CNNGB,USLAX,USLAX,CYP/CYP,25-Jul,25-Jul,40HCx1,1,40HCx1,1,11-Jul,1,1.125,1.125,,,,,,,25-Jul,,11-Jul,Yes,,,Tesla,Ningbo,Bkg Agnt,Yes,,,0,,,,,,
AP > NA,AP,NA,CN,CN E.,30,TES,COSU,SSM25008,EVER LOGIC,1074-065E,TSL202307110272,185957311,Confirmed,N,CNNGB,CNNGB,USLAX,USLAX,CYP/CYP,25-Jul,25-Jul,40HCx1,1,40HCx1,1,11-Jul,1,1.125,1.125,,,,,,,25-Jul,,11-Jul,Yes,,,Tesla,Ningbo,Bkg Agnt,Yes,,,0,,,,,,
AP > NA,AP,NA,CN,CN E.,30,TES,COSU,SSM25008,EVER LOGIC,1074-065E,TSL202307110271,185957355,Confirmed,N,CNNGB,CNNGB,USLAX,USLAX,CYP/CYP,25-Jul,25-Jul,40HCx1,1,40HCx1,1,11-Jul,1,1.125,1.125,,,,,,,25-Jul,,11-Jul,Yes,,,Tesla,Ningbo,Bkg Agnt,Yes,,,0,,,,,,
AP > NA,AP,NA,CN,CN E.,30,TES,COSU,SSM25008,EVER LOGIC,1074-065E,TSL202307110268,185957386,Confirmed,N,CNNGB,CNNGB,USLAX,USLAX,CYP/CYP,25-Jul,25-Jul,40HCx1,1,40HCx1,1,11-Jul,1,1.125,1.125,,,,,,,25-Jul,,11-Jul,Yes,,,Tesla,Ningbo,Bkg Agnt,Yes,,,0,,,,,,
AP > NA,AP,NA,CN,CN E.,30,DEC,EGLV,SC50089,EVER LOGIC,1074-065E,EGLV143370387369,185977970,Confirmed,N,CNNGB,CNNGB,USLAX,USLAX,CYP/CYP,25-Jul,25-Jul,40HCx4,4,40HCx4,4,12-Jul,1,4.5,4.5,,,,,,,25-Jul,08-Aug,12-Jul,Yes,,,Decathlon,Ningbo,Bkg Agnt,Yes,,,0,,,,,,
AP > NA,AP,NA,CN,CN S.,30,NEW,CMDU,89-0000,CMA CGM LEO,0TXF3E1MA,ZSN0579395,186083274,Canceled by carrier,N,CNYTN,CNYTN,USLAX,USLAX,CYP/CYP,25-Jul,,40GPx1,1,,,,,1,,,,,,,,,,,Yes,,,Newell Brands Distribution,S.China,Direct,Yes,,,0,,,,,,
AP > NA,AP,NA,VN,VN N.,30,TES,MSCU,25-001WW,,,TBD,186131501,Canceled by requestor,N,VNHPH,VNHPH,USLAX,USLAX,CYP/CYP,25-Jul,,40HCx2,2,,,,,2.25,,,,,,,,,,,No,,,Tesla,Vietnam,Direct,No,,,0,,,,,,
AP > NA,AP,NA,CN,CN E.,30,NEW,CMDU,89-0000,COSCO PORTUGAL,060E,NGP0409077,186152466,Confirmed,Y," - , ",CNNGB,USLGB,USICT,CYP/D,25-Jul,06-Aug,20GPx1,1,20GPx1,1,24-Jul,1,0.5,0.5,,,,,,,06-Aug,02-Sep,24-Jul,Yes,,,Newell Brands Distribution,Ningbo,Bkg Agnt,Yes,,,0,,,,,,
AP > NA,AP,NA,VN,VN N.,30,BBY,EGLV,SC50089,EVER CHASTE,0007-042N,236300276626,186322277,Confirmed,Y,VNHPH,VNHPH,USLAX,USLAX,CYP/CYP,25-Jul,08-Aug,40HCx4,4,40HCx4,4,18-Jul,1,4.5,4.5,,,,,,,08-Aug,04-Sep,18-Jul,Yes,,,Best Buy,Vietnam,Direct,Yes,,,0,,,,,,
AP > NA,AP,NA,VN,VN N.,30,BBY,EGLV,SC50089,EVER CHASTE,0007-042N,236300276634,186322378,Confirmed,Y,VNHPH,VNHPH,USLAX,USLAX,CYP/CYP,25-Jul,08-Aug,40HCx9,9,40HCx9,9,03-Aug,3,10.125,10.125,,,,,,,08-Aug,04-Sep,18-Jul,Yes,,,Best Buy,Vietnam,Direct,Yes,,,-16,,,,,,
AP > NA,AP,NA,VN,VN N.,30,BBY,EGLV,SC50089,EVER CHASTE,0007-042N,236300276642,186322442,Confirmed,Y,VNHPH,VNHPH,USLAX,USLAX,CYP/CYP,25-Jul,08-Aug,40HCx3,3,40HCx3,3,24-Jul,2,3.375,3.375,,,,,,,09-Aug,04-Sep,18-Jul,Yes,,,Best Buy,Vietnam,Direct,Yes,,,-6,,,,,,
AP > NA,AP,NA,CN,CN E.,30,COS,COSU,HOI23500,,,6359931000,185261816,Confirmed,N,CNFOC,CNFOC,USLAX,USLAX,CYP/CYP,26-Jul,26-Jul,40HCx2,2,40HCx2,2,27-Jun,1,2.25,2.25,,,,,,,26-Jul,27-Aug,27-Jun,Yes,,,Costco,Xiamen,Bkg Agnt,Yes,,,0,,,,,,
AP > NA,AP,NA,CN,CN E.,30,DEC,COSU,HOI23500,,,6359929440,185261895,Confirmed,N,CNFOC,CNFOC,USLAX,USLAX,CYP/CYP,26-Jul,26-Jul,40HCx2,2,40HCx2,2,27-Jun,1,2.25,2.25,,,,,,,26-Jul,27-Aug,27-Jun,Yes,,,Decathlon,Xiamen,Bkg Agnt,Yes,,,0,,,,,,
AP > NA,AP,NA,VN,VN S.,30,COS,COSU,SSM25008,CSCL EAST CHINA SEA,058E,6360231190,185499284,Confirmed,N,VNSGN,VNVUT,USLGB,USLGB,CYP/CYP,26-Jul,25-Jul,40HCx2,2,40HCx2,2,01-Aug,5,2.25,2.25,,,,,,,26-Jul,19-Aug,30-Jun,Yes,,,Costco,Vietnam,Direct,Yes,,,-32,,,,,,
AP > NA,AP,NA,VN,VN S.,30,COS,COSU,SSM25008,CSCL EAST CHINA SEA,058E,6360231210,185499402,Confirmed,N,VNSGN,VNVUT,USLGB,USLGB,CYP/CYP,26-Jul,25-Jul,40HCx1,1,40HCx1,1,02-Aug,6,1.125,1.125,,,,,,,26-Jul,19-Aug,30-Jun,Yes,,,Costco,Vietnam,Direct,Yes,,,-33,,,,,,
AP > NA,AP,NA,VN,VN S.,30,COS,COSU,SSM25008,CSCL EAST CHINA SEA,058E,6360231270,185499508,Confirmed,N,VNSGN,VNVUT,USLGB,USLGB,CYP/CYP,26-Jul,25-Jul,40HCx1,1,40HCx1,1,02-Aug,6,1.125,1.125,,,,,,,26-Jul,19-Aug,30-Jun,Yes,,,Costco,Vietnam,Direct,Yes,,,-33,,,,,,
AP > NA,AP,NA,CN,CN E.,30,TRI,COSU,HOI23500,,,6360426180,185590898,Confirmed,N,CNFOC,CNFOC,USLAX,USLAX,CYP/CYP,26-Jul,26-Jul,40HCx1,1,40HCx1,1,04-Jul,1,1.125,1.125,,,,,,,26-Jul,20-Aug,04-Jul,Yes,,,Triumph,Xiamen,Bkg Agnt,Yes,,,0,,,,,,
AP > NA,AP,NA,CN,CN E.,30,NEW,CMDU,89-0000,,,XIA1176282,185640996,Confirmed,Y,CNXMN,CNXMN,USLAX,USKCK,CYP/CYP,26-Jul,02-Aug,40HCx2,2,40HCx2,2,07-Jul,3,2.25,2.25,,,,,,,26-Jul,13-Aug,04-Jul,Yes,,,Newell Brands Distribution,Xiamen,Bkg Agnt,Yes,,,-3,,,,,,
AP > NA,AP,NA,CN,CN E.,30,NEW,CMDU,89-0000,,,XIA1176427,185641100,Confirmed,N,CNXMN,CNXMN,USLAX,USKCK,CYP/CYP,26-Jul,26-Jul,40HCx2,2,40HCx2,2,04-Jul,1,2.25,2.25,,,,,,,26-Jul,13-Aug,04-Jul,Yes,,,Newell Brands Distribution,Xiamen,Bkg Agnt,Yes,,,0,,,,,,
AP > NA,AP,NA,VN,VN S.,30,BBY,EGLV,SC50089,EVER FAR,0169-014E,235300755046,185686108,Confirmed,N,VNSGN,VNTOT,USLAX,USLAX,CYP/CYP,26-Jul,26-Jul,40HCx1,1,40HCx1,1,06-Jul,1,1.125,1.125,,,,,,,26-Jul,26-Aug,06-Jul,Yes,,,Best Buy,Vietnam,Direct,Yes,,,0,,,,,,
AP > NA,AP,NA,VN,VN S.,30,BBY,EGLV,SC50089,EVER FAR,0169-014E,235300755054,185686148,Confirmed,Y,VNSGN,VNTOT,USLAX,USLAX,CYP/CYP,26-Jul,29-Jul,40HCx2,2,40HCx2,2,24-Jul,4,2.25,2.25,,,,,,,26-Jul,26-Aug,06-Jul,Yes,,,Best Buy,Vietnam,Direct,Yes,,,-18,,,,,,
AP > NA,AP,NA,CN,CN E.,30,HOD,MAEU,90-0090,MSC RIFAYA,329N,292860677,185901633,Canceled by carrier,N,CNNGB,CNNGB,USLGB,USLGB,CYP/CYP,26-Jul,,40HCx1,1,,,,,1.125,,,,,,,,,,,Yes,,,Home Depot,Ningbo,Bkg Agnt,No,,,0,,,,,,
AP > NA,AP,NA,CN,CN E.,30,TES,MAEU,90-0090,MSC RIFAYA,329N,292860678,185901694,Canceled by carrier,N,CNNGB,CNNGB,USLGB,USLGB,CYP/CYP,26-Jul,,40HCx1,1,,,,,1.125,,,,,,,,,,,Yes,,,Tesla,Ningbo,Bkg Agnt,No,,,0,,,,,,
AP > NA,AP,NA,CN,CN E.,30,TES,MAEU,90-0090,MSC RIFAYA,329N,292860675,185902044,Confirmed,N,CNNGB,CNNGB,USLGB,USLGB,CYP/CYP,26-Jul,26-Jul,40HCx1,1,40HCx1,1,11-Jul,1,1.125,1.125,,,,,,,26-Jul,,11-Jul,Yes,,,Tesla,Ningbo,Bkg Agnt,Yes,,,0,,,,,,
AP > NA,AP,NA,CN,CN E.,30,TES,MSCU,25-001WW,MSC RIFAYA,329N,177UGLGLN31854A,185903331,Canceled by carrier,N,CNNGB,CNNGB,USLGB,USLGB,CYP/CYP,26-Jul,,40GPx2,2,,,,,2,,,,,,,,,,,Yes,,,Tesla,Ningbo,Bkg Agnt,No,,,0,,,,,,
AP > NA,AP,NA,CN,CN E.,30,TRI,MSCU,25-001WW,MSC RIFAYA,329N,177UGLGLN31856A,185903361,Confirmed,N,CNNGB,CNNGB,USLGB,USLGB,CYP/CYP,26-Jul,26-Jul,40HCx3,3,40HCx3,3,11-Jul,1,3.375,3.375,,,,,,,26-Jul,,11-Jul,Yes,,,Triumph,Ningbo,Bkg Agnt,Yes,,,0,,,,,,
AP > NA,AP,NA,CN,CN E.,30,TRI,MSCU,25-001WW,MSC RIFAYA,329N,177UGLGLN31853A,185903485,Confirmed,N,CNNGB,CNNGB,USLGB,USLGB,CYP/CYP,26-Jul,26-Jul,40HCx1,1,40HCx1,1,11-Jul,1,1.125,1.125,,,,,,,26-Jul,,11-Jul,Yes,,,Triumph,Ningbo,Bkg Agnt,Yes,,,0,,,,,,
AP > NA,AP,NA,CN,CN E.,30,TRI,MSCU,25-001WW,MSC RIFAYA,329N,177UGLGLN31855A,185903559,Confirmed,N,CNNGB,CNNGB,USLGB,USLGB,CYP/CYP,26-Jul,26-Jul,40GPx2,2,40GPx2,2,11-Jul,1,2,2,,,,,,,26-Jul,,11-Jul,Yes,,,Triumph,Ningbo,Bkg Agnt,Yes,,,0,,,,,,
AP > NA,AP,NA,CN,CN E.,30,TRI,MSCU,25-001WW,MSC RIFAYA,329N,177UGLGLN31860A,185903732,Confirmed,N,CNNGB,CNNGB,USLGB,USLGB,CYP/CYP,26-Jul,26-Jul,40HCx2,2,40HCx2,2,11-Jul,1,2.25,2.25,,,,,,,26-Jul,,11-Jul,Yes,,,Triumph,Ningbo,Bkg Agnt,Yes,,,0,,,,,,
AP > NA,AP,NA,CN,CN E.,30,TRI,MSCU,25-001WW,MSC RIFAYA,329N,177UGLGLN31858A,185903964,Canceled by carrier,N,CNNGB,CNNGB,USLGB,USLGB,CYP/CYP,26-Jul,,40GPx1,1,,,,,1,,,,,,,,,,,Yes,,,Triumph,Ningbo,Bkg Agnt,No,,,0,,,,,,
AP > NA,AP,NA,CN,CN E.,30,HOD,MSCU,25-001WW,MSC RIFAYA,329N,177UGLGLN31861A,185904110,Confirmed,N,CNNGB,CNNGB,USLGB,USLGB,CYP/CYP,26-Jul,26-Jul,40HCx4,4,40HCx4,4,11-Jul,1,4.5,4.5,,,,,,,26-Jul,,11-Jul,Yes,,,Home Depot,Ningbo,Bkg Agnt,Yes,,,0,,,,,,
AP > NA,AP,NA,CN,CN E.,30,COS,MSCU,25-001WW,MSC RIFAYA,329N,177UGLGLN31857A,185904224,Confirmed,N,CNNGB,CNNGB,USLGB,USLGB,CYP/CYP,26-Jul,26-Jul,40HCx1,1,40HCx1,1,11-Jul,1,1.125,1.125,,,,,,,26-Jul,,11-Jul,Yes,,,Costco,Ningbo,Bkg Agnt,Yes,,,0,,,,,,
AP > NA,AP,NA,CN,CN E.,30,COS,MSCU,25-001WW,MSC RIFAYA,329N,177UGLGLN31859A,185904352,Confirmed,N,CNNGB,CNNGB,USLGB,USLGB,CYP/CYP,26-Jul,26-Jul,40HCx1,1,40HCx1,1,11-Jul,1,1.125,1.125,,,,,,,26-Jul,,11-Jul,Yes,,,Costco,Ningbo,Bkg Agnt,Yes,,,0,,,,,,
AP > NA,AP,NA,CN,CN S.,30,CTI,HDMU,CA235001,YM TRIUMPH,0015E,HKGM90058300,185391874,Canceled by carrier,N,CNYTN,CNYTN,CAVAN,CAVAN,CYP/CYP,27-Jul,,40HCx1,1,,,,,1.125,,,,,,,,,,,No,,,Canadian Tire,S.China,Direct,No,,,0,,,,,,
AP > NA,AP,NA,CN,CN S.,30,CTI,HDMU,CA235001,YM TRIUMPH,0015E,HKGM32901700,185391892,Canceled by carrier,N,CNYTN,CNYTN,CAVAN,CAVAN,CYP/CYP,27-Jul,,40HCx1,1,,,,,1.125,,,,,,,,,,,No,,,Canadian Tire,S.China,Direct,No,,,0,,,,,,
AP > NA,AP,NA,CN,CN S.,30,CTI,HDMU,CA235001,YM TRIUMPH,0015E,HKGM90012100,185391904,Canceled by carrier,N,CNYTN,CNYTN,CAVAN,CAVAN,CYP/CYP,27-Jul,,40HCx1,1,,,,,1.125,,,,,,,,,,,No,,,Canadian Tire,S.China,Direct,No,,,0,,,,,,
AP > NA,AP,NA,CN,CN S.,30,CTI,HDMU,CA235001,YM TRIUMPH,0015E,HKGM97744900,185391907,Canceled by carrier,N,CNYTN,CNYTN,CAVAN,CAVAN,CYP/CYP,27-Jul,,40HCx1,1,,,,,1.125,,,,,,,,,,,No,,,Canadian Tire,S.China,Direct,No,,,0,,,,,,
AP > NA,AP,NA,CN,CN S.,30,CTI,HDMU,CA235001,YM TRIUMPH,0015E,HKGM70036500,185391916,Canceled by carrier,N,CNYTN,CNYTN,CAVAN,CAVAN,CYP/CYP,27-Jul,,40HCx1,1,,,,,1.125,,,,,,,,,,,No,,,Canadian Tire,S.China,Direct,No,,,0,,,,,,
AP > NA,AP,NA,CN,CN S.,30,CTI,HDMU,CA235001,YM TRIUMPH,0015E,HKGM66639100,185391918,Canceled by carrier,N,CNYTN,CNYTN,CAVAN,CAVAN,CYP/CYP,27-Jul,,40HCx1,1,,,,,1.125,,,,,,,,,,,No,,,Canadian Tire,S.China,Direct,No,,,0,,,,,,
AP > NA,AP,NA,CN,CN S.,30,CTI,HDMU,CA235001,YM TRIUMPH,0015E,HKGM02778100,185391919,Canceled by carrier,N,CNYTN,CNYTN,CAVAN,CAVAN,CYP/CYP,27-Jul,,40HCx1,1,,,,,1.125,,,,,,,,,,,No,,,Canadian Tire,S.China,Direct,No,,,0,,,,,,
AP > NA,AP,NA,CN,CN S.,30,CTI,HDMU,CA235001,YM TRIUMPH,0015E,HKGM67759800,185391920,Canceled by carrier,N,CNYTN,CNYTN,CAVAN,CAVAN,CYP/CYP,27-Jul,,40HCx1,1,,,,,1.125,,,,,,,,,,,No,,,Canadian Tire,S.China,Direct,No,,,0,,,,,,
AP > NA,AP,NA,CN,CN S.,30,CTI,HDMU,CA235001,YM TRIUMPH,0015E,HKGM72472700,185392282,Canceled by carrier,N,CNYTN,CNYTN,CAVAN,CAVAN,CYP/CYP,27-Jul,,40HCx1,1,,,,,1.125,,,,,,,,,,,No,,,Canadian Tire,S.China,Direct,No,,,0,,,,,,
AP > NA,AP,NA,CN,CN S.,30,CTI,HDMU,CA235001,YM TRIUMPH,0015E,HKGM19269600,185392305,Canceled by carrier,N,CNYTN,CNYTN,CAVAN,CAVAN,CYP/CYP,27-Jul,,40HCx1,1,,,,,1.125,,,,,,,,,,,No,,,Canadian Tire,S.China,Direct,No,,,0,,,,,,
AP > NA,AP,NA,CN,CN S.,30,CTI,HDMU,CA235001,YM TRIUMPH,0015E,HKGM50009500,185392315,Canceled by carrier,N,CNYTN,CNYTN,CAVAN,CAVAN,CYP/CYP,27-Jul,,40HCx1,1,,,,,1.125,,,,,,,,,,,No,,,Canadian Tire,S.China,Direct,No,,,0,,,,,,
AP > NA,AP,NA,CN,CN S.,30,CTI,HDMU,CA235001,YM TRIUMPH,0015E,HKGM88902300,185392317,Canceled by carrier,N,CNYTN,CNYTN,CAVAN,CAVAN,CYP/CYP,27-Jul,,40HCx1,1,,,,,1.125,,,,,,,,,,,No,,,Canadian Tire,S.China,Direct,No,,,0,,,,,,
AP > NA,AP,NA,CN,CN S.,30,CTI,HDMU,CA235001,YM TRIUMPH,0015E,HKGM12634300,185392318,Canceled by carrier,N,CNYTN,CNYTN,CAVAN,CAVAN,CYP/CYP,27-Jul,,40HCx1,1,,,,,1.125,,,,,,,,,,,No,,,Canadian Tire,S.China,Direct,No,,,0,,,,,,
AP > NA,AP,NA,CN,CN S.,30,CTI,HDMU,CA235001,YM TRIUMPH,0015E,HKGM84628200,185392334,Canceled by carrier,N,CNYTN,CNYTN,CAVAN,CAVAN,CYP/CYP,27-Jul,,40HCx1,1,,,,,1.125,,,,,,,,,,,No,,,Canadian Tire,S.China,Direct,No,,,0,,,,,,
AP > NA,AP,NA,CN,CN S.,30,CTI,HDMU,CA235001,YM TRIUMPH,0015E,HKGM61687000,185392341,Canceled by carrier,N,CNYTN,CNYTN,CAVAN,CAVAN,CYP/CYP,27-Jul,,40HCx1,1,,,,,1.125,,,,,,,,,,,No,,,Canadian Tire,S.China,Direct,No,,,0,,,,,,
AP > NA,AP,NA,CN,CN S.,30,CTI,HDMU,CA235001,YM TRIUMPH,0015E,HKGM06440000,185392343,Canceled by carrier,N,CNYTN,CNYTN,CAVAN,CAVAN,CYP/CYP,27-Jul,,40HCx1,1,,,,,1.125,,,,,,,,,,,No,,,Canadian Tire,S.China,Direct,No,,,0,,,,,,
AP > NA,AP,NA,CN,CN S.,30,CTI,HDMU,CA235001,YM TRIUMPH,0015E,HKGM75921200,185392344,Canceled by carrier,N,CNYTN,CNYTN,CAVAN,CAVAN,CYP/CYP,27-Jul,,40HCx1,1,,,,,1.125,,,,,,,,,,,No,,,Canadian Tire,S.China,Direct,No,,,0,,,,,,
AP > NA,AP,NA,CN,CN S.,30,CTI,HDMU,CA235001,YM TRIUMPH,0015E,HKGM79132500,185392346,Canceled by carrier,N,CNYTN,CNYTN,CAVAN,CAVAN,CYP/CYP,27-Jul,,40HCx1,1,,,,,1.125,,,,,,,,,,,No,,,Canadian Tire,S.China,Direct,No,,,0,,,,,,
AP > NA,AP,NA,CN,CN S.,30,CTI,HDMU,CA235001,YM TRIUMPH,0015E,HKGM75222800,185392404,Canceled by carrier,N,CNYTN,CNYTN,CAVAN,CAVAN,CYP/CYP,27-Jul,,20GPx1,1,,,,,0.5,,,,,,,,,,,No,,,Canadian Tire,S.China,Direct,No,,,0,,,,,,
AP > NA,AP,NA,CN,CN S.,30,CTI,HDMU,CA235001,YM TRIUMPH,0015E,HKGM73237000,185392406,Canceled by carrier,N,CNYTN,CNYTN,CAVAN,CAVAN,CYP/CYP,27-Jul,,20GPx1,1,,,,,0.5,,,,,,,,,,,No,,,Canadian Tire,S.China,Direct,No,,,0,,,,,,
AP > NA,AP,NA,CN,CN S.,30,CTI,HDMU,CA235001,YM TRIUMPH,0015E,HKGM15557700,185392407,Canceled by carrier,N,CNYTN,CNYTN,CAVAN,CAVAN,CYP/CYP,27-Jul,,20GPx1,1,,,,,0.5,,,,,,,,,,,No,,,Canadian Tire,S.China,Direct,No,,,0,,,,,,
AP > NA,AP,NA,CN,CN S.,30,CTI,HDMU,CA235001,YM TRIUMPH,0015E,HKGM99376300,185392408,Canceled by carrier,N,CNYTN,CNYTN,CAVAN,CAVAN,CYP/CYP,27-Jul,,20GPx1,1,,,,,0.5,,,,,,,,,,,No,,,Canadian Tire,S.China,Direct,No,,,0,,,,,,
AP > NA,AP,NA,CN,CN S.,30,CTI,HDMU,CA235001,YM TRIUMPH,0015E,HKGM21164400,185392409,Canceled by carrier,N,CNYTN,CNYTN,CAVAN,CAVAN,CYP/CYP,27-Jul,,20GPx1,1,,,,,0.5,,,,,,,,,,,No,,,Canadian Tire,S.China,Direct,No,,,0,,,,,,
AP > NA,AP,NA,CN,CN E.,30,TRI,EGLV,SC50089,,,146300544222,185392542,Confirmed,N,CNXMN,CNXMN,USLAX,USLAX,CYP/CYP,27-Jul,26-Jul,40GPx1,1,40GPx1,1,05-Jul,1,1,1,,,,,,,26-Jul,13-Aug,05-Jul,Yes,,,Triumph,Xiamen,Bkg Agnt,Yes,,,0,,,,,,
AP > NA,AP,NA,CN,CN S.,30,NIK,OOLU,PE2508,COSCO SHIPPING PEONY,024E,2141607260,185481889,Confirmed,N,CNYTN,CNYTN,USLGB,USLGB,CYP/CYP,27-Jul,27-Jul,40GPx1,1,40GPx1,1,17-Jul,4,1,1,,,,,,,27-Jul,10-Aug,30-Jun,Yes,,,Nike,S.China,Direct,Yes,,,-17,,,,,,
AP > NA,AP,NA,CN,CN S.,30,NIK,OOLU,PE2508,COSCO SHIPPING PEONY,024E,2141607270,185481891,Confirmed,N,CNYTN,CNYTN,USLGB,USLGB,CYP/CYP,27-Jul,27-Jul,40GPx1,1,40GPx1,1,20-Jul,2,1,1,,,,,,,27-Jul,10-Aug,30-Jun,Yes,,,Nike,S.China,Direct,Yes,,,-20,,,,,,
AP > NA,AP,NA,CN,CN E.,30,TRI,EGLV,SC50089,,,148300174057,185590730,Confirmed,N,CNFOC,CNFOC,USLAX,USLAX,CYP/CYP,27-Jul,27-Jul,40HCx2,2,40HCx2,2,04-Jul,1,2.25,2.25,,,,,,,27-Jul,21-Aug,04-Jul,Yes,,,Triumph,Xiamen,Bkg Agnt,Yes,,,0,,,,,,
AP > NA,AP,NA,CN,CN E.,30,BBY,MSCU,25-970GA,CEZANNE,329N,177UGLGLN31828A,185626199,Confirmed,N,CNNGB,CNNGB,USLAX,USLAX,CYP/CYP,27-Jul,27-Jul,40HCx5,5,40HCx5,5,10-Jul,1,5.625,5.625,,,,,,,27-Jul,,10-Jul,Yes,,,Best Buy,Ningbo,Bkg Agnt,Yes,,,0,,,,,,
AP > NA,AP,NA,CN,CN E.,30,BBY,HDMU,CA235001,CONTI CONQUEST,0022E,NBOZ26621800,185626356,Confirmed,N,CNNGB,CNNGB,USLAX,USLAX,CYP/CYP,27-Jul,27-Jul,40HCx5,5,40HCx5,5,06-Jul,1,5.625,5.625,,,,,,,27-Jul,,06-Jul,Yes,,,Best Buy,Ningbo,Bkg Agnt,Yes,,,0,,,,,,
AP > NA,AP,NA,CN,CN S.,30,BBY,MSCU,25-970GA,MSC SWEDEN VI,330A,181AY0232716379D1,185641780,Confirmed,N,CNYTN,CNYTN,CAVAN,CAVAN,CYP/CYP,27-Jul,26-Jul,40HCx1,1,40HCx1,1,26-Jul,7,1.125,1.125,,,,,,,27-Jul,,05-Jul,Yes,,,Best Buy,S.China,Direct,Yes,,,-21,,,,,,
AP > NA,AP,NA,CN,CN S.,30,BBY,MSCU,25-970GA,MSC SWEDEN VI,330A,181AY0232716386D1,185641871,Confirmed,N,CNYTN,CNYTN,CAVAN,CAVAN,CYP/CYP,27-Jul,26-Jul,40HCx1,1,40HCx1,1,26-Jul,7,1.125,1.125,,,,,,,27-Jul,,05-Jul,Yes,,,Best Buy,S.China,Direct,Yes,,,-21,,,,,,
AP > NA,AP,NA,CN,CN S.,30,BBY,MSCU,25-970GA,MSC SWEDEN VI,330A,181AY0232716417D1,185642801,Confirmed,N,CNYTN,CNYTN,CAVAN,CAVAN,CYP/CYP,27-Jul,26-Jul,40HCx1,1,40HCx1,1,26-Jul,7,1.125,1.125,,,,,,,27-Jul,,05-Jul,Yes,,,Best Buy,S.China,Direct,Yes,,,-21,,,,,,
AP > NA,AP,NA,CN,CN S.,30,BBY,MSCU,25-970GA,MSC SWEDEN VI,330A,181AY0232716421D1,185642986,Confirmed,N,CNYTN,CNYTN,CAVAN,CATOR,CYP/D,27-Jul,26-Jul,40HCx1,1,40HCx1,1,26-Jul,7,1.125,1.125,,,,,,,27-Jul,,05-Jul,Yes,,,Best Buy,S.China,Direct,Yes,,,-21,,,,,,
AP > NA,AP,NA,CN,CN S.,30,NEW,CMDU,89-0000,CMA CGM LEO,0TXF3E1MA,SHZ5624823,185696916,Canceled by carrier,N,CNYTN,CNYTN,USLAX,USLAX,CYP/D,27-Jul,,40GPx1,1,,,,,1,,,,,,,,,,,Yes,,,Newell Brands Distribution,S.China,Direct,No,,,0,,,,,,
AP > NA,AP,NA,CN,CN S.,30,BBY,OOLU,PE2508,COSCO ITALY,061E,2141706760,185702003,Confirmed,N,CNYTN,CNYTN,USLGB,USLGB,CYP/CYP,27-Jul,27-Jul,40HCx4,4,40HCx4,4,05-Jul,1,4.5,4.5,,,,,,,27-Jul,10-Aug,05-Jul,Yes,,,Best Buy,S.China,Direct,Yes,,,0,,,,,,
AP > NA,AP,NA,CN,CN S.,30,NIK,OOLU,PE2508,COSCO ITALY,061E,2141707200,185702765,Confirmed,N,CNYTN,CNYTN,USLGB,USLGB,CYP/CYP,27-Jul,27-Jul,40HCx1,1,40HCx1,1,05-Jul,1,1.125,1.125,,,,,,,27-Jul,10-Aug,05-Jul,Yes,,,Nike,S.China,Direct,Yes,,,0,,,,,,
AP > NA,AP,NA,CN,CN E.,30,NEW,CMDU,89-0000,COSCO KAOHSIUNG,096E,CHN0415997,185725798,Confirmed,N,CNSHA,CNSHA,USLGB,USLGB,CYP/CYP,27-Jul,27-Jul,40HCx1,1,40HCx1,1,18-Jul,2,1.125,1.125,,,,,,,27-Jul,,06-Jul,Yes,,,Newell Brands Distribution,Shanghai,Bkg Agnt,Yes,,,-12,,,,,,
AP > NA,AP,NA,CN,CN S.,30,NEW,COSU,SSM25008,COSCO ITALY,061E,6360606170,185747815,Confirmed,N,CNYTN,CNYTN,USLGB,USKCK,CYP/CYP,27-Jul,27-Jul,20GPx1,1,20GPx1,1,06-Jul,1,0.5,0.5,,,,,,,27-Jul,10-Aug,06-Jul,Yes,,,Newell Brands Distribution,S.China,Direct,Yes,,,0,,,,,,
AP > NA,AP,NA,CN,CN S.,30,NEW,COSU,SSM25008,COSCO ITALY,061E,6360608310,185747863,Confirmed,N,CNYTN,CNYTN,USLGB,USKCK,CYP/CYP,27-Jul,27-Jul,20GPx1,1,20GPx1,1,06-Jul,1,0.5,0.5,,,,,,,27-Jul,10-Aug,06-Jul,Yes,,,Newell Brands Distribution,S.China,Direct,Yes,,,0,,,,,,
AP > NA,AP,NA,CN,CN E.,30,NIK,YMLU,Y25-500,HYUNDAI FORCE,099E,YMCEXG251354,185747902,Confirmed,N,CNNGB,CNNGB,USLAX,USLAX,CYP/CYP,27-Jul,27-Jul,40HCx1,1,40HCx1,1,12-Jul,1,1.125,1.125,,,,,,,27-Jul,,12-Jul,Yes,,,Nike,Ningbo,Bkg Agnt,Yes,,,0,,,,,,
AP > NA,AP,NA,CN,CN E.,30,NIK,YMLU,Y25-500,HYUNDAI FORCE,099E,YMCEXG251353,185748106,Confirmed,N,CNNGB,CNNGB,USLAX,USLAX,CYP/CYP,27-Jul,27-Jul,40GPx2,2,40GPx2,2,12-Jul,1,2,2,,,,,,,27-Jul,,12-Jul,Yes,,,Nike,Ningbo,Bkg Agnt,Yes,,,0,,,,,,
AP > NA,AP,NA,CN,CN S.,30,NEW,CMDU,89-0000,CMA CGM MUMBAI,0TXF5E1MA,SHZ5627308,185758658,Confirmed,Y,CNYTN,CNYTN,USLAX,USKCK,CYP/CYP,27-Jul,06-Aug,20GPx1,1,20GPx1,1,06-Jul,1,0.5,0.5,,,,,,,06-Aug,20-Aug,06-Jul,Yes,,,Newell Brands Distribution,S.China,Direct,Yes,,,0,,,,,,
AP > NA,AP,NA,CN,CN S.,30,BBY,COSU,HOI23500,COSCO ITALY,061E,6360652800,185769741,Confirmed,N,CNYTN,CNYTN,USLGB,USLGB,CYP/CYP,27-Jul,27-Jul,40HCx2,2,40HCx2,2,06-Jul,1,2.25,2.25,,,,,,,27-Jul,10-Aug,06-Jul,Yes,,,Best Buy,S.China,Direct,Yes,,,0,,,,,,
AP > NA,AP,NA,CN,CN S.,30,BBY,COSU,HOI23500,COSCO ITALY,061E,6360653220,185770218,Canceled by carrier,N,CNYTN,CNYTN,USLGB,USLGB,CYP/CYP,27-Jul,,40HCx1,1,,,,,1.125,,,,,,,,,,,Yes,,,Best Buy,S.China,Direct,No,,,0,,,,,,
AP > NA,AP,NA,CN,CN S.,30,TRI,COSU,SSM25008,COSCO ITALY,061E,6360687480,185776352,Confirmed,N,CNYTN,CNYTN,USLGB,USLGB,CYP/CYP,27-Jul,27-Jul,40GPx1,1,40GPx1,1,07-Jul,1,1,1,,,,,,,27-Jul,10-Aug,07-Jul,Yes,,,Triumph,S.China,Direct,Yes,,,0,,,,,,
AP > NA,AP,NA,CN,CN S.,30,TRI,COSU,SSM25008,COSCO ITALY,061E,6360687720,185776358,Confirmed,N,CNYTN,CNYTN,USLGB,USLGB,CYP/CYP,27-Jul,27-Jul,40HCx1,1,40HCx1,1,14-Jul,2,1.125,1.125,,,,,,,27-Jul,10-Aug,07-Jul,Yes,,,Triumph,S.China,Direct,Yes,,,-7,,,,,,
AP > NA,AP,NA,CN,CN S.,30,TRI,COSU,SSM25008,COSCO ITALY,061E,6360688370,185776411,Confirmed,N,CNYTN,CNYTN,USLGB,USLGB,CYP/CYP,27-Jul,27-Jul,40HCx1,1,40HCx1,1,07-Jul,1,1.125,1.125,,,,,,,27-Jul,10-Aug,07-Jul,Yes,,,Triumph,S.China,Direct,Yes,,,0,,,,,,
AP > NA,AP,NA,CN,CN S.,30,TRI,COSU,SSM25008,COSCO ITALY,061E,6360688330,185776413,Confirmed,N,CNYTN,CNYTN,USLGB,USLGB,CYP/CYP,27-Jul,27-Jul,45HCx1,1,45HCx1,1,07-Jul,1,1.265,1.265,,,,,,,27-Jul,10-Aug,07-Jul,Yes,,,Triumph,S.China,Direct,Yes,,,0,,,,,,
AP > NA,AP,NA,CN,CN S.,30,TRI,COSU,SSM25008,COSCO ITALY,061E,6360688350,185776431,Canceled by carrier,N,CNYTN,CNYTN,USLGB,USLGB,CYP/CYP,27-Jul,,40HCx1,1,,,,,1.125,,,,,,,,,,,Yes,,,Triumph,S.China,Direct,No,,,0,,,,,,
AP > NA,AP,NA,CN,CN S.,30,TES,COSU,SSM25008,COSCO ITALY,061E,6360688410,185776432,Confirmed,N,CNYTN,CNYTN,USLGB,USLGB,CYP/CYP,27-Jul,27-Jul,45HCx1,1,45HCx1,1,07-Jul,1,1.265,1.265,,,,,,,27-Jul,10-Aug,07-Jul,Yes,,,Tesla,S.China,Direct,Yes,,,0,,,,,,
AP > NA,AP,NA,CN,CN S.,30,TES,COSU,SSM25008,COSCO ITALY,061E,6360688460,185776439,Confirmed,N,CNYTN,CNYTN,USLGB,USLGB,CYP/CYP,27-Jul,27-Jul,45HCx1,1,45HCx1,1,07-Jul,1,1.265,1.265,,,,,,,27-Jul,10-Aug,07-Jul,Yes,,,Tesla,S.China,Direct,Yes,,,0,,,,,,
AP > NA,AP,NA,CN,CN S.,30,BBY,OOLU,PE2506,COSCO ITALY,061E,2141757870,185819238,Canceled by carrier,N,CNYTN,CNYTN,USLGB,USLGB,CYP/CYP,27-Jul,,40HCx2,2,,,,,2.25,,,,,,,,,,,No,,,Best Buy,S.China,Direct,No,,,0,,,,,,
AP > NA,AP,NA,CN,CN E.,30,NIK,MSCU,25-970GA,CEZANNE,329N,177UGLGLN31847A,185892408,Confirmed,N,CNNGB,CNNGB,USLAX,USLAX,CYP/CYP,27-Jul,27-Jul,40HCx1,1,40HCx1,1,11-Jul,1,1.125,1.125,,,,,,,27-Jul,28-Jul,11-Jul,Yes,,,Nike,Ningbo,Bkg Agnt,Yes,,,0,,,,,,
AP > EU,AP,EU,CN,CN E.,30,NEW,CMDU,89-0000,,,NGP0398409,185896985,Confirmed,Y," - , ",CNNGB,NLRTM,NLRTM,CYP/CYP,27-Jul,01-Aug,20GPx1,1,20GPx1,1,18-Jul,1,0.5,0.5,,,,,,,01-Aug,29-Aug,18-Jul,Yes,,,Newell Brands Distribution,Ningbo,Bkg Agnt,Yes,,,0,,,,,,
AP > NA,AP,NA,VN,VN S.,30,WAL,MAEU,90-0080,MAERSK ESSEX,330N,229121139,185902810,Confirmed,Y,VNSGN,VNVUT,USTPA,USTPA,CYP/CYP,27-Jul,25-Jul,40HCx1,1,40HCx1,1,10-Jul,1,1.125,1.125,,,,,,,25-Jul,22-Sep,10-Jul,Yes,ZIM WILMINGTON,013E,Walmart,Vietnam,Direct,Yes,,,0,,,,,,
AP > NA,AP,NA,VN,VN S.,30,WAL,MAEU,90-0080,MAERSK ESSEX,330N,229121126,185902837,Confirmed,Y,VNSGN,VNVUT,USTPA,USTPA,CYP/CYP,27-Jul,25-Jul,40HCx1,1,40HCx1,1,10-Jul,1,1.125,1.125,,,,,,,25-Jul,22-Sep,10-Jul,Yes,ZIM WILMINGTON,013E,Walmart,Vietnam,Direct,Yes,,,0,,,,,,
AP > NA,AP,NA,VN,VN S.,30,WAL,MAEU,90-0080,MAERSK ESSEX,330N,229121132,185902840,Confirmed,Y,VNSGN,VNVUT,USTPA,USTPA,CYP/CYP,27-Jul,25-Jul,40HCx1,1,40HCx1,1,10-Jul,1,1.125,1.125,,,,,,,25-Jul,22-Sep,10-Jul,Yes,ZIM WILMINGTON,013E,Walmart,Vietnam,Direct,Yes,,,0,,,,,,
AP > NA,AP,NA,VN,VN S.,30,WAL,MAEU,90-0080,MAERSK ESSEX,330N,229121122,185902843,Confirmed,Y,VNSGN,VNVUT,USTPA,USTPA,CYP/CYP,27-Jul,25-Jul,40HCx1,1,40HCx1,1,10-Jul,1,1.125,1.125,,,,,,,25-Jul,22-Sep,10-Jul,Yes,ZIM WILMINGTON,013E,Walmart,Vietnam,Direct,Yes,,,0,,,,,,
AP > NA,AP,NA,VN,VN S.,30,WAL,MAEU,90-0080,MAERSK ESSEX,330N,229121124,185902844,Confirmed,Y,VNSGN,VNVUT,USTPA,USTPA,CYP/CYP,27-Jul,25-Jul,40HCx1,1,40HCx1,1,10-Jul,1,1.125,1.125,,,,,,,25-Jul,22-Sep,10-Jul,Yes,ZIM WILMINGTON,013E,Walmart,Vietnam,Direct,Yes,,,0,,,,,,
AP > NA,AP,NA,VN,VN S.,30,WAL,MAEU,90-0080,MAERSK ESSEX,330N,229121138,185902854,Confirmed,Y,VNSGN,VNVUT,USTPA,USTPA,CYP/CYP,27-Jul,25-Jul,40HCx1,1,40HCx1,1,10-Jul,1,1.125,1.125,,,,,,,25-Jul,22-Sep,10-Jul,Yes,ZIM WILMINGTON,013E,Walmart,Vietnam,Direct,Yes,,,0,,,,,,
AP > NA,AP,NA,VN,VN S.,30,WAL,MAEU,90-0080,MAERSK ESSEX,330N,229121136,185902858,Confirmed,Y,VNSGN,VNVUT,USTPA,USTPA,CYP/CYP,27-Jul,25-Jul,40HCx1,1,40HCx1,1,10-Jul,1,1.125,1.125,,,,,,,25-Jul,22-Sep,10-Jul,Yes,ZIM WILMINGTON,013E,Walmart,Vietnam,Direct,Yes,,,0,,,,,,
AP > NA,AP,NA,VN,VN S.,30,WAL,MAEU,90-0080,MAERSK ESSEX,330N,229121137,185902864,Confirmed,Y,VNSGN,VNVUT,USTPA,USTPA,CYP/CYP,27-Jul,25-Jul,40HCx1,1,40HCx1,1,10-Jul,1,1.125,1.125,,,,,,,25-Jul,22-Sep,10-Jul,Yes,ZIM WILMINGTON,013E,Walmart,Vietnam,Direct,Yes,,,0,,,,,,
AP > NA,AP,NA,CN,CN E.,30,HOD,CMDU,89-0000,COSCO KAOHSIUNG,096E,CHN0424676,185907036,Confirmed,N,CNSHA,CNSHA,USLGB,USLGB,CYP/CYP,27-Jul,27-Jul,"40HCx3, 45HCx1",4,"40HCx3, 45HCx1",4,12-Jul,2,4.64,4.64,,,,,,,27-Jul,,10-Jul,Yes,,,Home Depot,Shanghai,Bkg Agnt,Yes,,,-2,,,,,,
AP > NA,AP,NA,CN,CN E.,30,WAL,CMDU,89-0000,COSCO KAOHSIUNG,096E,CHN0424708,185907280,Confirmed,N,CNSHA,CNSHA,USLGB,USLGB,CYP/CYP,27-Jul,27-Jul,45HCx1,1,45HCx1,1,12-Jul,2,1.265,1.265,,,,,,,27-Jul,,10-Jul,Yes,,,Walmart,Shanghai,Bkg Agnt,Yes,,,-2,,,,,,
AP > NA,AP,NA,CN,CN E.,30,TRI,HDMU,CA235001,HYUNDAI FORCE,099E,HDMUSHAZ47872800,185909670,Confirmed,N,CNSHA,CNSHA,USLAX,USLAX,CYP/CYP,27-Jul,27-Jul,x1,1,45HCx1,1,11-Jul,1,1.265,1.265,,,,,,,27-Jul,,11-Jul,Yes,,,Triumph,Shanghai,Bkg Agnt,No,,,0,,,,,,
AP > NA,AP,NA,CN,CN E.,30,NEW,MSCU,25-970GA,CEZANNE,329N,177UVDNWN931Q3A,185962800,Confirmed,N," - , ",CNNGB,USLAX,USLAX,CYP/CYP,27-Jul,27-Jul,40HCx4,4,40HCx4,4,13-Jul,1,4.5,4.5,,,,,,,27-Jul,12-Aug,13-Jul,Yes,,,Newell Brands Distribution,Ningbo,Bkg Agnt,Yes,,,0,,,,,,
AP > NA,AP,NA,CN,CN S.,30,NEW,YMLU,Y25-500,One Altair,061E,W224003855,186023028,Confirmed,Y,CNZSN,CNYTN,USLAX,USLAX,CYP/CYP,27-Jul,03-Aug,40HCx1,1,40HCx1,1,17-Jul,1,1.125,1.125,,,,,,,03-Aug,17-Aug,17-Jul,Yes,,,Newell Brands Distribution,S.China,Direct,Yes,,,0,,,,,,
AP > NA,AP,NA,CN,CN E.,30,NEW,MSCU,25-970GA,CEZANNE,329N,177UVDNWN931Q2A,186026881,Confirmed,N," - , ",CNNGB,USLAX,USLAX,CYP/CYP,27-Jul,27-Jul,40HCx4,4,40HCx4,4,13-Jul,1,4.5,4.5,,,,,,,27-Jul,12-Aug,13-Jul,Yes,,,Newell Brands Distribution,Ningbo,Bkg Agnt,Yes,,,0,,,,,,
AP > NA,AP,NA,CN,CN E.,30,HOD,CMDU,89-0000,,,FOC0269582,186159788,Confirmed,N,CNFOC,CNFOC,USLAX,USLAX,CYP/CYP,27-Jul,27-Jul,40HCx3,3,40HCx3,3,17-Jul,1,3.375,3.375,,,,,,,27-Jul,20-Aug,17-Jul,Yes,,,Home Depot,Xiamen,Bkg Agnt,Yes,,,0,,,,,,
AP > NA,AP,NA,CN,CN S.,30,NEW,CMDU,89-0000,CMA CGM MUMBAI,0TXF5E1MA,SHZ5645246,186238558,Confirmed,Y,CNYTN,CNYTN,USLAX,USLAX,CYP/CYP,27-Jul,06-Aug,20GPx1,1,20GPx1,1,24-Jul,1,0.5,0.5,,,,,,,06-Aug,20-Aug,24-Jul,Yes,,,Newell Brands Distribution,S.China,Direct,Yes,,,0,,,,,,
AP > NA,AP,NA,VN,VN S.,31,COS,MSCU,25-001WW,MAERSK ESSEX,330N,339IN2323329,185469372,Confirmed,N,VNSGN,VNVUT,USLAX,USLAX,CYP/CYP,28-Jul,28-Jul,40HCx4,4,40HCx4,4,30-Jun,1,4.5,4.5,,,,,,,28-Jul,,30-Jun,Yes,,,Costco,Vietnam,Direct,Yes,,,0,,,,,,
AP > NA,AP,NA,VN,VN S.,31,WAL,MSCU,25-001WW,MAERSK ESSEX,330N,339IN2323328,185469384,Confirmed,N,VNSGN,VNVUT,USLAX,USLAX,CYP/CYP,28-Jul,28-Jul,40GPx1,1,40GPx1,1,30-Jun,1,1,1,,,,,,,28-Jul,,30-Jun,Yes,,,Walmart,Vietnam,Direct,Yes,,,0,,,,,,
AP > NA,AP,NA,VN,VN S.,31,DEC,COSU,SSM25008,OOCL KOREA,043E,6360188340,185471149,Confirmed,Y,VNSGN,VNVUT,USLGB,USLGB,CYP/CYP,28-Jul,25-Jul,40HCx2,2,40HCx2,2,02-Aug,7,2.25,2.25,,,,,,,26-Jul,19-Aug,30-Jun,Yes,CSCL SOUTH CHINA SEA,063E,Decathlon,Vietnam,Direct,Yes,,,-33,,,,,,
AP > NA,AP,NA,VN,VN S.,31,DEC,EGLV,SC50089,CMA CGM A. LINCOLN,1TU24E1MA,235300737099,185471170,Confirmed,N,VNSGN,VNTOT,USLAX,USLAX,CYP/CYP,28-Jul,30-Jul,40HCx1,1,40HCx1,1,25-Jul,5,1.125,1.125,,,,,,,28-Jul,18-Aug,03-Jul,Yes,,,Decathlon,Vietnam,Direct,Yes,,,-22,,,,,,
AP > NA,AP,NA,VN,VN S.,31,HOD,EGLV,SC50089,EVER FOREVER,0173-016E,235300737111,185471250,Confirmed,Y,VNSGN,VNTOT,USLAX,USLAX,CYP/CYP,28-Jul,26-Aug,45HCx1,1,45HCx1,1,31-Jul,2,1.265,1.265,,,,,,,05-Aug,28-Aug,20-Jul,Yes,,,Home Depot,Vietnam,Direct,Yes,,,-11,,,,,,
AP > NA,AP,NA,VN,VN S.,31,COS,EGLV,SC50089,EVER FEAT,1312-015E,235300737102,185471279,Confirmed,Y,VNSGN,VNTOT,USLAX,USLAX,CYP/CYP,28-Jul,19-Aug,40HCx1,1,40HCx1,1,21-Jul,3,1.125,1.125,,,,,,,28-Jul,18-Aug,03-Jul,Yes,,,Costco,Vietnam,Direct,No,,,-18,,,,,,
AP > NA,AP,NA,VN,VN S.,31,COS,EGLV,SC50089,EVER FAR,0169-014E,235300742882,185544484,Confirmed,N,VNSGN,VNTOT,USLAX,USLAX,CYP/CYP,28-Jul,29-Jul,40HCx1,1,40HCx1,1,19-Jul,2,1.125,1.125,,,,,,,28-Jul,21-Aug,03-Jul,Yes,,,Costco,Vietnam,Direct,Yes,,,-16,,,,,,
AP > NA,AP,NA,VN,VN S.,31,HOD,EGLV,SC50089,COSCO SHIPPING PEONY,024E,235300742874,185544513,Canceled by carrier,N,VNSGN,VNTOT,USLGB,USLAX,CYP/CYP,28-Jul,,40HCx2,2,,,,,2.25,,,,,,,,,,,Yes,,,Home Depot,Vietnam,Direct,No,,,0,,,,,,
AP > NA,AP,NA,VN,VN S.,31,COS,MSCU,25-001WW,MAERSK ESSEX,330N,339IN2323817,185607291,Canceled by requestor,N,VNSGN,VNVUT,USLAX,USLAX,CYP/CYP,28-Jul,,45HCx1,1,,,,,1.265,,,,,,,,,,,No,,,Costco,Vietnam,Direct,No,,,0,,,,,,
AP > NA,AP,NA,CN,CN E.,31,NEW,CMDU,89-0000,,,XIA1176342,185642076,Confirmed,N,CNXMN,CNXMN,USSAV,USXFS,CYP/CYP,28-Jul,28-Jul,40HCx1,1,40HCx1,1,04-Jul,1,1.125,1.125,,,,,,,28-Jul,02-Sep,04-Jul,Yes,,,Newell Brands Distribution,Xiamen,Bkg Agnt,Yes,,,0,,,,,,
AP > NA,AP,NA,VN,VN S.,31,TGT,OOLU,PE2508,COSCO SHIPPING PEONY,024E,2141679060,185643790,Confirmed,N,VNSGN,VNTOT,USLGB,USWZC,CYP/D,28-Jul,28-Jul,40HCx2,2,40HCx2,2,19-Jul,3,2.25,2.25,,,,,,,28-Jul,17-Aug,04-Jul,Yes,,,Target,Vietnam,Direct,Yes,,,-15,,,,,,
AP > NA,AP,NA,CN,CN S.,31,TES,MSCU,25-001WW,MAERSK ENSENADA,329N,181AY0232716726P1,185654112,Confirmed,N,CNYTN,CNYTN,USLAX,USLAX,CYP/CYP,28-Jul,28-Jul,40HCx1,1,40HCx1,1,05-Jul,1,1.125,1.125,,,,,,,28-Jul,,05-Jul,Yes,,,Tesla,S.China,Direct,Yes,,,0,,,,,,
AP > EU,AP,EU,CN,CN N.,31,HMH,MAEU,90-0080,,,292105475,185693670,Confirmed,N,CNTAO,CNTAO,DEHAM,DEHAM,CYP/CYP,28-Jul,30-Jul,40HCx1,1,40HCx1,1,17-Jul,1,1.125,1.125,,,,,,,30-Jul,21-Sep,17-Jul,Yes,,,H&M Home,Qingdao,Bkg Agnt,Yes,,,0,,,,,,
AP > EU,AP,EU,CN,CN N.,31,HMH,MAEU,90-0080,,,273047033,185693898,Confirmed,N,CNTAO,CNTAO,DEBRV,DEHBO,CYP/D,28-Jul,30-Jul,40HCx1,1,40HCx1,1,17-Jul,1,1.125,1.125,,,,,,,30-Jul,15-Sep,17-Jul,Yes,,,H&M Home,Qingdao,Bkg Agnt,Yes,,,0,,,,,,
AP > NA,AP,NA,CN,CN N.,31,TRI,MSCU,25-001WW,GERD MAERSK,330N,177OZCZCQ21487VFB,185695765,Confirmed,N,CNTAO,CNTAO,USLAX,USLAX,CYP/CYP,28-Jul,28-Jul,40HCx1,1,40HCx1,1,13-Jul,1,1.125,1.125,,,,,,,28-Jul,,13-Jul,Yes,,,Triumph,Qingdao,Bkg Agnt,Yes,,,0,,,,,,
AP > NA,AP,NA,CN,CN N.,31,TRI,MSCU,25-001WW,GERD MAERSK,330N,177OZCZCQ21486VFB,185695784,Confirmed,N,CNTAO,CNTAO,USLAX,USLAX,CYP/CYP,28-Jul,28-Jul,40GPx1,1,40GPx1,1,13-Jul,1,1,1,,,,,,,28-Jul,18-Aug,13-Jul,Yes,,,Triumph,Qingdao,Bkg Agnt,Yes,,,0,,,,,,
AP > NA,AP,NA,CN,CN N.,31,TRI,MSCU,25-001WW,GERD MAERSK,330N,177OZCZCQ21485VFB,185695837,Confirmed,N,CNTAO,CNTAO,USLAX,USLAX,CYP/CYP,28-Jul,28-Jul,40GPx1,1,40GPx1,1,13-Jul,1,1,1,,,,,,,28-Jul,,13-Jul,Yes,,,Triumph,Qingdao,Bkg Agnt,Yes,,,0,,,,,,
AP > NA,AP,NA,CN,CN N.,31,WAL,MSCU,25-001WW,GERD MAERSK,330N,177OZCZCQ21484VFB,185695880,Canceled by carrier,N,CNTAO,CNTAO,USLAX,USLAX,CYP/CYP,28-Jul,,40HCx2,2,,,,,2.25,,,,,,,,,,,Yes,,,Walmart,Qingdao,Bkg Agnt,No,,,0,,,,,,
AP > NA,AP,NA,CN,CN N.,31,WAL,MSCU,25-001WW,GERD MAERSK,330N,177OZCZCQ21483VFB,185696079,Confirmed,N,CNTAO,CNTAO,USLAX,USLAX,CYP/CYP,28-Jul,28-Jul,40HCx1,1,40HCx1,1,13-Jul,1,1.125,1.125,,,,,,,28-Jul,,13-Jul,Yes,,,Walmart,Qingdao,Bkg Agnt,Yes,,,0,,,,,,
AP > NA,AP,NA,CN,CN S.,31,NEW,CMDU,89-0000,CMA CGM LEO,0TXF3E1MA,SHZ5625213,185702534,Canceled by carrier,N,CNYTN,CNYTN,USLAX,USLAX,CYP/CYP,28-Jul,,40HCx1,1,,,,,1.125,,,,,,,,,,,No,,,Newell Brands Distribution,S.China,Direct,No,,,0,,,,,,
AP > NA,AP,NA,VN,VN N.,31,TGT,OOLU,PE2508,CSCL EAST CHINA SEA,058E,2141707700,185703274,Confirmed,N,VNHPH,VNHPH,USLGB,USWZC,CYP/D,28-Jul,30-Jul,40HCx1,1,40HCx1,1,13-Jul,4,1.125,1.125,,,,,,,31-Jul,21-Aug,05-Jul,Yes,,,Target,Vietnam,Direct,Yes,,,-8,,,,,,
AP > NA,AP,NA,VN,VN S.,31,TGT,ONEY,HAM0026,,,SGND98407400,185713746,Canceled by carrier,N,VNSGN,VNSGN,USLAX,USWZC,CYP/D,28-Jul,,45HCx1,1,,,,,1.265,,,,,,,,,,,No,,,Target,Vietnam,Direct,No,,,0,,,,,,
AP > NA,AP,NA,VN,VN S.,31,TGT,ONEY,HAM0026,,,SGND98401500,185713836,Canceled by carrier,N,VNSGN,VNSGN,USLAX,USWZC,CYP/D,28-Jul,,40HCx1,1,,,,,1.125,,,,,,,,,,,No,,,Target,Vietnam,Direct,No,,,0,,,,,,
AP > NA,AP,NA,VN,VN S.,31,TGT,OOLU,PE2508,COSCO SHIPPING PEONY,024E,2141713260,185713943,Confirmed,N,VNSGN,VNTOT,USLGB,USQWT,CYP/D,28-Jul,28-Jul,40HCx1,1,40HCx1,1,06-Jul,1,1.125,1.125,,,,,,,28-Jul,17-Aug,06-Jul,Yes,,,Target,Vietnam,Direct,Yes,,,0,,,,,,
AP > NA,AP,NA,CN,CN S.,31,BBY,EGLV,SC50089,CMA CGM LEO,0TXF3E1MA,147300577421,185742611,Confirmed,N,CNNSA,CNNSA,USLAX,USLAX,CYP/CYP,28-Jul,28-Jul,40HCx4,4,40HCx4,4,06-Jul,1,4.5,4.5,,,,,,,28-Jul,13-Aug,06-Jul,Yes,,,Best Buy,S.China,Direct,Yes,,,0,,,,,,
AP > NA,AP,NA,CN,CN S.,31,BBY,EGLV,SC50089,CMA CGM LEO,0TXF3E1MA,147300577561,185743366,Canceled by carrier,N,CNNSA,CNNSA,USLAX,USLAX,CYP/CYP,28-Jul,,40HCx3,3,,,,,3.375,,,,,,,,,,,No,,,Best Buy,S.China,Direct,No,,,0,,,,,,
AP > NA,AP,NA,CN,CN S.,31,NEW,CMDU,89-0000,CMA CGM LEO,0TXF3E1MA,GGZ1938578,185749883,Confirmed,N,CNNSA,CNNSA,USLAX,USKCK,CYP/CYP,28-Jul,28-Jul,40HCx1,1,40HCx1,1,06-Jul,1,1.125,1.125,,,,,,,28-Jul,13-Aug,06-Jul,Yes,,,Newell Brands Distribution,S.China,Direct,Yes,,,0,,,,,,
AP > NA,AP,NA,CN,CN S.,31,BBY,MSCU,25-970GA,MAERSK ENSENADA,329N,181AY0232720913P1,185809622,Confirmed,N,CNYTN,CNYTN,USLAX,USLAX,CYP/CYP,28-Jul,28-Jul,"40GPx1, 40HCx1",2,"40GPx1, 40HCx1",2,07-Jul,1,2.125,2.125,,,,,,,28-Jul,,07-Jul,Yes,,,Best Buy,S.China,Direct,Yes,,,0,,,,,,
AP > NA,AP,NA,VN,VN S.,31,TGT,ONEY,HAM0026,SEASPAN ADONIS,0071E,SGND99719400,185810100,Confirmed,N,VNSGN,VNCMT,USLAX,USWZC,CYP/D,28-Jul,29-Jul,40GPx1,1,40GPx1,1,07-Jul,1,1,1,,,,,,,29-Jul,17-Aug,07-Jul,Yes,,,Target,Vietnam,Direct,Yes,,,0,,,,,,
AP > NA,AP,NA,CN,CN N.,31,DEC,MAEU,90-0090,GERD MAERSK,330N,220121781,185810266,Confirmed,N,CNTAO,CNTAO,USLAX,USLAX,CYP/CYP,28-Jul,28-Jul,"40HCx1, 45HCx1",2,"40HCx1, 45HCx1",2,11-Jul,1,2.39,2.39,,,,,,,28-Jul,18-Aug,11-Jul,Yes,,,Decathlon,Qingdao,Bkg Agnt,Yes,,,0,,,,,,
AP > NA,AP,NA,VN,VN S.,31,DEC,MSCU,25-001WW,MAERSK ESSEX,330N,339IN2324620,185825418,Confirmed,N,VNSGN,VNVUT,USLAX,USLAX,CYP/CYP,28-Jul,28-Jul,40HCx1,1,40HCx1,1,07-Jul,1,1.125,1.125,,,,,,,28-Jul,,07-Jul,Yes,,,Decathlon,Vietnam,Direct,Yes,,,0,,,,,,
AP > NA,AP,NA,VN,VN S.,31,DEC,MSCU,25-001WW,MAERSK ESSEX,330N,339IN2324840,185891329,Confirmed,N,VNSGN,VNVUT,USLAX,USLAX,CYP/CYP,28-Jul,28-Jul,40HCx1,1,40HCx1,1,11-Jul,2,1.125,1.125,,,,,,,28-Jul,,10-Jul,Yes,,,Decathlon,Vietnam,Direct,Yes,,,-1,,,,,,
AP > NA,AP,NA,CN,CN N.,31,COS,COSU,SSM25008,COSCO EUROPE,092E,6360887250,185895647,Confirmed,N,CNXIG,CNXIG,USLGB,USLGB,CYP/CYP,28-Jul,29-Jul,"40HCx1, 45HCx1",2,"40HCx1, 45HCx1",2,14-Jul,2,2.39,2.39,,,,,,,28-Jul,16-Aug,11-Jul,Yes,,,Costco,Tianjin,Bkg Agnt,Yes,,,-3,,,,,,
AP > NA,AP,NA,CN,CN S.,31,NEW,CMDU,89-0000,CMA CGM LEO,0TXF3E1MA,GGZ1940674,185898927,Confirmed,N,CNNSA,CNNSA,USLAX,USLAX,CYP/CYP,28-Jul,28-Jul,40HCx2,2,40HCx2,2,11-Jul,1,2.25,2.25,,,,,,,28-Jul,13-Aug,11-Jul,Yes,,,Newell Brands Distribution,S.China,Direct,Yes,,,0,,,,,,
AP > NA,AP,NA,VN,VN S.,31,WAL,MSCU,25-970GA,MAERSK ESSEX,330N,339IN2324888,185903312,Confirmed,N,VNSGN,VNVUT,USTPA,USTPA,CYP/CYP,28-Jul,28-Jul,40HCx1,1,40HCx1,1,10-Jul,1,1.125,1.125,,,,,,,28-Jul,,10-Jul,Yes,,,Walmart,Vietnam,Direct,Yes,,,0,,,,,,
AP > NA,AP,NA,VN,VN S.,31,WAL,MSCU,25-970GA,MAERSK ESSEX,330N,339IN2324891,185903323,Confirmed,N,VNSGN,VNVUT,USTPA,USTPA,CYP/CYP,28-Jul,28-Jul,40HCx1,1,40HCx1,1,10-Jul,1,1.125,1.125,,,,,,,28-Jul,,10-Jul,Yes,,,Walmart,Vietnam,Direct,Yes,,,0,,,,,,
AP > NA,AP,NA,VN,VN S.,31,WAL,MSCU,25-970GA,MAERSK ESSEX,330N,339IN2324892,185903324,Confirmed,N,VNSGN,VNVUT,USTPA,USTPA,CYP/CYP,28-Jul,28-Jul,40HCx1,1,40HCx1,1,10-Jul,1,1.125,1.125,,,,,,,28-Jul,,10-Jul,Yes,,,Walmart,Vietnam,Direct,Yes,,,0,,,,,,
AP > NA,AP,NA,VN,VN S.,31,WAL,MSCU,25-970GA,MAERSK ESSEX,330N,339IN2324893,185903327,Confirmed,N,VNSGN,VNVUT,USTPA,USTPA,CYP/CYP,28-Jul,28-Jul,40HCx1,1,40HCx1,1,10-Jul,1,1.125,1.125,,,,,,,28-Jul,,10-Jul,Yes,,,Walmart,Vietnam,Direct,Yes,,,0,,,,,,
AP > NA,AP,NA,VN,VN S.,31,WAL,MSCU,25-970GA,MAERSK ESSEX,330N,339IN2324894,185903330,Confirmed,N,VNSGN,VNVUT,USTPA,USTPA,CYP/CYP,28-Jul,28-Jul,40HCx1,1,40HCx1,1,10-Jul,1,1.125,1.125,,,,,,,28-Jul,,10-Jul,Yes,,,Walmart,Vietnam,Direct,Yes,,,0,,,,,,
AP > NA,AP,NA,VN,VN S.,31,WAL,MSCU,25-970GA,MAERSK ESSEX,330N,339IN2324895,185903332,Confirmed,N,VNSGN,VNVUT,USTPA,USTPA,CYP/CYP,28-Jul,28-Jul,40HCx1,1,40HCx1,1,10-Jul,1,1.125,1.125,,,,,,,28-Jul,,10-Jul,Yes,,,Walmart,Vietnam,Direct,Yes,,,0,,,,,,
AP > NA,AP,NA,CN,CN S.,31,WAL,MSCU,25-001WW,MAERSK ENSENADA,329N,181AY0232723616P1,185919556,Confirmed,N,CNYTN,CNYTN,USLAX,USLAX,CYP/CYP,28-Jul,28-Jul,40HCx1,1,40HCx1,1,11-Jul,1,1.125,1.125,,,,,,,28-Jul,,11-Jul,Yes,,,Walmart,S.China,Direct,Yes,,,0,,,,,,
AP > NA,AP,NA,CN,CN S.,31,HOD,MSCU,25-001WW,MAERSK ENSENADA,329N,181AY0232723618P1,185919557,Confirmed,N,CNYTN,CNYTN,USLAX,USLAX,CYP/CYP,28-Jul,28-Jul,40HCx1,1,40HCx1,1,11-Jul,1,1.125,1.125,,,,,,,28-Jul,,11-Jul,Yes,,,Home Depot,S.China,Direct,Yes,,,0,,,,,,
AP > NA,AP,NA,CN,CN S.,31,HOD,MSCU,25-001WW,MAERSK ENSENADA,329N,181AY0232723617P1,185919558,Confirmed,N,CNYTN,CNYTN,USLAX,USLAX,CYP/CYP,28-Jul,28-Jul,40HCx1,1,40HCx1,1,11-Jul,1,1.125,1.125,,,,,,,28-Jul,,11-Jul,Yes,,,Home Depot,S.China,Direct,Yes,,,0,,,,,,
AP > NA,AP,NA,CN,CN S.,31,BBY,MSCU,25-970GA,MAERSK ENSENADA,329N,181ABFS23498997P1,185953462,Confirmed,N," - , ",CNYTN,USLAX,USLAX,D/CYP,28-Jul,28-Jul,40HCx3,3,40HCx3,3,11-Jul,1,3.375,3.375,,,,,,,28-Jul,,11-Jul,Yes,,,Best Buy,S.China,Direct,Yes,,,0,,,,,,
AP > NA,AP,NA,CN,CN S.,31,BBY,MSCU,25-970GA,MAERSK ENSENADA,329N,181ABFS23498998P1,185953584,Confirmed,N," - , ",CNYTN,USLAX,USLAX,D/CYP,28-Jul,28-Jul,40HCx3,3,40HCx3,3,11-Jul,1,3.375,3.375,,,,,,,28-Jul,,11-Jul,Yes,,,Best Buy,S.China,Direct,Yes,,,0,,,,,,
AP > NA,AP,NA,VN,VN S.,31,TES,MSCU,25-001WW,MAERSK ESSEX,330N,339IN2325125,185981244,Confirmed,N,VNSGN,VNVUT,USLAX,USLAX,CYP/CYP,28-Jul,28-Jul,40HCx1,1,40HCx1,1,11-Jul,1,1.125,1.125,,,,,,,28-Jul,,11-Jul,Yes,,,Tesla,Vietnam,Direct,Yes,,,0,,,,,,
AP > NA,AP,NA,CN,CN E.,31,BBY,HDMU,CA235001,ONE HELSINKI,053E,HDMUNKGZ64007100,185986062,Confirmed,N,CNNKG,CNNKG,CAVAN," - , ",CYP/CYP,28-Jul,28-Jul,40HCx1,1,40HCx1,1,24-Jul,2,1.125,1.125,,,,,,,28-Jul,,13-Jul,Yes,,,Best Buy,Shanghai,Bkg Agnt,Yes,,,-11,,,,,,
AP > NA,AP,NA,CN,CN E.,31,BBY,HDMU,CA235001,ONE HELSINKI,053E,HDMUNKGZ53019800,185986342,Confirmed,N,CNNKG,CNNKG,CAVAN,CAMTR,CYP/CYP,28-Jul,28-Jul,40HCx2,2,40HCx2,2,24-Jul,2,2.25,2.25,,,,,,,28-Jul,,12-Jul,Yes,,,Best Buy,Shanghai,Bkg Agnt,Yes,,,-12,,,,,,
AP > NA,AP,NA,CN,CN S.,31,NEW,CMDU,89-0000,CMA CGM LEO,0TXF3E1MA,GGZ1942050,186032467,Confirmed,N,CNNSA,CNNSA,USLAX,USKCK,CYP/CYP,28-Jul,28-Jul,40HCx1,1,40HCx1,1,13-Jul,1,1.125,1.125,,,,,,,28-Jul,13-Aug,13-Jul,Yes,,,Newell Brands Distribution,S.China,Direct,Yes,,,0,,,,,,
AP > NA,AP,NA,CN,CN N.,31,COS,EGLV,SC50089,COSCO EUROPE,092E,141300520179,186046345,Confirmed,N,CNTSN,CNTSN,USLGB,USLGB,CYP/CYP,28-Jul,30-Jul,40HCx2,2,40HCx2,2,17-Jul,2,2.25,2.25,,,,,,,28-Jul,16-Aug,13-Jul,Yes,,,Costco,Tianjin,Bkg Agnt,Yes,,,-4,,,,,,
AP > NA,AP,NA,VN,VN S.,31,COS,MSCU,25-001WW,MAERSK ESSEX,330N,339IN2325363,186070900,Confirmed,N,VNSGN,VNVUT,USLAX,USLAX,CYP/CYP,28-Jul,28-Jul,40GPx1,1,40GPx1,1,13-Jul,1,1,1,,,,,,,28-Jul,,13-Jul,Yes,,,Costco,Vietnam,Direct,Yes,,,0,,,,,,
AP > NA,AP,NA,VN,VN S.,31,COS,EGLV,SC50089,EVER FUTURE,1310-015E,235300792189,186133516,Confirmed,Y,VNSGN,VNTOT,USLAX,USLAX,CYP/CYP,28-Jul,05-Aug,40HCx2,2,40HCx2,2,24-Jul,2,2.25,2.25,,,,,,,05-Aug,28-Aug,17-Jul,Yes,,,Costco,Vietnam,Direct,Yes,,,-7,,,,,,
AP > NA,AP,NA,CN,CN S.,31,CTI,EGLV,D900070,OOCL NEW YORK ,096E,149304081060,186143081,Canceled by carrier,N,CNYTN,CNYTN,CAVAN,CAVAN,CYP/CYP,28-Jul,,40GPx1,1,,,,,1,,,,,,,,,,,No,,,Canadian Tire,S.China,Direct,No,,,0,,,,,,
AP > NA,AP,NA,CN,CN S.,31,CTI,EGLV,D900070,OOCL NEW YORK ,096E,149304081052,186143082,Canceled by carrier,N,CNYTN,CNYTN,CAVAN,CAVAN,CYP/CYP,28-Jul,,40GPx1,1,,,,,1,,,,,,,,,,,No,,,Canadian Tire,S.China,Direct,No,,,0,,,,,,
AP > NA,AP,NA,CN,CN S.,31,CTI,EGLV,D900070,OOCL NEW YORK ,096E,149304081078,186143084,Canceled by carrier,N,CNYTN,CNYTN,CAVAN,CAVAN,CYP/CYP,28-Jul,,40GPx1,1,,,,,1,,,,,,,,,,,No,,,Canadian Tire,S.China,Direct,No,,,0,,,,,,
AP > NA,AP,NA,CN,CN S.,31,CTI,EGLV,D900070,OOCL NEW YORK ,096E,149304081086,186143090,Canceled by carrier,N,CNYTN,CNYTN,CAVAN,CAVAN,CYP/CYP,28-Jul,,40GPx1,1,,,,,1,,,,,,,,,,,No,,,Canadian Tire,S.China,Direct,No,,,0,,,,,,
AP > NA,AP,NA,CN,CN S.,31,TRI,MSCU,25-001WW,MAERSK ENSENADA,329N,181AY0232733754P1,186328016,Canceled by carrier,N,CNYTN,CNYTN,USLAX,USLAX,CYP/CYP,28-Jul,,40GPx1,1,,,,,1,,,,,,,,,,,No,,,Triumph,S.China,Direct,No,,,0,,,,,,
AP > NA,AP,NA,CN,CN S.,31,DEC,MAEU,90-0090,MAERSK ENSENADA,329N,229403913,186342932,Confirmed,N,CNYTN,CNYTN,USLAX,USLAX,CYP/CYP,28-Jul,28-Jul,40GPx1,1,40GPx1,1,18-Jul,1,1,1,,,,,,,28-Jul,14-Aug,18-Jul,Yes,,,Decathlon,S.China,Direct,Yes,,,0,,,,,,
AP > NA,AP,NA,CN,CN S.,31,COS,MAEU,90-0090,MAERSK ENSENADA,329N,229448808,186410812,Confirmed,N,CNYTN,CNYTN,USLAX,USLAX,CYP/CYP,28-Jul,28-Jul,40HCx1,1,40HCx1,1,19-Jul,1,1.125,1.125,,,,,,,28-Jul,14-Aug,19-Jul,Yes,,,Costco,S.China,Direct,No,,,0,,,,,,
AP > NA,AP,NA,CN,CN S.,31,COS,MAEU,90-0090,MAERSK ENSENADA,329N,229448807,186410862,Confirmed,N,CNYTN,CNYTN,USLAX,USLAX,CYP/CYP,28-Jul,28-Jul,40HCx1,1,40HCx1,1,19-Jul,1,1.125,1.125,,,,,,,28-Jul,14-Aug,19-Jul,Yes,,,Costco,S.China,Direct,No,,,0,,,,,,
AP > NA,AP,NA,VN,VN N.,31,BBY,HDMU,CA235001,SEASPAN ADONIS,0071E,HANM87363500,186520844,Pending,N,VNHPH,VNHPH,USLAX,USLAX,CYP/CYP,28-Jul,,40HCx3,3,,,,4,3.375,,,,,,,,,,,Yes,,,Best Buy,Vietnam,Direct,Yes,,,0,,,,,,
AP > EU,AP,EU,VN,VN N.,31,HMH,MAEU,90-0080,MAERSK NACKA,330S,228714987,185264619,Confirmed,N,VNHPH,VNHPH,DEHAM,DEHAM,CYP/CYP,29-Jul,31-Jul,20GPx1,1,20GPx1,1,21-Jul,2,0.5,0.5,,,,,,,29-Jul,07-Sep,26-Jun,Yes,EBBA MAERSK,330W,H&M Home,Vietnam,Direct,Yes,,,-25,,,,,,
AP > EU,AP,EU,VN,VN N.,31,HMH,MAEU,90-0080,MAERSK NACKA,330S,228715135,185264679,Confirmed,N,VNHPH,VNHPH,DEBRV,DEHBO,CYP/D,29-Jul,31-Jul,20GPx1,1,20GPx1,1,21-Jul,2,0.5,0.5,,,,,,,29-Jul,06-Sep,26-Jun,Yes,MUNICH MAERSK,329W,H&M Home,Vietnam,Direct,Yes,,,-25,,,,,,
AP > NA,AP,NA,CN,CN E.,31,TES,MAEU,90-0090,,,609608966,185685765,Confirmed,Y,CNFOC,CNFOC,USLAX,USLAX,CYP/CYP,29-Jul,01-Aug,40GPx1,1,40GPx1,1,05-Jul,1,1,1,,,,,,,01-Aug,21-Aug,05-Jul,Yes,,,Tesla,Xiamen,Bkg Agnt,Yes,,,0,,,,,,
AP > NA,AP,NA,CN,CN E.,31,WAL,MSCU,25-001WW,MSC RIFAYA,329N,177QSYSYS00994,185762785,Confirmed,N,CNSHA,CNSHA,USLGB,USLGB,CYP/CYP,29-Jul,29-Jul,40HCx1,1,40HCx1,1,14-Jul,1,1.125,1.125,,,,,,,29-Jul,,14-Jul,Yes,,,Walmart,Shanghai,Bkg Agnt,Yes,,,0,,,,,,
AP > NA,AP,NA,CN,CN E.,31,BBY,MSCU,25-970GA,MSC RIFAYA,329N,177QSYSYS01003,185981180,Confirmed,N,CNSHA,CNSHA,USLGB,USLGB,CYP/CYP,29-Jul,29-Jul,40GPx1,1,40GPx1,1,13-Jul,1,1,1,,,,,,,29-Jul,,13-Jul,Yes,,,Best Buy,Shanghai,Bkg Agnt,Yes,,,0,,,,,,
AP > NA,AP,NA,VN,VN S.,31,TGT,ONEY,HAM0026,SEASPAN ADONIS,0071E,SGNDA5611400,186170843,Confirmed,N,VNSGN,VNCMT,USLAX,USWZC,CYP/D,29-Jul,29-Jul,40GPx1,1,40GPx1,1,14-Jul,1,1,1,,,,,,,29-Jul,17-Aug,14-Jul,Yes,,,Target,Vietnam,Direct,Yes,,,0,,,,,,
AP > NA,AP,NA,VN,VN N.,31,NEW,COSU,SSM25008,,,TBD,186266355,Canceled by carrier,N," - , ",VNHPH,USNYC," - , ",CYP/CYP,29-Jul,,"20RFx1, 40HRFx4",5,,,,,5,,,,,,,,,,,No,,,Newell Brands Distribution,Vietnam,Direct,No,,,0,,,,,,
AP > EU,AP,EU,IN,IN W.,31,HMH,MAEU,90-0080,MAERSK PELEPAS,331S,229366525,186284713,Confirmed,Y,INMOR,INMUN,DEHAM,DEHAM,CYP/CYP,29-Jul,05-Aug,20GPx1,1,20GPx1,1,25-Jul,6,0.5,0.5,,,,,,,29-Jul,31-Aug,17-Jul,Yes,EBBA MAERSK,330W,H&M Home,India,Direct,Yes,,,-8,,,,,,
AP > EU,AP,EU,IN,IN W.,31,HMH,MAEU,90-0080,MAERSK PELEPAS,331S,229366601,186284771,Canceled by carrier,N,INSON,INMUN,DEHAM,DEHAM,CYP/CYP,29-Jul,,45HCx1,1,,,,,1.265,,,,,,,,,,,No,EBBA MAERSK,330W,H&M Home,India,Direct,No,,,0,,,,,,
AP > EU,AP,EU,IN,IN W.,31,HMH,MAEU,90-0080,MAERSK PELEPAS,331S,229383930,186317816,Confirmed,Y,INMUN,INMUN,DEHAM,DEHAM,CYP/CYP,29-Jul,05-Aug,40HCx1,1,40HCx1,1,18-Jul,3,1.125,1.125,,,,,,,05-Aug,07-Sep,18-Jul,Yes,EBBA MAERSK,330W,H&M Home,India,Direct,Yes,,,0,,,,,,
AP > NA,AP,NA,VN,VN S.,31,TGT,ONEY,HAM0026,SEASPAN ADONIS,0071E,SGNDA7770500,186323126,Confirmed,N,VNSGN,VNCMT,USLAX,USLAX,CYP/CYP,29-Jul,29-Jul,40HCx1,1,40HCx1,1,19-Jul,2,1.125,1.125,,,,,,,29-Jul,17-Aug,19-Jul,Yes,,,Target,Vietnam,Direct,Yes,,,0,,,,,,
AP > NA,AP,NA,VN,VN N.,31,NEW,COSU,SSM25008,,,TBD,186325370,Canceled by carrier,N," - , ",VNHPH,USNYC," - , ",CYP/CYP,29-Jul,,"20RFx1, 40HRFx4",5,,,,,5,,,,,,,,,,,No,,,Newell Brands Distribution,Vietnam,Direct,No,,,0,,,,,,
AP > NA,AP,NA,VN,VN N.,31,NEW,COSU,SSM25008,,,TBD,186330327,Canceled by carrier,N," - , ",VNHPH,USNYC," - , ",CYP/CYP,29-Jul,,"20RFx1, 40HRFx4",5,,,,,5,,,,,,,,,,,No,,,Newell Brands Distribution,Vietnam,Direct,No,,,0,,,,,,
AP > EU,AP,EU,IN,IN S.,31,HMH,MAEU,90-0080,CAPE FLINT,360S,229560600,186575756,Pending,N,INTUT,INTUT,DEHAM,DEHAM,CYP/CYP,29-Jul,,40HCx1,1,,,,1,1.125,,,,,,,,,,,Yes,MAERSK CANDOR,328W,H&M Home,India,Direct,Yes,,,0,,,,,,
AP > EU,AP,EU,IN,IN W.,31,HMH,MAEU,90-0080,MAERSK PELEPAS,331S,229562085,186577704,Pending,N,INPAP,INMUN,DEHAM,DEHAM,CYP/CYP,29-Jul,,20GPx1,1,,,,2,0.5,,,,,,,,,,,Yes,EBBA MAERSK,330W,H&M Home,India,Direct,Yes,,,0,,,,,,
AP > EU,AP,EU,CN,CN N.,31,HMH,MAEU,90-0080,,,273047011,185206366,Confirmed,Y,CNTAO,CNTAO,DEBRV,DEHBO,CYP/D,30-Jul,06-Aug,40HCx1,1,40HCx1,1,25-Jul,2,1.125,1.125,,,,,,,30-Jul,15-Sep,17-Jul,Yes,,,H&M Home,Qingdao,Bkg Agnt,Yes,,,-8,,,,,,
AP > NA,AP,NA,CN,CN S.,31,CTI,EGLV,D900070,EVER ENVOY,0433-182E,149303652217,185382396,Pending,N,CNYTN,CNYTN,CAVAN,CAVAN,CYP/CYP,30-Jul,,40HCx1,1,,,,,1.125,,,,,,,,,,,No,,,Canadian Tire,S.China,Direct,No,,,0,,,,,,
AP > NA,AP,NA,CN,CN S.,31,CTI,EGLV,D900070,EVER ENVOY,0433-182E,149303653248,185382398,Pending,N,CNYTN,CNYTN,CAVAN,CAVAN,CYP/CYP,30-Jul,,40GPx1,1,,,,,1,,,,,,,,,,,No,,,Canadian Tire,S.China,Direct,No,,,0,,,,,,
AP > NA,AP,NA,CN,CN S.,31,CTI,EGLV,D900070,EVER ENVOY,0433-182E,149303653256,185382531,Pending,N,CNYTN,CNYTN,CAVAN,CAVAN,CYP/CYP,30-Jul,,20GPx1,1,,,,,0.5,,,,,,,,,,,No,,,Canadian Tire,S.China,Direct,No,,,0,,,,,,
AP > NA,AP,NA,CN,CN S.,31,CTI,EGLV,D900070,EVER ENVOY,0433-182E,149303653264,185382579,Pending,N,CNYTN,CNYTN,CAVAN,CAVAN,CYP/CYP,30-Jul,,40HCx1,1,,,,,1.125,,,,,,,,,,,No,,,Canadian Tire,S.China,Direct,No,,,0,,,,,,
AP > NA,AP,NA,CN,CN S.,31,BBY,MSCU,25-970GA,MSC SWEDEN VI,330A,181AY0232716133D1,185635986,Confirmed,Y,CNYTN,CNYTN,CAVAN,CAVAN,CYP/CYP,30-Jul,26-Jul,40GPx1,1,40GPx1,1,26-Jul,6,1,1,,,,,,,30-Jul,,05-Jul,Yes,,,Best Buy,S.China,Direct,No,,,-21,,,,,,
AP > NA,AP,NA,VN,VN N.,31,BBY,HDMU,CA235001,SEASPAN ADONIS,0071E,HANM61800000,185641308,Confirmed,Y,VNHPH,VNHPH,USLAX,USLAX,CYP/CYP,30-Jul,02-Aug,40HCx6,6,40HCx6,6,31-Jul,5,6.75,6.75,,,,,,,31-Jul,17-Aug,04-Jul,Yes,,,Best Buy,Vietnam,Direct,Yes,,,-27,,,,,,
AP > NA,AP,NA,VN,VN N.,31,BBY,EGLV,SC50089,EVER CHASTE,0007-042N,236300259021,185685314,Confirmed,Y,VNHPH,VNHPH,USLAX,USLAX,CYP/CYP,30-Jul,08-Aug,40HCx17,17,40HCx17,17,28-Jul,4,19.125,19.125,,,,,,,02-Aug,21-Aug,06-Jul,Yes,,,Best Buy,Vietnam,Direct,Yes,,,-22,,,,,,
AP > NA,AP,NA,VN,VN N.,31,BBY,COSU,SSM25008,CSCL EAST CHINA SEA,058E,6360511800,185685465,Confirmed,N,VNHPH,VNHPH,USLGB,USLGB,CYP/CYP,30-Jul,30-Jul,40HCx7,7,40HCx7,7,06-Jul,1,7.875,7.875,,,,,,,30-Jul,26-Aug,06-Jul,Yes,,,Best Buy,Vietnam,Direct,Yes,,,0,,,,,,
AP > NA,AP,NA,VN,VN N.,31,BBY,COSU,SSM25008,CSCL EAST CHINA SEA,058E,6360511850,185685493,Canceled by carrier,N,VNHPH,VNHPH,USLGB,USLGB,CYP/CYP,30-Jul,,40HCx2,2,,,,,2.25,,,,,,,,,,,Yes,,,Best Buy,Vietnam,Direct,No,,,0,,,,,,
AP > NA,AP,NA,CN,CN E.,31,TES,CMDU,89-0000,,,FOC0268996,185686054,Confirmed,N,CNFOC,CNFOC,USLAX,USLAX,CYP/CYP,30-Jul,30-Jul,40HCx2,2,40HCx2,2,05-Jul,1,2.25,2.25,,,,,,,30-Jul,27-Aug,05-Jul,Yes,,,Tesla,Xiamen,Bkg Agnt,Yes,,,0,,,,,,
AP > NA,AP,NA,CN,CN E.,31,TES,CMDU,89-0000,,,FOC0268994,185686159,Confirmed,Y,CNFOC,CNFOC,USLAX,USLAX,CYP/CYP,30-Jul,03-Aug,40HCx1,1,40HCx1,1,25-Jul,2,1.125,1.125,,,,,,,30-Jul,27-Aug,06-Jul,Yes,,,Tesla,Xiamen,Bkg Agnt,Yes,,,-19,,,,,,
AP > NA,AP,NA,CN,CN E.,31,COS,COSU,SSM25008,,,COSU6360554780,185687101,Confirmed,Y,CNXMN,CNXMN,USLAX,USLAX,CYP/CYP,30-Jul,02-Aug,"40GPx3, 40HCx1, 45HCx1",5,"40GPx3, 40HCx1, 45HCx1",5,07-Jul,3,5.39,5.39,,,,,,,02-Aug,20-Aug,06-Jul,Yes,,,Costco,Xiamen,Bkg Agnt,Yes,,,-1,,,,,,
AP > NA,AP,NA,CN,CN E.,31,DEC,CMDU,89-0000,,,6360606090,185688591,Confirmed,N,CNFOC,CNFOC,USLAX,USLAX,CYP/CYP,30-Jul,31-Jul,40GPx1,1,40GPx1,1,06-Jul,2,1,1,,,,,,,30-Jul,27-Aug,05-Jul,Yes,,,Decathlon,Xiamen,Bkg Agnt,Yes,,,-1,,,,,,
AP > NA,AP,NA,CN,CN E.,31,HOD,COSU,SSM25008,CMA CGM MUMBAI,0TXF5E1MA,CC4960543316,185726302,Confirmed,Y,CNXMN,CNXMN,USLAX,USLAX,CYP/CYP,30-Jul,02-Aug,40HCx2,2,40HCx2,2,26-Jul,3,2.25,2.25,,,,,,,06-Aug,21-Aug,06-Jul,Yes,,,Home Depot,Xiamen,Bkg Agnt,Yes,,,-20,,,,,,
AP > NA,AP,NA,CN,CN E.,31,COS,CMDU,89-0000,,,FOC0269126,185758112,Confirmed,N,CNFOC,CNFOC,USLAX,USLAX,CYP/CYP,30-Jul,30-Jul,"40GPx3, 40HCx1",4,"40GPx3, 40HCx1",4,14-Jul,4,4.125,4.125,,,,,,,17-Jul,27-Aug,07-Jul,Yes,,,Costco,Xiamen,Bkg Agnt,Yes,,,-7,,,,,,
AP > NA,AP,NA,CN,CN E.,31,NEW,CMDU,89-0000,OOCL POLAND,037E,NGP0393368,185822606,Confirmed,N," - , ",CNNGB,USLGB,USKCK,CYP/CYP,30-Jul,30-Jul,"40GPx1, 40HCx2",3,"40GPx1, 40HCx2",3,10-Jul,1,3.25,3.25,,,,,,,30-Jul,19-Aug,10-Jul,Yes,,,Newell Brands Distribution,Ningbo,Bkg Agnt,Yes,,,0,,,,,,
AP > NA,AP,NA,CN,CN E.,31,NEW,CMDU,89-0000,OOCL POLAND,037E,NGP0393367,185822624,Confirmed,N," - , ",CNNGB,USLGB,USKCK,CYP/CYP,30-Jul,30-Jul,40HCx1,1,40HCx1,1,10-Jul,1,1.125,1.125,,,,,,,30-Jul,19-Aug,10-Jul,Yes,,,Newell Brands Distribution,Ningbo,Bkg Agnt,Yes,,,0,,,,,,
AP > NA,AP,NA,CN,CN E.,31,TRI,COSU,SSM25008,,,6360866480,185893901,Confirmed,Y,CNXMN,CNXMN,USLAX,USLAX,CYP/CYP,30-Jul,02-Aug,40HCx3,3,40HCx3,3,18-Jul,1,3.375,3.375,,,,,,,02-Aug,20-Aug,18-Jul,Yes,,,Triumph,Xiamen,Bkg Agnt,Yes,,,0,,,,,,
AP > NA,AP,NA,VN,VN S.,31,WAL,CMDU,89-0000,,,TBD,185903189,Canceled by requestor,N,VNSGN,VNSGN,USTPA," - , ",CYP/CYP,30-Jul,,40HCx1,1,,,,,1.125,,,,,,,,,,,No,,,Walmart,Vietnam,Direct,No,,,0,,,,,,
AP > NA,AP,NA,VN,VN S.,31,TGT,OOLU,PE2508,COSCO SHIPPING DENALI,033E,2141813680,185957576,Confirmed,Y,VNSGN,VNTOT,USLGB,USLGB,CYP/CYP,30-Jul,06-Aug,40GPx1,1,40GPx1,1,31-Jul,3,1,1,,,,,,,04-Aug,24-Aug,11-Jul,Yes,,,Target,Vietnam,Direct,Yes,,,-20,,,,,,
AP > NA,AP,NA,VN,VN S.,31,TGT,OOLU,PE2506,COSCO SHIPPING DENALI,033E,2141813880,185958249,Confirmed,Y,VNSGN,VNTOT,USLGB,USLAX,CYP/CYP,30-Jul,04-Aug,40HCx1,1,40HCx1,1,26-Jul,2,1.125,1.125,,,,,,,04-Aug,24-Aug,11-Jul,Yes,,,Target,Vietnam,Direct,Yes,,,-15,,,,,,
AP > NA,AP,NA,CN,CN S.,31,HOD,MAEU,90-0090,MSC KATIE,330N,229167535,185972565,Confirmed,N,CNYTN,CNYTN,USLGB,USLGB,CYP/CYP,30-Jul,30-Jul,40GPx1,1,40GPx1,1,21-Jul,2,1,1,,,,,,,30-Jul,19-Aug,11-Jul,Yes,,,Home Depot,S.China,Direct,Yes,,,-10,,,,,,
AP > NA,AP,NA,CN,CN S.,31,COS,MAEU,90-0090,MSC KATIE,330N,229167536,185972581,Confirmed,N,CNYTN,CNYTN,USLGB,USLGB,CYP/CYP,30-Jul,30-Jul,40HCx1,1,40HCx1,1,24-Jul,2,1.125,1.125,,,,,,,30-Jul,19-Aug,11-Jul,Yes,,,Costco,S.China,Direct,Yes,,,-13,,,,,,
AP > NA,AP,NA,CN,CN E.,31,NEW,CMDU,89-0000,,,XIA1180114,186017394,Confirmed,Y,CNXMN,CNXMN,USLAX,USLAX,CYP/CYP,30-Jul,02-Aug,40HCx1,1,40HCx1,1,13-Jul,3,1.125,1.125,,,,,,,02-Aug,20-Aug,12-Jul,Yes,,,Newell Brands Distribution,Xiamen,Bkg Agnt,Yes,,,-1,,,,,,
AP > NA,AP,NA,CN,CN S.,31,BBY,MSCU,25-970GA,MSC SWEDEN VI,330A,181AY0232729042D1,186145221,Confirmed,Y,CNYTN,CNYTN,CAVAN,CAVAN,CYP/CYP,30-Jul,26-Jul,40HCx1,1,40HCx1,1,26-Jul,5,1.125,1.125,,,,,,,26-Jul,,14-Jul,Yes,,,Best Buy,S.China,Direct,Yes,,,-12,,,,,,
AP > NA,AP,NA,VN,VN N.,31,NEW,COSU,SSM25008,,,TBD,186217736,Canceled by carrier,N," - , ",VNHPH,USNYC," - , ",CYP/CYP,30-Jul,,"20RFx1, 40HRFx4",5,,,,,5,,,,,,,,,,,No,,,Newell Brands Distribution,Vietnam,Direct,No,,,0,,,,,,
AP > NA,AP,NA,CN,CN S.,31,NEW,MSCU,25-970GA,MSC KATIE,330N,181AY0232731481D1,186246249,Confirmed,N,CNYTN,CNYTN,USLGB,USKTO,CYP/D,30-Jul,30-Jul,20GPx1,1,20GPx1,1,17-Jul,1,0.5,0.5,,,,,,,30-Jul,,17-Jul,Yes,,,Newell Brands Distribution,S.China,Direct,Yes,,,0,,,,,,
AP > NA,AP,NA,CN,CN S.,31,CTI,EGLV,D900070,EVER STRONG,0434-112E,149304152315,186248555,Pending,N,CNYTN,CNYTN,CAVAN,CAVAN,CYP/CYP,30-Jul,,40HCx1,1,,,,,1.125,,,,,,,,,,,No,,,Canadian Tire,S.China,Direct,No,,,0,,,,,,
AP > NA,AP,NA,CN,CN S.,31,CTI,EGLV,D900070,EVER STRONG,0434-112E,149304152340,186248557,Pending,N,CNYTN,CNYTN,CAVAN,CAVAN,CYP/CYP,30-Jul,,40HCx1,1,,,,,1.125,,,,,,,,,,,No,,,Canadian Tire,S.China,Direct,No,,,0,,,,,,
AP > NA,AP,NA,CN,CN S.,31,CTI,EGLV,D900070,EVER STRONG,0434-112E,149304152382,186248570,Pending,N,CNYTN,CNYTN,CAVAN,CAVAN,CYP/CYP,30-Jul,,40HCx1,1,,,,,1.125,,,,,,,,,,,No,,,Canadian Tire,S.China,Direct,No,,,0,,,,,,
AP > NA,AP,NA,CN,CN E.,31,LEN,COSU,SSM25008,OOCL POLAND,037E,TSL202307180292,186310816,Confirmed,N,CNNGB,CNNGB,USLGB,USLGB,CYP/CYP,30-Jul,30-Jul,45HCx1,1,45HCx1,1,19-Jul,1,1.265,1.265,,,,,,,30-Jul,,19-Jul,Yes,,,Lenovo,Ningbo,Bkg Agnt,Yes,,,0,,,,,,
AP > NA,AP,NA,CN,CN E.,31,TES,COSU,SSM25008,OOCL POLAND,037E,TSL202307180289,186310999,Confirmed,N,CNNGB,CNNGB,USLGB,USLGB,CYP/CYP,30-Jul,30-Jul,45HCx1,1,45HCx1,1,19-Jul,1,1.265,1.265,,,,,,,30-Jul,,19-Jul,Yes,,,Tesla,Ningbo,Bkg Agnt,Yes,,,0,,,,,,
AP > NA,AP,NA,CN,CN E.,31,TRI,COSU,SSM25008,OOCL POLAND,037E,TSL202307180290,186311010,Confirmed,N,CNNGB,CNNGB,USLGB,USLGB,CYP/CYP,30-Jul,30-Jul,45HCx3,3,45HCx3,3,19-Jul,1,3.795,3.795,,,,,,,30-Jul,,19-Jul,Yes,,,Triumph,Ningbo,Bkg Agnt,Yes,,,0,,,,,,
AP > NA,AP,NA,CN,CN S.,31,COS,MAEU,90-0090,MSC KATIE,330N,229404350,186343444,Confirmed,N,CNYTN,CNYTN,USLGB,USLGB,CYP/CYP,30-Jul,30-Jul,40HCx1,1,40HCx1,1,21-Jul,2,1.125,1.125,,,,,,,30-Jul,19-Aug,18-Jul,Yes,,,Costco,S.China,Direct,Yes,,,-3,,,,,,
AP > NA,AP,NA,CN,CN S.,31,COS,MAEU,90-0090,MSC KATIE,330N,229404351,186343445,Confirmed,N,CNYTN,CNYTN,USLGB,USLGB,CYP/CYP,30-Jul,30-Jul,40HCx1,1,40HCx1,1,18-Jul,1,1.125,1.125,,,,,,,30-Jul,19-Aug,18-Jul,Yes,,,Costco,S.China,Direct,Yes,,,0,,,,,,
AP > NA,AP,NA,CN,CN S.,31,HOD,MAEU,90-0090,MSC KATIE,330N,229450327,186412520,Confirmed,N,CNYTN,CNYTN,USLGB,USLGB,CYP/CYP,30-Jul,30-Jul,40HCx1,1,40HCx1,1,19-Jul,1,1.125,1.125,,,,,,,30-Jul,19-Aug,19-Jul,Yes,,,Home Depot,S.China,Direct,Yes,,,0,,,,,,
AP > NA,AP,NA,VN,VN N.,31,NEW,COSU,SSM25008,,,TBD,186470809,Canceled by carrier,N," - , ",VNHPH,USNYC," - , ",CYP/CYP,30-Jul,,"20RFx1, 40HRFx4",5,,,,,5,,,,,,,,,,,No,,,Newell Brands Distribution,Vietnam,Direct,No,,,0,,,,,,
AP > NA,AP,NA,CN,CN E.,31,HOD,MSCU,25-970GA,,,1811X023PE05539P1,185376029,Confirmed,N,CNXMN,CNXMN,USLGB,USLGB,CYP/CYP,31-Jul,31-Jul,40HCx2,2,40HCx2,2,05-Jul,1,2.25,2.25,,,,,,,31-Jul,,05-Jul,Yes,,,Home Depot,Xiamen,Bkg Agnt,Yes,,,0,,,,,,
AP > NA,AP,NA,CN,CN S.,31,BBY,HDMU,CA235001,YM WELCOME,036E,HKGM11799500,185713992,Confirmed,N,CNYTN,CNYTN,USLAX,USLAX,CYP/CYP,31-Jul,02-Aug,40HCx2,2,40HCx2,2,26-Jul,3,2.25,2.25,,,,,,,31-Jul,15-Aug,06-Jul,Yes,,,Best Buy,S.China,Direct,Yes,,,-20,,,,,,
AP > NA,AP,NA,CN,CN S.,31,BBY,HDMU,CA235001,YM WELCOME,036E,HKGM19600900,185714059,Confirmed,N,CNYTN,CNYTN,USLAX,USLAX,CYP/CYP,31-Jul,02-Aug,40HCx2,2,40HCx2,2,26-Jul,3,2.25,2.25,,,,,,,31-Jul,15-Aug,06-Jul,Yes,,,Best Buy,S.China,Direct,Yes,,,-20,,,,,,
AP > EU,AP,EU,CN,CN E.,31,HMH,MAEU,90-0080,MUNICH MAERSK,329W,228970690,185683244,Confirmed,N,CNNGB,CNNGB,DEBRV,DEHBO,CYP/D,31-Jul,31-Jul,20GPx1,1,20GPx1,1,05-Jul,1,0.5,0.5,,,,,,,31-Jul,06-Sep,05-Jul,Yes,,,H&M Home,Ningbo,Direct,Yes,,,0,,,,,,
AP > EU,AP,EU,CN,CN E.,31,HMH,MAEU,90-0080,MUNICH MAERSK,329W,228970688,185683247,Confirmed,N,CNNGB,CNNGB,DEBRV,DEHBO,CYP/D,31-Jul,31-Jul,20GPx1,1,20GPx1,1,05-Jul,1,0.5,0.5,,,,,,,31-Jul,06-Sep,05-Jul,Yes,,,H&M Home,Ningbo,Direct,Yes,,,0,,,,,,
AP > EU,AP,EU,CN,CN E.,31,HMH,MAEU,90-0080,MUNICH MAERSK,329W,228970692,185683251,Confirmed,N,CNNGB,CNNGB,DEBRV,DEHBO,CYP/D,31-Jul,31-Jul,20GPx1,1,20GPx1,1,05-Jul,1,0.5,0.5,,,,,,,31-Jul,06-Sep,05-Jul,Yes,,,H&M Home,Ningbo,Direct,Yes,,,0,,,,,,
AP > NA,AP,NA,CN,CN E.,31,COS,COSU,HOI23500,,,6360640900,185758702,Confirmed,N,CNFOC,CNFOC,USLAX,USLAX,CYP/CYP,31-Jul,02-Aug,40HCx2,2,40HCx2,2,18-Jul,3,2.25,2.25,,,,,,,31-Jul,20-Aug,06-Jul,Yes,,,Costco,Xiamen,Bkg Agnt,Yes,,,-12,,,,,,
AP > NA,AP,NA,CN,CN E.,31,COS,COSU,HOI23500,,,6360640170,185758811,Confirmed,N,CNFOC,CNFOC,USLAX,USLAX,CYP/CYP,31-Jul,02-Aug,40HCx2,2,40HCx2,2,18-Jul,3,2.25,2.25,,,,,,,31-Jul,20-Aug,06-Jul,Yes,,,Costco,Xiamen,Bkg Agnt,Yes,,,-12,,,,,,
AP > NA,AP,NA,CN,CN S.,31,BBY,OOLU,PE2508,COSCO SHIPPING PEONY,024E,2141739960,185773463,Confirmed,N,CNNSA,CNNSA,USLGB,USLGB,CYP/CYP,31-Jul,31-Jul,40HCx4,4,40HCx4,4,20-Jul,1,4.5,4.5,,,,,,,31-Jul,17-Aug,20-Jul,Yes,,,Best Buy,S.China,Direct,Yes,,,0,,,,,,
AP > NA,AP,NA,CN,CN S.,31,WAL,MAEU,90-0080,ZIM CHARLESTON,016E,229122780,185905823,Confirmed,N,CNYTN,CNYTN,USTPA,USTPA,CYP/CYP,31-Jul,31-Jul,40HCx1,1,40HCx1,1,10-Jul,1,1.125,1.125,,,,,,,31-Jul,08-Sep,10-Jul,Yes,,,Walmart,S.China,Direct,Yes,,,0,,,,,,
AP > NA,AP,NA,CN,CN S.,31,WAL,MAEU,90-0080,ZIM CHARLESTON,016E,229122937,185905859,Confirmed,N,CNYTN,CNYTN,USTPA,USTPA,CYP/CYP,31-Jul,31-Jul,40HCx1,1,40HCx1,1,10-Jul,1,1.125,1.125,,,,,,,31-Jul,08-Sep,10-Jul,Yes,,,Walmart,S.China,Direct,Yes,,,0,,,,,,
AP > EU,AP,EU,CN,CN N.,31,HMH,MAEU,90-0080,MORTEN MAERSK,330W,292116911,185903506,Confirmed,N,CNTSN,CNTSN,DEBRV,DEHBO,CYP/D,31-Jul,31-Jul,40HCx1,1,40HCx1,1,19-Jul,1,1.125,1.125,,,,,,,31-Jul,13-Sep,19-Jul,Yes,,,H&M Home,Tianjin,Bkg Agnt,Yes,,,0,,,,,,
AP > EU,AP,EU,CN,CN N.,31,HMH,MAEU,90-0080,MORTEN MAERSK,330W,292116914,185903512,Confirmed,N,CNTSN,CNTSN,DEBRV,DEHBO,CYP/D,31-Jul,31-Jul,40HCx1,1,40HCx1,1,19-Jul,1,1.125,1.125,,,,,,,31-Jul,13-Sep,19-Jul,Yes,,,H&M Home,Tianjin,Bkg Agnt,Yes,,,0,,,,,,
AP > EU,AP,EU,CN,CN N.,31,HMH,MAEU,90-0080,MORTEN MAERSK,330W,292116915,185903513,Confirmed,N,CNTSN,CNTSN,DEBRV,DEHBO,CYP/D,31-Jul,31-Jul,40HCx1,1,40HCx1,1,19-Jul,1,1.125,1.125,,,,,,,31-Jul,13-Sep,19-Jul,Yes,,,H&M Home,Tianjin,Bkg Agnt,Yes,,,0,,,,,,
AP > EU,AP,EU,CN,CN N.,31,HMH,MAEU,90-0080,MORTEN MAERSK,330W,292116916,185903514,Confirmed,N,CNTSN,CNTSN,DEBRV,DEHBO,CYP/D,31-Jul,31-Jul,40HCx1,1,40HCx1,1,19-Jul,1,1.125,1.125,,,,,,,31-Jul,13-Sep,19-Jul,Yes,,,H&M Home,Tianjin,Bkg Agnt,Yes,,,0,,,,,,
AP > EU,AP,EU,CN,CN N.,31,HMH,MAEU,90-0080,MORTEN MAERSK,330W,292116938,185903628,Confirmed,N,CNTSN,CNTSN,DEBRV,DEHBO,CYP/D,31-Jul,31-Jul,40HCx4,4,40HCx4,4,19-Jul,1,4.5,4.5,,,,,,,31-Jul,13-Sep,19-Jul,Yes,,,H&M Home,Tianjin,Bkg Agnt,Yes,,,0,,,,,,
AP > EU,AP,EU,CN,CN N.,31,HMH,MAEU,90-0080,MORTEN MAERSK,330W,292116912,185903900,Confirmed,N,CNTSN,CNTSN,DEBRV,DEHBO,CYP/D,31-Jul,31-Jul,20GPx1,1,20GPx1,1,19-Jul,1,0.5,0.5,,,,,,,31-Jul,13-Sep,19-Jul,Yes,,,H&M Home,Tianjin,Bkg Agnt,Yes,,,0,,,,,,
AP > NA,AP,NA,CN,CN S.,31,NIK,HDMU,CA235001,YM WELCOME,036E,HKGM11671500,185965377,Confirmed,N,CNYTN,CNYTN,USLAX,USLAX,CYP/CYP,31-Jul,02-Aug,40HCx1,1,40HCx1,1,26-Jul,7,1.125,1.125,,,,,,,31-Jul,15-Aug,11-Jul,Yes,,,Nike,S.China,Direct,Yes,,,-15,,,,,,
AP > NA,AP,NA,CN,CN S.,31,BBY,HDMU,CA235001,YM WELCOME,036E,HKGM09855500,185965699,Confirmed,Y,CNYTN,CNYTN,USLAX,USLAX,CYP/CYP,31-Jul,02-Aug,40HCx1,1,20GPx1,1,26-Jul,4,1.125,0.5,,,,,,,31-Jul,15-Aug,11-Jul,Yes,,,Best Buy,S.China,Direct,Yes,,,-15,,,,,,
AP > NA,AP,NA,CN,CN S.,31,BBY,HDMU,CA235001,YM WELCOME,036E,HKGM26683400,185965746,Confirmed,N,CNYTN,CNYTN,USLAX,USLAX,CYP/CYP,31-Jul,02-Aug,40GPx1,1,40GPx1,1,26-Jul,3,1,1,,,,,,,31-Jul,15-Aug,11-Jul,Yes,,,Best Buy,S.China,Direct,Yes,,,-15,,,,,,
AP > NA,AP,NA,CN,CN S.,31,BBY,HDMU,CA235001,YM WELCOME,036E,HKGM17248100,185965863,Confirmed,N,CNYTN,CNYTN,USLAX,USLAX,CYP/CYP,31-Jul,02-Aug,40HCx6,6,40HCx6,6,26-Jul,3,6.75,6.75,,,,,,,31-Jul,15-Aug,11-Jul,Yes,,,Best Buy,S.China,Direct,Yes,,,-15,,,,,,
AP > NA,AP,NA,CN,CN E.,31,BBY,EGLV,SC50089,EVER FRANK,1076-015E,EGLV145399219479,185969803,Confirmed,N,CNNKG,CNNKG,USLAX,USLAX,CYP/CYP,31-Jul,31-Jul,40HCx2,2,40HCx2,2,12-Jul,1,2.25,2.25,,,,,,,31-Jul,,12-Jul,Yes,,,Best Buy,Shanghai,Bkg Agnt,Yes,,,0,,,,,,
AP > NA,AP,NA,CN,CN N.,31,NEW,CMDU,89-0000,COSCO EUROPE,092E,QGD0335948,185971336,Canceled by carrier,N,CNTAO,CNTAO,USLGB,USKCK,CYP/CYP,31-Jul,,20GPx1,1,,,,,0.5,,,,,,,,,,,Yes,,,Newell Brands Distribution,Qingdao,Bkg Agnt,No,,,0,,,,,,
AP > NA,AP,NA,CN,CN S.,31,COS,EGLV,SC50089,EVER FRONT,1308-019E,149303996072,185972794,Confirmed,N,CNYTN,CNYTN,USLAX,USLAX,CYP/CYP,31-Jul,31-Jul,40HCx1,1,40HCx1,1,20-Jul,2,1.125,1.125,,,,,,,31-Jul,14-Aug,13-Jul,Yes,,,Costco,S.China,Direct,Yes,,,-7,,,,,,
AP > NA,AP,NA,CN,CN S.,31,COS,EGLV,SC50089,EVER FRONT,1308-019E,149303996056,185972795,Confirmed,N,CNYTN,CNYTN,USLAX,USLAX,CYP/CYP,31-Jul,31-Jul,40GPx1,1,40GPx1,1,13-Jul,1,1,1,,,,,,,31-Jul,14-Aug,13-Jul,Yes,,,Costco,S.China,Direct,Yes,,,0,,,,,,
AP > NA,AP,NA,CN,CN S.,31,COS,EGLV,SC50089,EVER FRONT ,1308-019E,149303996170,185972823,Canceled by carrier,N,CNYTN,CNYTN,USLAX,USLAX,CYP/CYP,31-Jul,,40HCx1,1,,,,,1.125,,,,,,,,,,,No,,,Costco,S.China,Direct,No,,,0,,,,,,
AP > NA,AP,NA,CN,CN S.,31,COS,EGLV,SC50089,EVER FRONT ,1308-019E,149303996188,185972826,Canceled by carrier,N,CNYTN,CNYTN,USLAX,USLAX,CYP/CYP,31-Jul,,40HCx1,1,,,,,1.125,,,,,,,,,,,No,,,Costco,S.China,Direct,No,,,0,,,,,,
AP > NA,AP,NA,CN,CN S.,31,WAL,EGLV,SC50089,EVER FRONT ,1308-019E,149303996269,185972868,Canceled by carrier,N,CNYTN,CNYTN,USLAX,USLAX,CYP/CYP,31-Jul,,40HCx1,1,,,,,1.125,,,,,,,,,,,No,,,Walmart,S.China,Direct,No,,,0,,,,,,
AP > NA,AP,NA,CN,CN S.,31,WAL,EGLV,SC50089,EVER FRONT ,1308-019E,149303996277,185972883,Canceled by carrier,N,CNYTN,CNYTN,USLAX,USLAX,CYP/CYP,31-Jul,,40HCx1,1,,,,,1.125,,,,,,,,,,,No,,,Walmart,S.China,Direct,No,,,0,,,,,,
AP > NA,AP,NA,CN,CN S.,31,WAL,EGLV,SC50089,EVER FRONT ,1308-019E,149303996285,185972884,Canceled by carrier,N,CNYTN,CNYTN,USLAX,USLAX,CYP/CYP,31-Jul,,40HCx1,1,,,,,1.125,,,,,,,,,,,No,,,Walmart,S.China,Direct,No,,,0,,,,,,
AP > NA,AP,NA,CN,CN S.,31,WAL,EGLV,SC50089,EVER FRONT ,1308-019E,149303996293,185972891,Canceled by carrier,N,CNYTN,CNYTN,USLAX,USLAX,CYP/CYP,31-Jul,,40HCx1,1,,,,,1.125,,,,,,,,,,,No,,,Walmart,S.China,Direct,No,,,0,,,,,,
AP > NA,AP,NA,CN,CN S.,31,HOD,EGLV,SC50089,EVER FRONT ,1308-019E,149303996307,185972892,Canceled by carrier,N,CNYTN,CNYTN,USLAX,USLAX,CYP/CYP,31-Jul,,40HCx1,1,,,,,1.125,,,,,,,,,,,No,,,Home Depot,S.China,Direct,No,,,0,,,,,,
AP > NA,AP,NA,CN,CN S.,31,HOD,EGLV,SC50089,EVER FRONT,1308-019E,149303996315,185972898,Confirmed,N,CNYTN,CNYTN,USLAX,USLAX,CYP/CYP,31-Jul,31-Jul,40HCx1,1,40HCx1,1,13-Jul,1,1.125,1.125,,,,,,,31-Jul,14-Aug,13-Jul,Yes,,,Home Depot,S.China,Direct,Yes,,,0,,,,,,
AP > NA,AP,NA,CN,CN E.,31,NEW,CMDU,89-0000,,,XIA1180124,186017571,Confirmed,Y,CNXMN,CNXMN,USSAV,USXFS,CYP/CYP,31-Jul,12-Aug,40HCx1,1,40HCx1,1,03-Aug,3,1.125,1.125,,,,,,,30-Jul,02-Sep,12-Jul,Yes,,,Newell Brands Distribution,Xiamen,Bkg Agnt,Yes,,,-22,,,,,,
AP > NA,AP,NA,CN,CN N.,31,DEC,COSU,SSM25008,COSCO EUROPE,092E,8042130100,186020613,Confirmed,N,CNTAO,CNTAO,USLGB,USLGB,CYP/CYP,31-Jul,31-Jul,40HCx1,1,40HCx1,1,12-Jul,1,1.125,1.125,,,,,,,31-Jul,,12-Jul,Yes,,,Decathlon,Qingdao,Bkg Agnt,No,,,0,,,,,,
AP > NA,AP,NA,CN,CN N.,31,DEC,COSU,SSM25008,COSCO EUROPE,092E,8042130300,186020832,Confirmed,N,CNTAO,CNTAO,USLGB,USLGB,CYP/CYP,31-Jul,31-Jul,45HCx1,1,45HCx1,1,12-Jul,1,1.265,1.265,,,,,,,31-Jul,,12-Jul,Yes,,,Decathlon,Qingdao,Bkg Agnt,No,,,0,,,,,,
AP > NA,AP,NA,CN,CN N.,31,COS,COSU,SSM25008,COSCO EUROPE,092E,8042130410,186021110,Confirmed,N,CNTAO,CNTAO,USLGB,USLGB,CYP/CYP,31-Jul,31-Jul,40HCx4,4,40HCx4,4,12-Jul,1,4.5,4.5,,,,,,,31-Jul,,12-Jul,Yes,,,Costco,Qingdao,Bkg Agnt,No,,,0,,,,,,
AP > NA,AP,NA,CN,CN N.,31,COS,COSU,SSM25008,COSCO EUROPE,092E,8042130580,186021301,Confirmed,N,CNTAO,CNTAO,USLGB,USLGB,CYP/CYP,31-Jul,31-Jul,45HCx5,5,45HCx5,5,12-Jul,1,6.325,6.325,,,,,,,31-Jul,,12-Jul,Yes,,,Costco,Qingdao,Bkg Agnt,No,,,0,,,,,,
AP > NA,AP,NA,CN,CN N.,31,NEW,ONEY,HAM0026,,,ONEYTA3PU3699600,186034200,Confirmed,Y,CNTAO,CNTAO,USSAV,USXFS,CYP/D,31-Jul,07-Aug,20GPx1,1,20GPx1,1,13-Jul,1,0.5,0.5,,,,,,,07-Aug,,13-Jul,Yes,,,Newell Brands Distribution,Qingdao,Bkg Agnt,Yes,,,0,,,,,,
AP > NA,AP,NA,CN,CN S.,31,NEW,YMLU,Y25-500,YM WELCOME,036E,W226415311,186168063,Confirmed,N,CNYTN,CNYTN,USLAX,USMKC,CYP/CYP,31-Jul,31-Jul,40HCx1,1,40HCx1,1,17-Jul,1,1.125,1.125,,,,,,,31-Jul,15-Aug,17-Jul,Yes,,,Newell Brands Distribution,S.China,Direct,Yes,,,0,,,,,,
AP > NA,AP,NA,CN,CN E.,31,BBY,OOLU,PE2508,EVER STRONG,0434-112E,OOLU2722365170,186177248,Canceled by carrier,N,CNSHA,CNSHA,CAVAN,CAVAN,CYP/CYP,31-Jul,,40HCx1,1,,,,,1.125,,,,,,,,,,,No,,,Best Buy,Shanghai,Bkg Agnt,Yes,,,0,,,,,,
AP > NA,AP,NA,CN,CN S.,31,BBY,COSU,HOI23500,COSCO SHIPPING PEONY,024E,6361311310,186233179,Confirmed,N,CNNSA,CNNSA,USLGB,USLGB,CYP/CYP,31-Jul,31-Jul,40HCx2,2,40HCx2,2,17-Jul,1,2.25,2.25,,,,,,,31-Jul,17-Aug,17-Jul,Yes,,,Best Buy,S.China,Direct,Yes,,,0,,,,,,
AP > NA,AP,NA,CN,CN N.,31,WAL,MAEU,90-0090,MORTEN MAERSK,330W,273068356,186238843,Confirmed,N,CNTSN,CNTSN,USLAX,USLAX,CYP/CYP,31-Jul,31-Jul,40GPx1,1,40GPx1,1,17-Jul,1,1,1,,,,,,,31-Jul,25-Aug,17-Jul,Yes,,,Walmart,Tianjin,Bkg Agnt,Yes,,,0,,,,,,
AP > EU,AP,EU,VN,VN S.,31,HMH,MAEU,90-0080,MAERSK JAIPUR,331S,229370655,186293055,Confirmed,N,VNSGN,VNSGN,DEHAM,DEHAM,CYP/CYP,31-Jul,31-Jul,40HCx1,1,40HCx1,1,18-Jul,1,1.125,1.125,,,,,,,31-Jul,31-Aug,18-Jul,Yes,EVELYN MAERSK,329W,H&M Home,Vietnam,Direct,Yes,,,0,,,,,,
AP > EU,AP,EU,VN,VN S.,31,HMH,MAEU,90-0080,MAERSK JAIPUR,332S,229370664,186293079,Confirmed,Y,VNSGN,VNSGN,DEHAM,DEHAM,CYP/CYP,31-Jul,07-Aug,40HCx1,1,40HCx1,1,28-Jul,2,1.125,1.125,,,,,,,31-Jul,31-Aug,18-Jul,Yes,EBBA MAERSK,330W,H&M Home,Vietnam,Direct,Yes,,,-10,,,,,,
AP > NA,AP,NA,CN,CN S.,31,WAL,MSCU,25-970GA,ZIM CHARLESTON,016E,181AY0232732910A1,186311527,Canceled by carrier,N,CNYTN,CNYTN,USTPA,USTPA,CYP/CYP,31-Jul,,40HCx1,1,,,,,1.125,,,,,,,,,,,Yes,,,Walmart,S.China,Direct,No,,,0,,,,,,
AP > NA,AP,NA,CN,CN S.,31,WAL,MSCU,25-970GA,ZIM CHARLESTON,016E,181AY0232733735A1,186327549,Canceled by carrier,N,CNYTN,CNYTN,USTPA,USTPA,CYP/CYP,31-Jul,,40HCx1,1,,,,,1.125,,,,,,,,,,,Yes,,,Walmart,S.China,Direct,No,,,0,,,,,,
AP > NA,AP,NA,VN,VN N.,31,BBY,EGLV,SC50089,EVER CHASTE,0007-042N,236300276651,186322556,Confirmed,Y,VNHPH,VNHPH,USLAX,USLAX,CYP/CYP,31-Jul,08-Aug,40HCx2,2,40HCx2,2,24-Jul,2,2.25,2.25,,,,,,,09-Aug,04-Sep,19-Jul,Yes,,,Best Buy,Vietnam,Direct,Yes,,,-5,,,,,,
AP > NA,AP,NA,CN,CN E.,31,BBY,HDMU,CA235001,ONE HELSINKI,053E,HDMUNKGZ94940800,186375968,Confirmed,N,CNNKG,CNNKG,CAVAN,CATOR,CYP/CYP,31-Jul,31-Jul,40HCx1,1,40HCx1,1,24-Jul,2,1.125,1.125,,,,,,,31-Jul,,19-Jul,Yes,,,Best Buy,Shanghai,Bkg Agnt,Yes,,,-5,,,,,,
AP > NA,AP,NA,CN,CN E.,31,NIK,YMLU,Y25-500,YM TROPHY,008E,YMPRW241123098,186394384,Confirmed,N,CNNKG,CNNKG,USLGB,USLGB,CYP/CYP,31-Jul,31-Jul,40HCx1,1,40HCx1,1,26-Jul,3,1.125,1.125,,,,,,,31-Jul,,21-Jul,Yes,,,Nike,Shanghai,Bkg Agnt,Yes,,,-5,,,,,,
AP > NA,AP,NA,CN,CN S.,31,NIK,EGLV,SC50089,EVER FRONT ,1308-019E,149303707399,185482369,Canceled by carrier,N,CNYTN,CNYTN,USLAX,USLAX,CYP/CYP,01-Aug,,40HCx1,1,,,,,1.125,,,,,,,,,,,No,,,Nike,S.China,Direct,No,,,0,,,,,,
AP > NA,AP,NA,CN,CN S.,31,NIK,EGLV,SC50089,EVER FRONT ,1308-019E,149303707402,185482373,Canceled by carrier,N,CNYTN,CNYTN,USLAX,USLAX,CYP/CYP,01-Aug,,40HCx1,1,,,,,1.125,,,,,,,,,,,No,,,Nike,S.China,Direct,No,,,0,,,,,,
AP > NA,AP,NA,CN,CN S.,31,BBY,EGLV,SC50089,EVER FRONT ,1308-019E,149303707381,185482386,Canceled by carrier,N,CNYTN,CNYTN,USLAX,USLAX,CYP/CYP,01-Aug,,20GPx1,1,,,,,0.5,,,,,,,,,,,No,,,Best Buy,S.China,Direct,No,,,0,,,,,,
AP > EU,AP,EU,CN,CN E.,31,HMH,MAEU,90-0080,EBBA MAERSK,330W,228846095,185488095,Canceled by carrier,N,CNSHA,CNSHA,DEHAM,DEHAM,CYP/CYP,01-Aug,,40HCx1,1,,,,,1.125,,,,,,,,,,,Yes,,,H&M Home,Shanghai,Direct,No,,,0,,,,,,
AP > EU,AP,EU,CN,CN E.,31,HMH,MAEU,90-0080,EBBA MAERSK,330W,228846099,185488102,Canceled by carrier,N,CNSHA,CNSHA,DEHAM,DEHAM,CYP/CYP,01-Aug,,40HCx1,1,,,,,1.125,,,,,,,,,,,Yes,,,H&M Home,Shanghai,Direct,No,,,0,,,,,,
AP > NA,AP,NA,CN,CN E.,31,NEW,YMLU,Y25-500,HYUNDAI FORCE,099E,YMPRW241122935,185755411,Confirmed,Y,CNNKG,CNNKG,USLAX,USLAX,CYP/CYP,01-Aug,24-Jul,"40GPx1, 40HCx1",2,"40GPx1, 40HCx1",2,10-Jul,2,2.125,2.125,,,,,,,25-Jul,,07-Jul,Yes,,,Newell Brands Distribution,Shanghai,Bkg Agnt,Yes,,,-3,,,,,,
AP > NA,AP,NA,CN,CN E.,31,NIK,OOLU,PE2508,OOCL POLAND,037E,OOLU2721896540,185762325,Confirmed,N,CNSHA,CNSHA,USLGB,USLGB,CYP/CYP,01-Aug,01-Aug,40HCx6,6,40HCx6,6,07-Jul,1,6.75,6.75,,,,,,,01-Aug,,07-Jul,Yes,,,Nike,Shanghai,Bkg Agnt,Yes,,,0,,,,,,
AP > NA,AP,NA,CN,CN S.,31,BBY,EGLV,SC50089,EVER FRONT,1308-019E,149303899735,185810739,Canceled by carrier,N,CNYTN,CNYTN,USLAX,USLAX,CYP/CYP,01-Aug,,40GPx2,2,,,,,2,,,,,,,,,,,Yes,,,Best Buy,S.China,Direct,No,,,0,,,,,,
AP > NA,AP,NA,CN,CN S.,31,NIK,EGLV,SC50089,EVER FRONT,1308-019E,149304002917,185978477,Confirmed,N,CNYTN,CNYTN,USLAX,USLAX,CYP/CYP,01-Aug,31-Jul,40GPx8,8,40GPx8,8,12-Jul,1,8,8,,,,,,,31-Jul,14-Aug,12-Jul,Yes,,,Nike,S.China,Direct,Yes,,,0,,,,,,
AP > NA,AP,NA,CN,CN E.,31,BBY,HDMU,CA235001,ONE HELSINKI,053E,HDMUNKGZ54534300,185986386,Confirmed,N,CNNKG,CNNKG,CAVAN,CATOR,CYP/CYP,01-Aug,01-Aug,40HCx2,2,40HCx2,2,24-Jul,2,2.25,2.25,,,,,,,01-Aug,,12-Jul,Yes,,,Best Buy,Shanghai,Bkg Agnt,Yes,,,-12,,,,,,
AP > NA,AP,NA,CN,CN E.,31,BBY,HDMU,CA235001,ONE HELSINKI,053E,HDMUNKGZ54885300,185986420,Confirmed,N,CNNKG,CNNKG,CAVAN,CATOR,CYP/CYP,01-Aug,01-Aug,40HCx1,1,40HCx1,1,24-Jul,2,1.125,1.125,,,,,,,01-Aug,,12-Jul,Yes,,,Best Buy,Shanghai,Bkg Agnt,Yes,,,-12,,,,,,
AP > NA,AP,NA,VN,VN N.,31,TES,COSU,SSM25008,CSCL SOUTH CHINA SEA,063E,6361029930,185999061,Canceled by carrier,N,VNHPH,VNHPH,USLGB,USLAX,CYP/CYP,01-Aug,,40HCx1,1,,,,,1.125,,,,,,,,,,,Yes,,,Tesla,Vietnam,Direct,No,,,0,,,,,,
AP > NA,AP,NA,VN,VN N.,31,WAL,COSU,SSM25008,CSCL SOUTH CHINA SEA,063E,6361029940,185999078,Canceled by carrier,N,VNHPH,VNHPH,USLGB,USLAX,CYP/CYP,01-Aug,,40HCx2,2,,,,,2.25,,,,,,,,,,,Yes,,,Walmart,Vietnam,Direct,No,,,0,,,,,,
AP > NA,AP,NA,VN,VN N.,31,BBY,EGLV,SC50089,EVER CHASTE,0007-042N,236300268275,186024196,Canceled by carrier,N,VNHPH,VNHPH,USLAX,USLAX,CYP/CYP,01-Aug,,40HCx2,2,,,,,2.25,,,,,,,,,,,Yes,,,Best Buy,Vietnam,Direct,No,,,0,,,,,,
AP > NA,AP,NA,CN,CN E.,31,NEW,ONEY,HAM0026,HYUNDAI FORCE,099E,ONEYSH3AB2605800,186042617,Confirmed,Y,CNSHA,CNSHA,USLAX,USLAX,CYP/CYP,01-Aug,30-Jul,40HCx5,5,40HCx5,5,13-Jul,3,5.625,5.625,,,,,,,25-Jul,,12-Jul,Yes,,,Newell Brands Distribution,Shanghai,Bkg Agnt,No,,,-1,,,,,,
AP > NA,AP,NA,CN,CN E.,31,NEW,MSCU,25-970GA,GERD MAERSK,330N,177QSYSYS01005,186046638,Confirmed,N,CNSHA,CNSHA,USLAX,USKCK,CYP/RR,01-Aug,01-Aug,40HCx1,1,40HCx1,1,13-Jul,1,1.125,1.125,,,,,,,01-Aug,,13-Jul,Yes,,,Newell Brands Distribution,Shanghai,Bkg Agnt,Yes,,,0,,,,,,
AP > NA,AP,NA,CN,CN S.,31,NEW,OOLU,PE2508,OOCL KOREA,043E,2141889770,186148898,Confirmed,N,CNYTN,CNYTN,CAVAN,CABRP,CYP/D,01-Aug,02-Aug,40GPx1,1,40GPx1,1,14-Jul,1,1,1,,,,,,,02-Aug,23-Aug,14-Jul,Yes,YANTIAN,115N,Newell Brands Distribution,S.China,Direct,Yes,,,0,,,,,,
AP > NA,AP,NA,CN,CN E.,31,LEN,CMDU,89-0000,OOCL POLAND,037E,TBD,186245595,Canceled by carrier,N,CNSHA,CNSHA,USLGB,USLGB,CYP/CYP,01-Aug,,40HCx2,2,,,,,2.25,,,,,,,,,,,No,,,Lenovo,Shanghai,Bkg Agnt,No,,,0,,,,,,
AP > NA,AP,NA,CN,CN E.,31,LEN,CMDU,89-0000,COSCO PORTUGAL,060E,CHN0442272,186310995,Confirmed,Y,CNSHA,CNSHA,USLGB,USLGB,CYP/CYP,01-Aug,08-Aug,40HCx3,3,40HCx3,3,19-Jul,3,3.375,3.375,,,,,,,01-Aug,,18-Jul,Yes,,,Lenovo,Shanghai,Bkg Agnt,Yes,,,-1,,,,,,
AP > NA,AP,NA,CN,CN E.,31,TRI,CMDU,89-0000,COSCO PORTUGAL,060E,CHN0442291,186311100,Confirmed,Y,CNSHA,CNSHA,USLGB,USLGB,CYP/CYP,01-Aug,08-Aug,40HCx1,1,40HCx1,1,18-Jul,2,1.125,1.125,,,,,,,01-Aug,,18-Jul,Yes,,,Triumph,Shanghai,Bkg Agnt,Yes,,,0,,,,,,
AP > NA,AP,NA,CN,CN E.,31,TRI,CMDU,89-0000,COSCO PORTUGAL,060E,CHN0442279,186311402,Confirmed,Y,CNSHA,CNSHA,USLGB,USLGB,CYP/CYP,01-Aug,08-Aug,"40GPx3, 40HCx2",5,"40GPx3, 40HCx2",5,21-Jul,4,5.25,5.25,,,,,,,01-Aug,,18-Jul,Yes,,,Triumph,Shanghai,Bkg Agnt,Yes,,,-3,,,,,,
AP > NA,AP,NA,CN,CN E.,31,COS,MSCU,25-001WW,GERD MAERSK,330N,177QSYSYS01009,186318301,Confirmed,N,CNSHA,CNSHA,USLAX,USLAX,CYP/CYP,01-Aug,01-Aug,40HCx5,5,40HCx5,5,19-Jul,1,5.625,5.625,,,,,,,01-Aug,,19-Jul,Yes,,,Costco,Shanghai,Bkg Agnt,Yes,,,0,,,,,,
AP > NA,AP,NA,CN,CN E.,31,COS,MSCU,25-001WW,GERD MAERSK,330N,177QSYSYS01010,186318348,Confirmed,N,CNSHA,CNSHA,USLAX,USLAX,CYP/CYP,01-Aug,01-Aug,"40GPx1, 40HCx1",2,"40GPx1, 40HCx1",2,19-Jul,1,2.125,2.125,,,,,,,01-Aug,,19-Jul,Yes,,,Costco,Shanghai,Bkg Agnt,Yes,,,0,,,,,,
AP > NA,AP,NA,VN,VN N.,31,NEW,COSU,SSM25008,,,TBD,186325598,Canceled by carrier,N," - , ",VNHPH,USNYC," - , ",CYP/CYP,01-Aug,,"20RFx1, 40HRFx3",4,,,,,3.875,,,,,,,,,,,No,,,Newell Brands Distribution,Vietnam,Direct,No,,,0,,,,,,
AP > NA,AP,NA,VN,VN N.,31,NEW,COSU,SSM25008,,,TBD,186330476,Canceled by carrier,N," - , ",VNHPH,USNYC," - , ",CYP/CYP,01-Aug,,"20RFx1, 40HRFx3",4,,,,,3.875,,,,,,,,,,,No,,,Newell Brands Distribution,Vietnam,Direct,No,,,0,,,,,,
AP > EU,AP,EU,VN,VN C.,31,HMH,MAEU,90-0080,MAERSK NACKA,330S,229416886,186364008,Confirmed,N,VNUIH,VNUIH,DEBRV,DEHBO,CYP/D,01-Aug,03-Aug,40HCx1,1,40HCx1,1,26-Jul,2,1.125,1.125,,,,,,,03-Aug,06-Sep,19-Jul,Yes,MUNICH MAERSK,329W,H&M Home,Vietnam,Direct,Yes,,,-7,,,,,,
AP > EU,AP,EU,VN,VN C.,31,HMH,MAEU,90-0080,MAERSK NACKA,330S,229417141,186364537,Confirmed,N,VNUIH,VNUIH,DEHAM,DEHAM,CYP/CYP,01-Aug,03-Aug,40HCx1,1,40HCx1,1,26-Jul,2,1.125,1.125,,,,,,,03-Aug,07-Sep,19-Jul,Yes,EBBA MAERSK,330W,H&M Home,Vietnam,Direct,Yes,,,-7,,,,,,
AP > EU,AP,EU,VN,VN C.,31,HMH,MAEU,90-0080,MAERSK NACKA,330S,229423617,186378161,Confirmed,N,VNUIH,VNUIH,DEHAM,DEHAM,CYP/CYP,01-Aug,03-Aug,40HCx1,1,40HCx1,1,26-Jul,2,1.125,1.125,,,,,,,03-Aug,07-Sep,19-Jul,Yes,EBBA MAERSK,330W,H&M Home,Vietnam,Direct,Yes,,,-7,,,,,,
AP > NA,AP,NA,VN,VN N.,31,NEW,COSU,SSM25008,,,TBD,186471003,Canceled by carrier,N," - , ",VNHPH,USNYC," - , ",CYP/CYP,01-Aug,,"20RFx1, 40HRFx3",4,,,,,3.875,,,,,,,,,,,No,,,Newell Brands Distribution,Vietnam,Direct,No,,,0,,,,,,
AP > NA,AP,NA,CN,CN E.,31,NIK,HDMU,CA235001,ARISTOMENIS,022E,NBOZ05719500,186525571,Canceled by carrier,N,CNNGB,CNNGB,USLGB,USLGB,CYP/CYP,01-Aug,,40HCx3,3,,,,,3.375,,,,,,,,,,,No,,,Nike,Ningbo,Bkg Agnt,Yes,,,0,,,,,,
AP > NA,AP,NA,CN,CN E.,31,NEW,CMDU,89-0000,OOCL POLAND,037E,CHN0455035,186592365,Pending,N,CNSHA,CNSHA,USLGB,USLGB,CYP/CYP,01-Aug,,40HCx1,1,,,,1,1.125,,,,,,,,,,,Yes,,,Newell Brands Distribution,Shanghai,Bkg Agnt,Yes,,,0,,,,,,
AP > NA,AP,NA,CN,CN E.,31,NEW,CMDU,89-0000,OOCL POLAND,037E,CHN0455089,186592891,Pending,N,CNSHA,CNSHA,USLGB,USLGB,CYP/CYP,01-Aug,,40HCx2,2,,,,1,2.25,,,,,,,,,,,Yes,,,Newell Brands Distribution,Shanghai,Bkg Agnt,Yes,,,0,,,,,,
AP > NA,AP,NA,CN,CN E.,31,NEW,CMDU,89-0000,OOCL POLAND,037E,CHN0455373,186594988,Pending,N,CNSHA,CNSHA,USLGB,USLGB,CYP/CYP,01-Aug,,40HCx3,3,,,,1,3.375,,,,,,,,,,,Yes,,,Newell Brands Distribution,Shanghai,Bkg Agnt,Yes,,,0,,,,,,
AP > NA,AP,NA,CN,CN E.,31,COS,CMDU,89-0000,,,XIA1175785,185585865,Confirmed,N,CNXMN,CNXMN,USLAX,USLAX,CYP/CYP,02-Aug,02-Aug,45HCx2,2,45HCx2,2,04-Jul,1,2.53,2.53,,,,,,,02-Aug,,04-Jul,Yes,,,Costco,Xiamen,Bkg Agnt,Yes,,,0,,,,,,
AP > NA,AP,NA,CN,CN E.,31,TRI,CMDU,89-0000,,,XIA1176154,185634645,Confirmed,N,CNXMN,CNXMN,USLAX,USLAX,CYP/CYP,02-Aug,02-Aug,40HCx3,3,40HCx3,3,04-Jul,1,3.375,3.375,,,,,,,02-Aug,,04-Jul,Yes,,,Triumph,Xiamen,Bkg Agnt,Yes,,,0,,,,,,
AP > NA,AP,NA,CN,CN E.,31,HOD,CMDU,89-0000,,,XIA1176145,185634880,Confirmed,N,CNXMN,CNXMN,USLAX,USLAX,CYP/CYP,02-Aug,02-Aug,40HCx4,4,40HCx4,4,04-Jul,1,4.5,4.5,,,,,,,02-Aug,,04-Jul,Yes,,,Home Depot,Xiamen,Bkg Agnt,Yes,,,0,,,,,,
AP > NA,AP,NA,CN,CN E.,31,COS,MAEU,90-0090,,,609611267,185759306,Confirmed,N,CNFOC,CNFOC,USLAX,USLAX,CYP/CYP,02-Aug,02-Aug,40HCx1,1,40HCx1,1,07-Jul,1,1.125,1.125,,,,,,,02-Aug,21-Aug,07-Jul,Yes,,,Costco,Xiamen,Bkg Agnt,Yes,,,0,,,,,,
AP > NA,AP,NA,CN,CN E.,31,NIK,HDMU,CA235001,ARISTOMENIS,022E,NBOZ85904100,185893645,Canceled by carrier,N,CNNGB,CNNGB,USLGB,USLGB,CYP/CYP,02-Aug,,40HCx3,3,,,,,3.375,,,,,,,,,,,Yes,,,Nike,Ningbo,Bkg Agnt,No,,,0,,,,,,
AP > NA,AP,NA,CN,CN E.,31,BBY,HDMU,CA235001,ARISTOMENIS,022E,NBOZ01082600,185893690,Canceled by carrier,N,CNNGB,CNNGB,USLGB,USLGB,CYP/CYP,02-Aug,,40HCx6,6,,,,,6.75,,,,,,,,,,,Yes,,,Best Buy,Ningbo,Bkg Agnt,No,,,0,,,,,,
AP > NA,AP,NA,CN,CN E.,31,BBY,HDMU,CA235001,YM TROPHY,008E,NBOZ23075500,185893750,Confirmed,N,CNNGB,CNNGB,USLGB,USLGB,CYP/CYP,02-Aug,02-Aug,40HCx5,5,40HCx5,5,10-Jul,1,5.625,5.625,,,,,,,02-Aug,,10-Jul,Yes,,,Best Buy,Ningbo,Bkg Agnt,Yes,,,0,,,,,,
AP > NA,AP,NA,CN,CN E.,31,NIK,YMLU,Y25-500,ARISTOMENIS,022E,YMCEXG251454,185894377,Canceled by carrier,N,CNNGB,CNNGB,USLGB,USLGB,CYP/CYP,02-Aug,,40HCx4,4,,,,,4.5,,,,,,,,,,,No,,,Nike,Ningbo,Bkg Agnt,No,,,0,,,,,,
AP > NA,AP,NA,CN,CN E.,31,NIK,YMLU,Y25-500,ARISTOMENIS,022E,YMCEXG251453,185894405,Canceled by carrier,N,CNNGB,CNNGB,USLGB,USLGB,CYP/CYP,02-Aug,,40HCx10,10,,,,,11.25,,,,,,,,,,,No,,,Nike,Ningbo,Bkg Agnt,No,,,0,,,,,,
AP > NA,AP,NA,CN,CN E.,31,NEW,COSU,SSM25008,,,6361090370,185909036,Confirmed,N,CNXMN,CNXMN,USLAX,USCXL,CYP/CYP,02-Aug,02-Aug,40HCx2,2,40HCx2,2,19-Jul,1,2.25,2.25,,,,,,,02-Aug,20-Aug,19-Jul,Yes,,,Newell Brands Distribution,Xiamen,Bkg Agnt,Yes,,,0,,,,,,
AP > NA,AP,NA,CN,CN E.,31,NEW,CMDU,89-0000,,,NGP0401588,185978076,Confirmed,N,CNNGB,CNNGB,USLAX,USKCK,CYP/CYP,02-Aug,02-Aug,20GPx1,1,20GPx1,1,14-Jul,1,0.5,0.5,,,,,,,02-Aug,22-Aug,14-Jul,Yes,,,Newell Brands Distribution,Ningbo,Bkg Agnt,Yes,,,0,,,,,,
AP > NA,AP,NA,CN,CN E.,31,COS,COSU,HOI23500,,,6361450330,186050614,Confirmed,N,CNFOC,CNFOC,USLAX,USLAX,CYP/CYP,02-Aug,02-Aug,40HCx1,1,40HCx1,1,18-Jul,1,1.125,1.125,,,,,,,02-Aug,27-Aug,18-Jul,Yes,,,Costco,Xiamen,Bkg Agnt,Yes,,,0,,,,,,
AP > NA,AP,NA,CN,CN E.,31,COS,COSU,HOI23500,,,6361450530,186170228,Confirmed,N,CNFOC,CNFOC,USLAX,USLAX,CYP/CYP,02-Aug,02-Aug,40HCx1,1,40HCx1,1,18-Jul,1,1.125,1.125,,,,,,,02-Aug,27-Aug,18-Jul,Yes,,,Costco,Xiamen,Bkg Agnt,Yes,,,0,,,,,,
AP > NA,AP,NA,CN,CN E.,31,DEC,MAEU,90-0090,MSC KATIE,330N,292861114,186264182,Confirmed,N,CNNGB,CNNGB,USLGB,USLGB,CYP/CYP,02-Aug,02-Aug,40GPx4,4,40GPx4,4,18-Jul,1,4,4,,,,,,,02-Aug,19-Aug,18-Jul,Yes,,,Decathlon,Ningbo,Bkg Agnt,Yes,,,0,,,,,,
AP > NA,AP,NA,CN,CN E.,31,COS,MAEU,90-0090,MSC EVA,331N,273207129,186318125,Confirmed,Y,CNNKG,CNNKG,USLGB,USLGB,CYP/CYP,02-Aug,09-Aug,40HCx3,3,40HCx3,3,27-Jul,3,3.375,3.375,,,,,,,02-Aug,26-Aug,21-Jul,Yes,,,Costco,Shanghai,Bkg Agnt,Yes,,,-6,,,,,,
AP > NA,AP,NA,CN,CN E.,31,NIK,HDMU,Y25-500,ARISTOMENIS,022E,NBOZ85867600,186320936,Confirmed,N,CNNGB,CNNGB,USLGB,USLGB,CYP/CYP,02-Aug,02-Aug,40HCx4,4,40HCx4,4,18-Jul,1,4.5,4.5,,,,,,,02-Aug,,18-Jul,Yes,,,Nike,Ningbo,Bkg Agnt,Yes,,,0,,,,,,
AP > NA,AP,NA,CN,CN E.,31,LEN,MSCU,25-001WW,MSC KATIE,330N,177UGLGLN31881A,186323476,Confirmed,N,CNNGB,CNNGB,USLGB,USLGB,CYP/CYP,02-Aug,02-Aug,"40GPx2, 40HCx1",3,"40GPx2, 40HCx1",3,19-Jul,1,3.125,3.125,,,,,,,02-Aug,,19-Jul,Yes,,,Lenovo,Ningbo,Bkg Agnt,Yes,,,0,,,,,,
AP > NA,AP,NA,CN,CN E.,31,LEN,MSCU,25-001WW,MSC KATIE,330N,177UGLGLN31883A,186323488,Confirmed,N,CNNGB,CNNGB,USLGB,USLGB,CYP/CYP,02-Aug,02-Aug,40HCx3,3,40HCx3,3,19-Jul,1,3.375,3.375,,,,,,,02-Aug,,19-Jul,Yes,,,Lenovo,Ningbo,Bkg Agnt,Yes,,,0,,,,,,
AP > NA,AP,NA,CN,CN E.,31,WAL,MSCU,25-001WW,MSC KATIE,330N,177UGLGLN31882A,186323556,Confirmed,N,CNNGB,CNNGB,USLGB,USLGB,CYP/CYP,02-Aug,02-Aug,40HCx3,3,40HCx3,3,19-Jul,1,3.375,3.375,,,,,,,02-Aug,,19-Jul,Yes,,,Walmart,Ningbo,Bkg Agnt,Yes,,,0,,,,,,
AP > NA,AP,NA,CN,CN E.,31,HOD,MSCU,25-001WW,MSC KATIE,330N,177UGLGLN31878A,186323609,Confirmed,N,CNNGB,CNNGB,USLGB,USLGB,CYP/CYP,02-Aug,02-Aug,40HCx1,1,40HCx1,1,19-Jul,1,1.125,1.125,,,,,,,02-Aug,,19-Jul,Yes,,,Home Depot,Ningbo,Bkg Agnt,Yes,,,0,,,,,,
AP > NA,AP,NA,CN,CN E.,31,HOD,MSCU,25-001WW,MSC KATIE,330N,177UGLGLN31880A,186323657,Confirmed,N,CNNGB,CNNGB,USLGB,USLGB,CYP/CYP,02-Aug,02-Aug,45HCx1,1,45HCx1,1,19-Jul,1,1.265,1.265,,,,,,,02-Aug,,19-Jul,Yes,,,Home Depot,Ningbo,Bkg Agnt,Yes,,,0,,,,,,
AP > NA,AP,NA,CN,CN E.,31,HOD,MSCU,25-001WW,MSC KATIE,330N,177UGLGLN31877A,186323780,Confirmed,N,CNNGB,CNNGB,USLGB,USLGB,CYP/CYP,02-Aug,02-Aug,"40GPx2, 40HCx1",3,"40GPx2, 40HCx1",3,19-Jul,1,3.125,3.125,,,,,,,02-Aug,,19-Jul,Yes,,,Home Depot,Ningbo,Bkg Agnt,Yes,,,0,,,,,,
AP > NA,AP,NA,CN,CN E.,31,HOD,MSCU,25-001WW,MSC KATIE,330N,177UGLGLN31879A,186323821,Confirmed,N,CNNGB,CNNGB,USLGB,USLGB,CYP/CYP,02-Aug,02-Aug,40HCx1,1,40HCx1,1,19-Jul,1,1.125,1.125,,,,,,,02-Aug,,19-Jul,Yes,,,Home Depot,Ningbo,Bkg Agnt,Yes,,,0,,,,,,
AP > NA,AP,NA,CN,CN E.,31,TES,MSCU,25-001WW,MSC KATIE,330N,177UGLGLN31888A,186380773,Confirmed,N,CNNGB,CNNGB,USLGB,USLGB,CYP/CYP,02-Aug,02-Aug,40HCx2,2,40HCx2,2,20-Jul,1,2.25,2.25,,,,,,,02-Aug,,20-Jul,Yes,,,Tesla,Ningbo,Bkg Agnt,Yes,,,0,,,,,,
AP > NA,AP,NA,CN,CN E.,31,TRI,MAEU,90-0090,MSC KATIE,330N,292861199,186393202,Confirmed,N,CNNGB,CNNGB,USLGB,USLGB,CYP/CYP,02-Aug,02-Aug,40HCx4,4,40HCx4,4,20-Jul,1,4.5,4.5,,,,,,,02-Aug,19-Aug,20-Jul,Yes,,,Triumph,Ningbo,Bkg Agnt,Yes,,,0,,,,,,
AP > NA,AP,NA,CN,CN E.,31,TRI,MSCU,25-001WW,MSC KATIE,330N,177UGLGLN31893A,186397041,Canceled by carrier,N,CNNGB,CNNGB,USLGB,USLGB,CYP/CYP,02-Aug,,40HCx4,4,,,,,4.5,,,,,,,,,,,No,,,Triumph,Ningbo,Bkg Agnt,No,,,0,,,,,,
AP > NA,AP,NA,CN,CN S.,31,NEW,CMDU,89-0000,EVER ENVOY,0433-182E,GGZ1948079,186516628,Pending,N,CNNSA,CNYTN,CAVAN,CABRP,CYP/D,02-Aug,,40HCx1,1,,,,1,1.125,,,,,,,,,,,Yes,,,Newell Brands Distribution,S.China,Direct,Yes,,,0,,,,,,
AP > NA,AP,NA,CN,CN E.,31,NIK,HDMU,CA235001,ARISTOMENIS,022E,NBOZ01082600,186759803,Pending,N,CNNGB,CNNGB,USLGB,USLGB,CYP/CYP,02-Aug,,40HCx6,6,,,,1,6.75,,,,,,,,,,,Yes,,,Nike,Ningbo,Bkg Agnt,Yes,,,0,,,,,,
AP > NA,AP,NA,CN,CN E.,31,NIK,HDMU,CA235001,ARISTOMENIS,022E,NBOZ85904100,186969645,Pending,N,CNNGB,CNNGB,USLGB,USLGB,CYP/CYP,02-Aug,,40HCx3,3,,,,1,3.375,,,,,,,,,,,Yes,,,Nike,Ningbo,Bkg Agnt,Yes,,,0,,,,,,
AP > NA,AP,NA,CN,CN E.,31,LEN,MSCU,25-970GA,,,6360552910,185219731,Confirmed,Y,CNXMN,CNXMN,USLAX,USLAX,CYP/CYP,03-Aug,06-Aug,40HCx5,5,40HCx5,5,06-Jul,3,5.625,5.625,,,,,,,06-Aug,21-Aug,05-Jul,Yes,,,Lenovo,Xiamen,Bkg Agnt,Yes,,,-1,,,,,,
AP > NA,AP,NA,CN,CN E.,31,LEN,MAEU,90-0090,,,6360865820,185219754,Confirmed,Y,CNXMN,CNXMN,USLAX,USLAX,CYP/CYP,03-Aug,06-Aug,40HCx1,1,40HCx1,1,10-Jul,1,1.125,1.125,,,,,,,06-Aug,21-Aug,10-Jul,Yes,,,Lenovo,Xiamen,Bkg Agnt,Yes,,,0,,,,,,
AP > NA,AP,NA,CN,CN E.,31,COS,COSU,SSM25008,,,6361539230,185306606,Confirmed,Y,CNXMN,CNXMN,USLAX,USLAX,CYP/CYP,03-Aug,06-Aug,"40HCx3, 45HCx1",4,"40HCx3, 45HCx1",4,20-Jul,1,4.64,4.64,,,,,,,06-Aug,21-Aug,20-Jul,Yes,,,Costco,Xiamen,Bkg Agnt,Yes,,,0,,,,,,
AP > NA,AP,NA,CN,CN E.,31,COS,CMDU,89-0000,,,XIA1175545,185571464,Confirmed,N,CNXMN,CNXMN,USLAX,USLAX,CYP/CYP,03-Aug,02-Aug,40HCx1,1,40HCx1,1,03-Jul,1,1.125,1.125,,,,,,,02-Aug,,03-Jul,Yes,,,Costco,Xiamen,Bkg Agnt,Yes,,,0,,,,,,
AP > NA,AP,NA,CN,CN E.,31,WAL,CMDU,89-0000,,,XIA1175565,185571588,Confirmed,N,CNXMN,CNXMN,USLAX,USLAX,CYP/CYP,03-Aug,02-Aug,40HCx1,1,40HCx1,1,03-Jul,1,1.125,1.125,,,,,,,02-Aug,,03-Jul,Yes,,,Walmart,Xiamen,Bkg Agnt,Yes,,,0,,,,,,
AP > NA,AP,NA,CN,CN S.,31,BBY,OOLU,PE2506,COSCO SHIPPING PEONY,024E,2141697700,185689175,Canceled by carrier,N,CNYTN,CNYTN,USLGB,USLGB,CYP/CYP,03-Aug,,40HCx1,1,,,,,1.125,,,,,,,,,,,No,,,Best Buy,S.China,Direct,No,,,0,,,,,,
AP > NA,AP,NA,CN,CN S.,31,BBY,OOLU,PE2506,COSCO SHIPPING PEONY,024E,2141697730,185689256,Canceled by carrier,N,CNYTN,CNYTN,USLGB,USLGB,CYP/CYP,03-Aug,,40HCx1,1,,,,,1.125,,,,,,,,,,,No,,,Best Buy,S.China,Direct,No,,,0,,,,,,
AP > NA,AP,NA,CN,CN E.,31,BBY,MSCU,25-970GA,GERD MAERSK,330N,177UGLGLN31848A,185893814,Confirmed,N,CNNGB,CNNGB,USLAX,USLAX,CYP/CYP,03-Aug,03-Aug,40HCx13,13,40HCx13,13,17-Jul,1,14.625,14.625,,,,,,,03-Aug,,17-Jul,Yes,,,Best Buy,Ningbo,Bkg Agnt,Yes,,,0,,,,,,
AP > NA,AP,NA,CN,CN E.,31,NIK,MSCU,25-970GA,GERD MAERSK,330N,177UGLGLN31849A,185893835,Confirmed,N,CNNGB,CNNGB,USLAX,USLAX,CYP/CYP,03-Aug,03-Aug,40HCx10,10,40HCx10,10,17-Jul,1,11.25,11.25,,,,,,,03-Aug,,17-Jul,Yes,,,Nike,Ningbo,Bkg Agnt,Yes,,,0,,,,,,
AP > NA,AP,NA,CN,CN E.,31,TRI,CMDU,89-0000,COSCO EUROPE,092E,CHN0427994,185971367,Confirmed,Y,CNSHA,CNSHA,USLGB,USLGB,CYP/CYP,03-Aug,10-Aug,40HCx2,2,40HCx2,2,14-Jul,3,2.25,2.25,,,,,,,03-Aug,,11-Jul,Yes,,,Triumph,Shanghai,Bkg Agnt,Yes,,,-3,,,,,,
AP > NA,AP,NA,CN,CN E.,31,TRI,CMDU,89-0000,COSCO EUROPE,092E,CHN0427859,185971433,Canceled by carrier,N,CNSHA,CNSHA,USLGB,USLGB,CYP/CYP,03-Aug,,"40GPx1, 40HCx3",4,,,,,4.375,,,,,,,,,,,Yes,,,Triumph,Shanghai,Bkg Agnt,No,,,0,,,,,,
AP > NA,AP,NA,CN,CN E.,31,TRI,CMDU,89-0000,COSCO EUROPE,092E,CHN0427935,185971538,Confirmed,Y,CNSHA,CNSHA,USLGB,USLGB,CYP/CYP,03-Aug,10-Aug,"40GPx1, 40HCx2",3,"40GPx1, 40HCx2",3,14-Jul,3,3.25,3.25,,,,,,,03-Aug,,11-Jul,Yes,,,Triumph,Shanghai,Bkg Agnt,Yes,,,-3,,,,,,
AP > NA,AP,NA,CN,CN E.,31,COS,CMDU,89-0000,COSCO EUROPE,092E,CHN0428026,185971748,Confirmed,Y,CNSHA,CNSHA,USLGB,USLGB,CYP/CYP,03-Aug,10-Aug,40HCx1,1,40HCx1,1,14-Jul,3,1.125,1.125,,,,,,,03-Aug,,11-Jul,Yes,,,Costco,Shanghai,Bkg Agnt,Yes,,,-3,,,,,,
AP > NA,AP,NA,CN,CN E.,31,HOD,CMDU,89-0000,COSCO EUROPE,092E,CHN0428001,185971875,Canceled by carrier,N,CNSHA,CNSHA,USLGB,USLGB,CYP/CYP,03-Aug,,40HCx5,5,,,,,5.625,,,,,,,,,,,Yes,,,Home Depot,Shanghai,Bkg Agnt,No,,,0,,,,,,
AP > NA,AP,NA,CN,CN S.,31,BBY,OOLU,PE2508,COSCO SHIPPING PEONY,024E,2141826160,185978118,Confirmed,N,CNYTN,CNYTN,USLGB,USLGB,CYP/CYP,03-Aug,03-Aug,40GPx10,10,40GPx10,10,21-Jul,3,10,10,,,,,,,03-Aug,17-Aug,20-Jul,Yes,,,Best Buy,S.China,Direct,Yes,,,-1,,,,,,
AP > NA,AP,NA,VN,VN N.,31,COS,EGLV,SC50089,EVER CHASTE,0007-042N,236300267822,186009391,Confirmed,Y,VNHPH,VNHPH,USLAX,USLAX,CYP/CYP,03-Aug,08-Aug,45HCx2,2,45HCx2,2,13-Jul,1,2.53,2.53,,,,,,,08-Aug,04-Sep,13-Jul,Yes,,,Costco,Vietnam,Direct,Yes,,,0,,,,,,
AP > NA,AP,NA,CN,CN E.,31,NEW,CMDU,89-0000,,,XIA1180112,186016837,Confirmed,Y,CNXMN,CNXMN,CAVAN,CABRP,CYP/CYP,03-Aug,13-Aug,40HCx1,1,40HCx1,1,03-Aug,2,1.125,1.125,,,,,,,03-Aug,30-Aug,12-Jul,Yes,,,Newell Brands Distribution,Xiamen,Bkg Agnt,Yes,,,-22,,,,,,
AP > NA,AP,NA,CN,CN E.,31,NEW,MSCU,25-970GA,GERD MAERSK,330N,177UNWNWN934W8A,186031581,Confirmed,N," - , ",CNNGB,USLAX,USKCK,CYP/CYP,03-Aug,03-Aug,40HCx2,2,40HCx2,2,23-Jul,1,2.25,2.25,,,,,,,03-Aug,27-Aug,23-Jul,Yes,,,Newell Brands Distribution,Ningbo,Bkg Agnt,Yes,,,0,,,,,,
AP > NA,AP,NA,CN,CN S.,31,NEW,CMDU,89-0000,CMA CGM MUMBAI,0TXF5E1MA,SHZ5638366,186032682,Confirmed,Y,CNYTN,CNYTN,USLAX,USKCK,CYP/CYP,03-Aug,08-Aug,40HCx1,1,40HCx1,1,31-Jul,2,1.125,1.125,,,,,,,06-Aug,20-Aug,13-Jul,Yes,,,Newell Brands Distribution,S.China,Direct,Yes,,,-18,,,,,,
AP > NA,AP,NA,CN,CN S.,31,BBY,OOLU,PE2508,COSCO SHIPPING PEONY,024E,2141852350,186047131,Confirmed,N,CNYTN,CNYTN,USLGB,USLGB,CYP/CYP,03-Aug,03-Aug,40HCx1,1,40HCx1,1,21-Jul,3,1.125,1.125,,,,,,,03-Aug,17-Aug,20-Jul,Yes,,,Best Buy,S.China,Direct,Yes,,,-1,,,,,,
AP > NA,AP,NA,CN,CN S.,31,BBY,OOLU,PE2508,COSCO SHIPPING PEONY,024E,2141852420,186047249,Confirmed,N,CNYTN,CNYTN,USLGB,USLGB,CYP/CYP,03-Aug,03-Aug,40HCx1,1,40HCx1,1,21-Jul,2,1.125,1.125,,,,,,,03-Aug,17-Aug,20-Jul,Yes,,,Best Buy,S.China,Direct,Yes,,,-1,,,,,,
AP > NA,AP,NA,CN,CN S.,31,BBY,COSU,HOI23500,COSCO SHIPPING PEONY,024E,6361314140,186233465,Confirmed,N,CNYTN,CNYTN,USLGB,USLGB,CYP/CYP,03-Aug,03-Aug,40HCx6,6,40HCx6,6,17-Jul,1,6.75,6.75,,,,,,,03-Aug,17-Aug,17-Jul,Yes,,,Best Buy,S.China,Direct,Yes,,,0,,,,,,
AP > NA,AP,NA,CN,CN S.,31,NIK,COSU,HOI23500,COSCO SHIPPING PEONY,024E,6361314120,186233610,Confirmed,N,CNYTN,CNYTN,USLGB,USLGB,CYP/CYP,03-Aug,03-Aug,40HCx3,3,40HCx3,3,17-Jul,1,3.375,3.375,,,,,,,03-Aug,17-Aug,17-Jul,Yes,,,Nike,S.China,Direct,Yes,,,0,,,,,,
AP > NA,AP,NA,CN,CN S.,31,TRI,COSU,SSM25008,COSCO SHIPPING PEONY,024E,6361361400,186250215,Confirmed,N,CNYTN,CNYTN,USLGB,USLGB,CYP/CYP,03-Aug,03-Aug,40HCx1,1,40HCx1,1,17-Jul,1,1.125,1.125,,,,,,,03-Aug,17-Aug,17-Jul,Yes,,,Triumph,S.China,Direct,Yes,,,0,,,,,,
AP > NA,AP,NA,VN,VN S.,31,WAL,MAEU,90-0080,MAERSK EMDEN,331N,229379146,186308924,Confirmed,Y,VNSGN,VNVUT,USTPA,USTPA,CYP/CYP,03-Aug,01-Aug,40HCx1,1,40HCx1,1,01-Aug,2,1.125,1.125,,,,,,,01-Aug,29-Sep,18-Jul,Yes,ZIM WILMINGTON,013E,Walmart,Vietnam,Direct,Yes,,,-14,,,,,,
AP > NA,AP,NA,VN,VN S.,31,WAL,MAEU,90-0080,MAERSK EMDEN,331N,229379155,186308952,Confirmed,Y,VNSGN,VNVUT,USTPA,USTPA,CYP/CYP,03-Aug,01-Aug,40HCx1,1,40HCx1,1,01-Aug,2,1.125,1.125,,,,,,,01-Aug,29-Sep,18-Jul,Yes,ZIM WILMINGTON,013E,Walmart,Vietnam,Direct,Yes,,,-14,,,,,,
AP > NA,AP,NA,VN,VN S.,31,WAL,MAEU,90-0080,MAERSK EMDEN,331N,229379148,186308953,Confirmed,Y,VNSGN,VNVUT,USTPA,USTPA,CYP/CYP,03-Aug,01-Aug,40HCx1,1,40HCx1,1,01-Aug,2,1.125,1.125,,,,,,,01-Aug,29-Sep,18-Jul,Yes,ZIM WILMINGTON,013E,Walmart,Vietnam,Direct,Yes,,,-14,,,,,,
AP > NA,AP,NA,VN,VN S.,31,WAL,MAEU,90-0080,MAERSK EMDEN,331N,229379158,186308967,Confirmed,Y,VNSGN,VNVUT,USTPA,USTPA,CYP/CYP,03-Aug,01-Aug,40HCx1,1,40HCx1,1,01-Aug,2,1.125,1.125,,,,,,,01-Aug,29-Sep,18-Jul,Yes,ZIM WILMINGTON,013E,Walmart,Vietnam,Direct,Yes,,,-14,,,,,,
AP > NA,AP,NA,VN,VN S.,31,WAL,MAEU,90-0080,MAERSK EMDEN,331N,229379162,186308969,Confirmed,Y,VNSGN,VNVUT,USTPA,USTPA,CYP/CYP,03-Aug,01-Aug,40HCx1,1,40HCx1,1,01-Aug,2,1.125,1.125,,,,,,,01-Aug,29-Sep,18-Jul,Yes,ZIM WILMINGTON,013E,Walmart,Vietnam,Direct,Yes,,,-14,,,,,,
AP > NA,AP,NA,VN,VN S.,31,WAL,MAEU,90-0080,MAERSK EMDEN,331N,229379164,186308973,Confirmed,Y,VNSGN,VNVUT,USTPA,USTPA,CYP/CYP,03-Aug,01-Aug,40HCx1,1,40HCx1,1,01-Aug,2,1.125,1.125,,,,,,,01-Aug,29-Sep,18-Jul,Yes,ZIM WILMINGTON,013E,Walmart,Vietnam,Direct,Yes,,,-14,,,,,,
AP > NA,AP,NA,VN,VN S.,31,WAL,MSCU,25-970GA,MAERSK EMDEN,331N,339IN2326267,186309018,Confirmed,N,VNSGN,VNVUT,USTPA,USTPA,CYP/CYP,03-Aug,04-Aug,40HCx1,1,40HCx1,1,19-Jul,2,1.125,1.125,,,,,,,04-Aug,,18-Jul,Yes,,,Walmart,Vietnam,Direct,Yes,,,-1,,,,,,
AP > NA,AP,NA,VN,VN S.,31,WAL,MSCU,25-970GA,GUNDE MAERSK,332N,339IN2326265,186309037,Confirmed,N,VNSGN,VNVUT,USTPA,USTPA,CYP/CYP,03-Aug,04-Aug,40HCx1,1,40HCx1,1,19-Jul,1,1.125,1.125,,,,,,,04-Aug,,19-Jul,Yes,,,Walmart,Vietnam,Direct,Yes,,,0,,,,,,
AP > NA,AP,NA,VN,VN S.,31,WAL,MSCU,25-970GA,GUNDE MAERSK,332N,339IN2326266,186309038,Confirmed,N,VNSGN,VNVUT,USTPA,USTPA,CYP/CYP,03-Aug,04-Aug,40HCx1,1,40HCx1,1,19-Jul,1,1.125,1.125,,,,,,,04-Aug,,19-Jul,Yes,,,Walmart,Vietnam,Direct,Yes,,,0,,,,,,
AP > NA,AP,NA,VN,VN S.,31,WAL,MSCU,25-970GA,MAERSK EMDEN,331N,339IN2326264,186309039,Confirmed,N,VNSGN,VNVUT,USTPA,USTPA,CYP/CYP,03-Aug,04-Aug,40HCx1,1,40HCx1,1,19-Jul,1,1.125,1.125,,,,,,,04-Aug,,19-Jul,Yes,,,Walmart,Vietnam,Direct,Yes,,,0,,,,,,
AP > NA,AP,NA,VN,VN S.,31,WAL,MSCU,25-970GA,GUNDE MAERSK,332N,339IN2326263,186309041,Confirmed,N,VNSGN,VNVUT,USTPA,USTPA,CYP/CYP,03-Aug,04-Aug,40HCx1,1,40HCx1,1,19-Jul,1,1.125,1.125,,,,,,,04-Aug,,19-Jul,Yes,,,Walmart,Vietnam,Direct,Yes,,,0,,,,,,
AP > NA,AP,NA,VN,VN S.,31,WAL,MSCU,25-970GA,MAERSK EMDEN,331N,339IN2326262,186309057,Confirmed,N,VNSGN,VNVUT,USTPA,USTPA,CYP/CYP,03-Aug,04-Aug,40HCx1,1,40HCx1,1,19-Jul,1,1.125,1.125,,,,,,,04-Aug,,19-Jul,Yes,,,Walmart,Vietnam,Direct,Yes,,,0,,,,,,
AP > NA,AP,NA,CN,CN E.,31,BBY,OOLU,PE2508,COSCO DENMARK,053E,2141954340,186320138,Confirmed,Y,CNNKG,CNNKG,USLGB,USLGB,CYP/CYP,03-Aug,15-Aug,40HCx2,2,40HCx2,2,18-Jul,1,2.25,2.25,,,,,,,03-Aug,28-Aug,18-Jul,Yes,,,Best Buy,Shanghai,Bkg Agnt,Yes,,,0,,,,,,
AP > NA,AP,NA,CN,CN S.,31,NEW,HDMU,CA235001,SEASPAN ADONIS,0071E,HKGM25526500,186323203,Confirmed,N,CNYTN,CNYTN,USLAX,USLAX,CYP/CYP,03-Aug,03-Aug,20GPx1,1,20GPx1,1,20-Jul,1,0.5,0.5,,,,,,,03-Aug,17-Aug,20-Jul,Yes,,,Newell Brands Distribution,S.China,Direct,Yes,,,0,,,,,,
AP > NA,AP,NA,CN,CN E.,31,NEW,MSCU,25-970GA,GERD MAERSK,330N,177UVDNWN935J9A,186326905,Confirmed,N," - , ",CNNGB,USLAX,USLAX,CYP/CYP,03-Aug,03-Aug,40HCx1,1,40HCx1,1,24-Jul,1,1.125,1.125,,,,,,,03-Aug,19-Aug,24-Jul,Yes,,,Newell Brands Distribution,Ningbo,Bkg Agnt,Yes,,,0,,,,,,
AP > EU,AP,EU,VN,VN C.,31,HMH,MAEU,90-0080,MAERSK NACKA,330S,229416874,186363978,Confirmed,N,VNUIH,VNUIH,DEBRV,DEHBO,CYP/D,03-Aug,03-Aug,40HCx1,1,40HCx1,1,26-Jul,2,1.125,1.125,,,,,,,03-Aug,06-Sep,19-Jul,Yes,MUNICH MAERSK,329W,H&M Home,Vietnam,Direct,Yes,,,-7,,,,,,
AP > NA,AP,NA,CN,CN S.,31,BBY,COSU,HOI23500,COSCO SHIPPING PEONY,024E,6361544300,186377711,Canceled by carrier,N,CNYTN,CNYTN,USLGB,USLGB,CYP/CYP,03-Aug,,40HCx3,3,,,,,3.375,,,,,,,,,,,No,,,Best Buy,S.China,Direct,No,,,0,,,,,,
AP > NA,AP,NA,CN,CN E.,31,BBY,EGLV,SC50089,EVER LEGEND,1077-058E,EGLV145399221091,186886350,Pending,N,CNNKG,CNNKG,USLAX,USLAX,CYP/CYP,03-Aug,,40HCx8,8,,,,1,9,,,,,,,,,,,Yes,,,Best Buy,Shanghai,Bkg Agnt,Yes,,,0,,,,,,
AP > NA,AP,NA,CN,CN E.,31,BBY,EGLV,SC50089,EVER LEGEND,1077-058E,EGLV145399221112,186928656,Pending,N,CNNKG,CNNKG,USLAX,USLAX,CYP/CYP,03-Aug,,40HCx9,9,,,,1,10.125,,,,,,,,,,,Yes,,,Best Buy,Shanghai,Bkg Agnt,No,,,0,,,,,,
AP > NA,AP,NA,CN,CN S.,32,BBY,EGLV,SC50089,CMA CGM MUMBAI,0TXF5E1MA,147300577978,185744884,Confirmed,N,CNNSA,CNNSA,USLAX,USLAX,CYP/CYP,04-Aug,06-Aug,40HCx3,3,40HCx3,3,27-Jul,3,3.375,3.375,,,,,,,04-Aug,20-Aug,06-Jul,Yes,,,Best Buy,S.China,Direct,Yes,,,-21,,,,,,
AP > NA,AP,NA,CN,CN S.,32,NIK,EGLV,SC50089,CMA CGM MUMBAI,0TXF5E1MA,147300582084,185763732,Canceled by carrier,N,CNNSA,CNNSA,USLAX,USLAX,CYP/CYP,04-Aug,,40HCx4,4,,,,,4.5,,,,,,,,,,,Yes,,,Nike,S.China,Direct,No,,,0,,,,,,
AP > NA,AP,NA,VN,VN S.,32,WAL,MSCU,25-001WW,MAERSK EMDEN,331N,339IN2324640,185828790,Confirmed,N,VNSGN,VNVUT,USLAX,USLAX,CYP/CYP,04-Aug,04-Aug,40HCx1,1,40HCx1,1,08-Jul,1,1.125,1.125,,,,,,,04-Aug,,08-Jul,Yes,,,Walmart,Vietnam,Direct,Yes,,,0,,,,,,
AP > NA,AP,NA,VN,VN S.,32,COS,MSCU,25-001WW,MAERSK EMDEN,331N,339IN2324641,185828912,Confirmed,N,VNSGN,VNVUT,USLAX,USLAX,CYP/CYP,04-Aug,04-Aug,40HCx1,1,40HCx1,1,08-Jul,1,1.125,1.125,,,,,,,04-Aug,,08-Jul,Yes,,,Costco,Vietnam,Direct,Yes,,,0,,,,,,
AP > NA,AP,NA,VN,VN S.,32,COS,MSCU,25-001WW,MAERSK EMDEN,331N,339IN2324642,185828960,Confirmed,N,VNSGN,VNVUT,USLAX,USLAX,CYP/CYP,04-Aug,04-Aug,40HCx1,1,40HCx1,1,08-Jul,1,1.125,1.125,,,,,,,04-Aug,,08-Jul,Yes,,,Costco,Vietnam,Direct,Yes,,,0,,,,,,
AP > NA,AP,NA,VN,VN S.,32,COS,MSCU,25-001WW,MAERSK EMDEN,331N,339IN2324676,185833798,Confirmed,N,VNSGN,VNVUT,USLAX,USLAX,CYP/CYP,04-Aug,04-Aug,40HCx1,1,40HCx1,1,08-Jul,1,1.125,1.125,,,,,,,04-Aug,,08-Jul,Yes,,,Costco,Vietnam,Direct,Yes,,,0,,,,,,
AP > NA,AP,NA,VN,VN S.,32,COS,MSCU,25-001WW,MAERSK EMDEN,331N,339IN2324678,185833818,Confirmed,N,VNSGN,VNVUT,USLAX,USLAX,CYP/CYP,04-Aug,04-Aug,40HCx1,1,40HCx1,1,08-Jul,1,1.125,1.125,,,,,,,04-Aug,,08-Jul,Yes,,,Costco,Vietnam,Direct,Yes,,,0,,,,,,
AP > NA,AP,NA,VN,VN S.,32,COS,COSU,SSM25008,CSCL SOUTH CHINA SEA,063E,6360753810,185833919,Confirmed,N,VNSGN,VNVUT,USLGB,USLGB,CYP/CYP,04-Aug,04-Aug,40HCx1,1,40HCx1,1,17-Jul,2,1.125,1.125,,,,,,,02-Aug,26-Aug,07-Jul,Yes,,,Costco,Vietnam,Direct,Yes,,,-10,,,,,,
AP > NA,AP,NA,VN,VN S.,32,HOD,COSU,SSM25008,COSCO SHIPPING DENALI,033E,6360754770,185834065,Confirmed,N,VNSGN,VNVUT,USLGB,USLGB,CYP/CYP,04-Aug,05-Aug,40HCx2,2,40HCx2,2,01-Aug,4,2.25,2.25,,,,,,,02-Aug,26-Aug,07-Jul,Yes,,,Home Depot,Vietnam,Direct,Yes,,,-25,,,,,,
AP > NA,AP,NA,VN,VN S.,32,HOD,COSU,SSM25008,CSCL SOUTH CHINA SEA,063E,6360755060,185834203,Confirmed,N,VNSGN,VNVUT,USLGB,USLGB,CYP/CYP,04-Aug,04-Aug,"20GPx1, 40GPx1",2,"20GPx1, 40GPx1",2,17-Jul,3,1.5,1.5,,,,,,,02-Aug,26-Aug,07-Jul,Yes,,,Home Depot,Vietnam,Direct,Yes,,,-10,,,,,,
AP > NA,AP,NA,VN,VN S.,32,COS,EGLV,SC50089,EVER FOREVER,0173-016E,235300768709,185836159,Confirmed,Y,VNSGN,VNTOT,USLAX,USLAX,CYP/CYP,04-Aug,26-Aug,40HCx1,1,40HCx1,1,02-Aug,3,1.125,1.125,,,,,,,05-Aug,28-Aug,14-Jul,Yes,,,Costco,Vietnam,Direct,Yes,,,-19,,,,,,
AP > NA,AP,NA,CN,CN S.,32,TRI,MSCU,25-001WW,MAERSK ESSEX,330N,181AY0232724723P1,185974219,Confirmed,N,CNYTN,CNYTN,USLAX,USLAX,CYP/CYP,04-Aug,04-Aug,40HCx1,1,40HCx1,1,25-Jul,3,1.125,1.125,,,,,,,04-Aug,,12-Jul,Yes,,,Triumph,S.China,Direct,Yes,,,-13,,,,,,
AP > NA,AP,NA,CN,CN S.,32,TRI,MSCU,25-001WW,MAERSK ESSEX,330N,181AY0232724754P1,185974321,Confirmed,N,CNYTN,CNYTN,USLAX,USLAX,CYP/CYP,04-Aug,04-Aug,40HCx1,1,40HCx1,1,11-Jul,1,1.125,1.125,,,,,,,04-Aug,,11-Jul,Yes,,,Triumph,S.China,Direct,Yes,,,0,,,,,,
AP > NA,AP,NA,CN,CN S.,32,TRI,MSCU,25-001WW,MAERSK ESSEX,330N,181AY0232724755P1,185974325,Confirmed,N,CNYTN,CNYTN,USLAX,USLAX,CYP/CYP,04-Aug,04-Aug,40HCx1,1,40HCx1,1,11-Jul,1,1.125,1.125,,,,,,,04-Aug,,11-Jul,Yes,,,Triumph,S.China,Direct,Yes,,,0,,,,,,
AP > NA,AP,NA,CN,CN S.,32,HOD,MSCU,25-001WW,MAERSK ESSEX,330N,181AY0232724756P1,185974327,Confirmed,N,CNYTN,CNYTN,USLAX,USLAX,CYP/CYP,04-Aug,04-Aug,40HCx1,1,40HCx1,1,11-Jul,1,1.125,1.125,,,,,,,04-Aug,,11-Jul,Yes,,,Home Depot,S.China,Direct,Yes,,,0,,,,,,
AP > NA,AP,NA,CN,CN S.,32,NIK,MSCU,25-970GA,MAERSK ESSEX,330N,181AY0232724988P1,185979395,Canceled by carrier,N,CNYTN,CNYTN,USLAX,USLAX,CYP/CYP,04-Aug,,"40GPx7, 40HCx3",10,,,,,10.375,,,,,,,,,,,Yes,,,Nike,S.China,Direct,No,,,0,,,,,,
AP > NA,AP,NA,CN,CN S.,32,BBY,MSCU,25-970GA,MAERSK ESSEX,330N,181AY0232725763P1,186023319,Confirmed,N,CNYTN,CNYTN,USLAX,USLAX,CYP/CYP,04-Aug,04-Aug,40HCx9,9,40HCx9,9,31-Jul,2,10.125,10.125,,,,,,,04-Aug,,12-Jul,Yes,,,Best Buy,S.China,Direct,Yes,,,-19,,,,,,
AP > NA,AP,NA,CN,CN S.,32,NEW,CMDU,89-0000,CMA CGM MUMBAI,0TXF5E1MA,GGZ1941885,186024617,Confirmed,N,CNNSA,CNNSA,USLAX,USKCK,CYP/CYP,04-Aug,04-Aug,40HCx3,3,40HCx3,3,12-Jul,1,3.375,3.375,,,,,,,04-Aug,20-Aug,12-Jul,Yes,,,Newell Brands Distribution,S.China,Direct,Yes,,,0,,,,,,
AP > NA,AP,NA,CN,CN S.,32,NEW,CMDU,89-0000,CMA CGM MUMBAI,0TXF5E1MA,GGZ1941957,186025801,Confirmed,N,CNNSA,CNNSA,USLAX,USLAX,CYP/CYP,04-Aug,04-Aug,40HCx3,3,40HCx3,3,12-Jul,1,3.375,3.375,,,,,,,04-Aug,20-Aug,12-Jul,Yes,,,Newell Brands Distribution,S.China,Direct,Yes,,,0,,,,,,
AP > NA,AP,NA,CN,CN S.,32,NEW,CMDU,89-0000,CMA CGM MUMBAI,0TXF5E1MA,GGZ1941958,186025933,Confirmed,N,CNNSA,CNNSA,USLAX,USLAX,CYP/CYP,04-Aug,04-Aug,40HCx3,3,40HCx3,3,12-Jul,1,3.375,3.375,,,,,,,04-Aug,20-Aug,12-Jul,Yes,,,Newell Brands Distribution,S.China,Direct,Yes,,,0,,,,,,
AP > NA,AP,NA,CN,CN S.,32,NEW,CMDU,89-0000,CMA CGM MUMBAI,0TXF5E1MA,GGZ1941854,186026206,Confirmed,N,CNNSA,CNNSA,USLAX,USLAX,CYP/CYP,04-Aug,04-Aug,40HCx2,2,40HCx2,2,12-Jul,1,2.25,2.25,,,,,,,04-Aug,20-Aug,12-Jul,Yes,,,Newell Brands Distribution,S.China,Direct,Yes,,,0,,,,,,
AP > NA,AP,NA,CN,CN S.,32,NEW,CMDU,89-0000,CMA CGM MUMBAI,0TXF5E1MA,GGZ1941956,186026357,Canceled by carrier,N,CNNSA,CNNSA,USLAX,USLAX,CYP/CYP,04-Aug,,40HCx2,2,,,,,2.25,,,,,,,,,,,Yes,,,Newell Brands Distribution,S.China,Direct,Yes,,,0,,,,,,
AP > NA,AP,NA,CN,CN S.,32,NEW,CMDU,89-0000,CMA CGM MUMBAI,0TXF5E1MA,GGZ1942056,186032546,Confirmed,N,CNNSA,CNNSA,USLAX,USKCK,CYP/CYP,04-Aug,04-Aug,40GPx1,1,40GPx1,1,13-Jul,1,1,1,,,,,,,04-Aug,20-Aug,13-Jul,Yes,,,Newell Brands Distribution,S.China,Direct,Yes,,,0,,,,,,
AP > NA,AP,NA,CN,CN S.,32,BBY,MSCU,25-970GA,MAERSK ESSEX,330N,181ABFS23499668P1,186084239,Confirmed,N," - , ",CNYTN,USLAX,USLAX,D/CYP,04-Aug,04-Aug,40HCx1,1,40HCx1,1,13-Jul,1,1.125,1.125,,,,,,,04-Aug,,13-Jul,Yes,,,Best Buy,S.China,Direct,Yes,,,0,,,,,,
AP > NA,AP,NA,CN,CN S.,32,NEW,YMLU,Y25-500,YM WELLNESS,035E,W221003868,186151793,Confirmed,Y,CNNSA,CNNSA,USLAX,USKCK,CYP/CYP,04-Aug,07-Aug,20GPx1,1,20GPx1,1,26-Jul,2,0.5,0.5,,,,,,,07-Aug,25-Aug,20-Jul,Yes,,,Newell Brands Distribution,S.China,Direct,Yes,,,-6,,,,,,
AP > NA,AP,NA,CN,CN S.,32,NEW,CMDU,89-0000,CMA CGM MUMBAI,0TXF5E1MA,GGZ1943280,186145525,Confirmed,N,CNNSA,CNNSA,USLAX,USLAX,CYP/CYP,04-Aug,04-Aug,40HCx1,1,40HCx1,1,14-Jul,1,1.125,1.125,,,,,,,04-Aug,20-Aug,14-Jul,Yes,,,Newell Brands Distribution,S.China,Direct,Yes,,,0,,,,,,
AP > NA,AP,NA,CN,CN N.,32,TRI,MSCU,25-001WW,DALI,331N,177OZCZCQ21551VFB,186166996,Confirmed,N,CNTAO,CNTAO,USLAX,USLAX,CYP/CYP,04-Aug,04-Aug,40HCx4,4,40HCx4,4,21-Jul,2,4.5,4.5,,,,,,,04-Aug,,21-Jul,Yes,,,Triumph,Qingdao,Bkg Agnt,Yes,,,0,,,,,,
AP > NA,AP,NA,CN,CN N.,32,TRI,MSCU,25-001WW,DALI,331N,177OZCZCQ21552VFB,186167028,Confirmed,N,CNTAO,CNTAO,USLAX,USLAX,CYP/CYP,04-Aug,04-Aug,40HCx4,4,40HCx4,4,21-Jul,1,4.5,4.5,,,,,,,04-Aug,,21-Jul,Yes,,,Triumph,Qingdao,Bkg Agnt,Yes,,,0,,,,,,
AP > NA,AP,NA,CN,CN N.,32,TES,MSCU,25-001WW,DALI,331N,177OZCZCQ21553VFB,186167089,Confirmed,N,CNTAO,CNTAO,USLAX,USLAX,CYP/CYP,04-Aug,04-Aug,40HCx4,4,40HCx4,4,21-Jul,2,4.5,4.5,,,,,,,04-Aug,25-Aug,21-Jul,Yes,,,Tesla,Qingdao,Bkg Agnt,Yes,,,0,,,,,,
AP > NA,AP,NA,CN,CN N.,32,TES,MSCU,25-001WW,DALI,331N,177OZCZCQ21554VFB,186167235,Confirmed,N,CNTAO,CNTAO,USLAX,USLAX,CYP/CYP,04-Aug,04-Aug,40HCx4,4,40HCx4,4,21-Jul,1,4.5,4.5,,,,,,,04-Aug,25-Aug,21-Jul,Yes,,,Tesla,Qingdao,Bkg Agnt,Yes,,,0,,,,,,
AP > NA,AP,NA,CN,CN N.,32,TES,MSCU,25-001WW,DALI,331N,177OZCZCQ21555VFB,186167376,Confirmed,N,CNTAO,CNTAO,USLAX,USLAX,CYP/CYP,04-Aug,04-Aug,40HCx3,3,40HCx3,3,21-Jul,1,3.375,3.375,,,,,,,04-Aug,,21-Jul,Yes,,,Tesla,Qingdao,Bkg Agnt,Yes,,,0,,,,,,
AP > NA,AP,NA,CN,CN N.,32,HOD,MSCU,25-001WW,DALI,331N,177OZCZCQ21556VFB,186167528,Confirmed,N,CNTAO,CNTAO,USLAX,USLAX,CYP/CYP,04-Aug,04-Aug,40GPx2,2,40GPx2,2,21-Jul,1,2,2,,,,,,,04-Aug,25-Aug,21-Jul,Yes,,,Home Depot,Qingdao,Bkg Agnt,Yes,,,0,,,,,,
AP > NA,AP,NA,CN,CN N.,32,HOD,EGLV,D900070,EVER FRANK,1076-015E,140357086968,186168068,Confirmed,N,CNTAO,CNTAO,USLAX,USLAX,CYP/CYP,04-Aug,04-Aug,40HCx1,1,40HCx1,1,17-Jul,1,1.125,1.125,,,,,,,04-Aug,22-Aug,17-Jul,Yes,,,Home Depot,Qingdao,Bkg Agnt,Yes,,,0,,,,,,
AP > NA,AP,NA,CN,CN N.,32,HOD,EGLV,D900070,EVER FRANK,1076-015E,140357086992,186168503,Confirmed,N,CNTAO,CNTAO,USLAX,USLAX,CYP/CYP,04-Aug,04-Aug,40HCx1,1,40HCx1,1,17-Jul,1,1.125,1.125,,,,,,,04-Aug,22-Aug,17-Jul,Yes,,,Home Depot,Qingdao,Bkg Agnt,Yes,,,0,,,,,,
AP > NA,AP,NA,VN,VN S.,32,TGT,OOLU,PE2508,COSCO SHIPPING DENALI,033E,2141901010,186172156,Confirmed,N,VNSGN,VNTOT,USLGB,USWZC,CYP/D,04-Aug,04-Aug,40GPx1,1,40GPx1,1,14-Jul,1,1,1,,,,,,,04-Aug,24-Aug,14-Jul,Yes,,,Target,Vietnam,Direct,Yes,,,0,,,,,,
AP > NA,AP,NA,VN,VN S.,32,TGT,OOLU,PE2508,COSCO SHIPPING DENALI,033E,2141901040,186172308,Confirmed,N,VNSGN,VNTOT,USLGB,USWZC,CYP/D,04-Aug,06-Aug,40GPx1,1,40GPx1,1,31-Jul,4,1,1,,,,,,,08-Aug,28-Aug,14-Jul,Yes,,,Target,Vietnam,Direct,Yes,,,-17,,,,,,
AP > NA,AP,NA,VN,VN S.,32,COS,COSU,SSM25008,COSCO SHIPPING DENALI,033E,6361363880,186251599,Canceled by carrier,N,VNSGN,VNVUT,USLGB,USLGB,CYP/CYP,04-Aug,,40HCx1,1,,,,,1.125,,,,,,,,,,,Yes,,,Costco,Vietnam,Direct,Yes,,,0,,,,,,
AP > NA,AP,NA,VN,VN S.,32,HOD,COSU,SSM25008,COSCO SHIPPING DENALI,033E,6361368420,186251724,Canceled by carrier,N,VNSGN,VNVUT,USLGB,USLGB,CYP/CYP,04-Aug,,40HCx1,1,,,,,1.125,,,,,,,,,,,Yes,,,Home Depot,Vietnam,Direct,Yes,,,0,,,,,,
AP > NA,AP,NA,CN,CN N.,32,HOD,MSCU,25-001WW,DALI,331N,177OZCZCQ21566VFB,186259079,Confirmed,N,CNTAO,CNTAO,USLAX,USLAX,CYP/CYP,04-Aug,04-Aug,40GPx2,2,40GPx2,2,21-Jul,1,2,2,,,,,,,04-Aug,,21-Jul,Yes,,,Home Depot,Qingdao,Bkg Agnt,Yes,,,0,,,,,,
AP > NA,AP,NA,VN,VN S.,32,WAL,MSCU,25-001WW,GUNDE MAERSK,331N,339IN2326131,186269934,Confirmed,N,VNSGN,VNVUT,USLAX,USLAX,CYP/CYP,04-Aug,04-Aug,40HCx1,1,40HCx1,1,31-Jul,1,1.125,1.125,,,,,,,04-Aug,,31-Jul,Yes,,,Walmart,Vietnam,Direct,Yes,,,0,,,,,,
AP > NA,AP,NA,VN,VN S.,32,TES,MSCU,25-001WW,GUNDE MAERSK,331N,339IN2326154,186288222,Confirmed,N,VNSGN,VNVUT,USLAX,USLAX,CYP/CYP,04-Aug,04-Aug,40HCx2,2,40HCx2,2,18-Jul,1,2.25,2.25,,,,,,,04-Aug,,18-Jul,Yes,,,Tesla,Vietnam,Direct,Yes,,,0,,,,,,
AP > NA,AP,NA,VN,VN S.,32,TES,MSCU,25-001WW,MAERSK EMDEN,331N,339IN2326144,186288262,Confirmed,N,VNSGN,VNVUT,USLAX,USLAX,CYP/CYP,04-Aug,04-Aug,40HCx1,1,40HCx1,1,18-Jul,1,1.125,1.125,,,,,,,04-Aug,,18-Jul,Yes,,,Tesla,Vietnam,Direct,Yes,,,0,,,,,,
AP > NA,AP,NA,CN,CN N.,32,LEN,EGLV,SC50089,COSCO EUROPE,092E,141300526967,186309705,Confirmed,N,CNTSN,CNTSN,USLGB,USLGB,CYP/CYP,04-Aug,04-Aug,40GPx4,4,40GPx4,4,19-Jul,1,4,4,,,,,,,04-Aug,23-Aug,19-Jul,Yes,,,Lenovo,Tianjin,Bkg Agnt,Yes,,,0,,,,,,
AP > NA,AP,NA,VN,VN N.,32,BBY,HDMU,CA235001,ONE ALTAIR,0061E,HANM51877400,186324707,Canceled by carrier,N,VNHPH,VNHPH,USLAX,USLAX,CYP/CYP,04-Aug,,40HCx2,2,,,,,2.25,,,,,,,,,,,Yes,,,Best Buy,Vietnam,Direct,No,,,0,,,,,,
AP > NA,AP,NA,VN,VN N.,32,BBY,HDMU,CA235001,ONE ALTAIR,0061E,HANM21319900,186324826,Canceled by carrier,N,VNHPH,VNHPH,USLAX,USLAX,CYP/CYP,04-Aug,,40HCx2,2,,,,,2.25,,,,,,,,,,,Yes,,,Best Buy,Vietnam,Direct,No,,,0,,,,,,
AP > NA,AP,NA,CN,CN S.,32,BBY,MSCU,25-970GA,MAERSK ESSEX,330N,181AY0232733631P1,186325976,Confirmed,N,CNYTN,CNYTN,USLAX,USLAX,CYP/CYP,04-Aug,04-Aug,"40GPx7, 40HCx3",10,"40GPx7, 40HCx3",10,18-Jul,1,10.375,10.375,,,,,,,04-Aug,,18-Jul,Yes,,,Best Buy,S.China,Direct,Yes,,,0,,,,,,
AP > NA,AP,NA,CN,CN S.,32,BBY,MSCU,25-970GA,MAERSK ESSEX,330N,181AY0232734954P1,186380551,Canceled by carrier,N,CNYTN,CNYTN,USLAX,USLAX,CYP/CYP,04-Aug,,40HCx2,2,,,,,2.25,,,,,,,,,,,Yes,,,Best Buy,S.China,Direct,No,,,0,,,,,,
AP > NA,AP,NA,CN,CN S.,32,NIK,MSCU,25-970GA,MAERSK ESSEX,330N,181AY0232734960P1,186380615,Canceled by carrier,N,CNYTN,CNYTN,USLAX,USLAX,CYP/CYP,04-Aug,,40HCx3,3,,,,,3.375,,,,,,,,,,,Yes,,,Nike,S.China,Direct,No,,,0,,,,,,
AP > NA,AP,NA,CN,CN S.,32,NIK,MSCU,25-970GA,MAERSK ESSEX,330N,181AY0232734961P1,186380758,Confirmed,N,CNYTN,CNYTN,USLAX,USLAX,CYP/CYP,04-Aug,04-Aug,40HCx1,1,40HCx1,1,19-Jul,1,1.125,1.125,,,,,,,04-Aug,,19-Jul,Yes,,,Nike,S.China,Direct,Yes,,,0,,,,,,
AP > NA,AP,NA,CN,CN S.,32,NIK,MSCU,25-970GA,MAERSK ESSEX,330N,181AY0232736319P1,186408841,Confirmed,N,CNYTN,CNYTN,USLAX,USLAX,CYP/CYP,04-Aug,04-Aug,40GPx2,2,40GPx2,2,20-Jul,1,2,2,,,,,,,04-Aug,,20-Jul,Yes,,,Nike,S.China,Direct,Yes,,,0,,,,,,
AP > NA,AP,NA,CN,CN N.,32,COS,EGLV,D900070,EVER FRANK,1076-015E,140357090868,186468568,Confirmed,N,CNTAO,CNTAO,USLAX,USLAX,CYP/CYP,04-Aug,04-Aug,40HCx2,2,40HCx2,2,21-Jul,1,2.25,2.25,,,,,,,04-Aug,22-Aug,21-Jul,Yes,,,Costco,Qingdao,Bkg Agnt,Yes,,,0,,,,,,
AP > NA,AP,NA,VN,VN S.,32,WAL,EGLV,SC50089,EVER FUTURE,1310-015E,235300823025,186493079,Confirmed,N,VNSGN,VNTOT,USLAX,USLAX,CYP/CYP,04-Aug,05-Aug,40HCx2,2,40HCx2,2,21-Jul,1,2.25,2.25,,,,,,,05-Aug,28-Aug,21-Jul,Yes,,,Walmart,Vietnam,Direct,Yes,,,0,,,,,,
AP > NA,AP,NA,CN,CN N.,32,HOD,EGLV,D900070,EVER FRANK,1076-015E,140357091139,186511791,Pending,N,CNTAO,CNTAO,USLAX,USLAX,CYP/CYP,04-Aug,,40HCx1,1,,,,1,1.125,,,,,,,,,,,Yes,,,Home Depot,Qingdao,Bkg Agnt,Yes,,,0,,,,,,
AP > NA,AP,NA,VN,VN S.,32,TGT,ONEY,HAM0026,,,SGNDB3744300,186685970,Canceled by carrier,N,VNSGN,VNSGN,USLAX,USWZC,CYP/D,04-Aug,,40GPx1,1,,,,,1,,,,,,,,,,,No,,,Target,Vietnam,Direct,No,,,0,,,,,,
AP > NA,AP,NA,CN,CN S.,32,NIK,MSCU,25-970GA,MAERSK EMDEN,331N,181AY0232745860P1,186816646,Canceled by carrier,N,CNYTN,CNYTN,USLAX,USLAX,CYP/CYP,04-Aug,,40HCx10,10,,,,,11.25,,,,,,,,,,,No,,,Nike,S.China,Direct,No,,,0,,,,,,
AP > NA,AP,NA,VN,VN N.,32,BBY,EGLV,SC50089,EVER CHASTE,0007-042N,236300294616,186873055,Pending,N,VNHPH,VNHPH,USLAX,USLAX,CYP/CYP,04-Aug,,40HCx2,2,,,,2,2.25,,,,,,,,,,,Yes,,,Best Buy,Vietnam,Direct,Yes,,,0,,,,,,
AP > NA,AP,NA,VN,VN N.,32,BBY,EGLV,SC50089,EVER CHASTE,0007-042N,236300294535,186873064,Pending,N,VNHPH,VNHPH,USLAX,USLAX,CYP/CYP,04-Aug,,40HCx2,2,,,,1,2.25,,,,,,,,,,,Yes,,,Best Buy,Vietnam,Direct,Yes,,,0,,,,,,
AP > NA,AP,NA,VN,VN N.,32,BBY,EGLV,SC50089,EVER CHASTE,0007-042N,236300294543,186873091,Pending,N,VNHPH,VNHPH,USLAX,USLAX,CYP/CYP,04-Aug,,40HCx9,9,,,,2,10.125,,,,,,,,,,,Yes,,,Best Buy,Vietnam,Direct,Yes,,,0,,,,,,
AP > EU,AP,EU,CN,CN E.,32,HMH,MAEU,90-0080,,,273207022,185820787,Confirmed,N,CNNKG,CNNKG,DEBRV,DEHBO,CYP/D,05-Aug,05-Aug,20GPx1,1,20GPx1,1,07-Jul,2,0.5,0.5,,,,,,,05-Aug,20-Sep,07-Jul,Yes,,,H&M Home,Shanghai,Bkg Agnt,Yes,,,0,,,,,,
AP > NA,AP,NA,VN,VN N.,32,BBY,MSCU,25-970GA,MSC ELENI,331A,643IN2325705,186121772,Pending,N,VNHPH,VNHPH,USLAX,USLAX,CYP/CYP,05-Aug,,40GPx1,1,,,,,1,,,,,,,,,,,No,,,Best Buy,Vietnam,Direct,Yes,,,0,,,,,,
AP > NA,AP,NA,VN,VN N.,32,BBY,MSCU,25-970GA,MSC ELENI,331A,643IN2325795,186156600,Confirmed,Y,VNHPH,VNHPH,USLAX,USLAX,CYP/CYP,05-Aug,08-Aug,40HCx2,2,40HCx2,2,14-Jul,1,2.25,2.25,,,,,,,08-Aug,,14-Jul,Yes,,,Best Buy,Vietnam,Direct,Yes,,,0,,,,,,
AP > NA,AP,NA,CN,CN E.,32,LEN,MSCU,25-001WW,MSC KATIE,330N,177QSYSYS01015,186319397,Confirmed,N,CNSHA,CNSHA,USLGB,USLGB,CYP/CYP,05-Aug,05-Aug,40HCx2,2,40HCx2,2,19-Jul,1,2.25,2.25,,,,,,,05-Aug,,19-Jul,Yes,,,Lenovo,Shanghai,Bkg Agnt,Yes,,,0,,,,,,
AP > NA,AP,NA,CN,CN E.,32,LEN,MSCU,25-001WW,MSC KATIE,330N,177QSYSYS01014,186319452,Confirmed,N,CNSHA,CNSHA,USLGB,USLGB,CYP/CYP,05-Aug,05-Aug,40HCx4,4,40HCx4,4,19-Jul,1,4.5,4.5,,,,,,,05-Aug,,19-Jul,Yes,,,Lenovo,Shanghai,Bkg Agnt,Yes,,,0,,,,,,
AP > EU,AP,EU,IN,IN S.,32,HMH,MAEU,90-0080,CAPE FLINT,362S,229412035,186355903,Confirmed,N,INTUT,INTUT,DEBRV,DEHBO,CYP/D,05-Aug,05-Aug,20GPx1,1,20GPx1,1,20-Jul,5,0.5,0.5,,,,,,,08-Aug,07-Sep,19-Jul,Yes,SANTA ROSA,332W,H&M Home,India,Direct,Yes,,,-1,,,,,,
AP > NA,AP,NA,CN,CN E.,32,NEW,MSCU,25-970GA,MSC KATIE,330N,177QSYSYS01017,186395024,Confirmed,N,CNSHA,CNSHA,USLGB,USKCK,CYP/RR,05-Aug,05-Aug,40GPx2,2,40GPx2,2,20-Jul,1,2,2,,,,,,,05-Aug,,20-Jul,Yes,,,Newell Brands Distribution,Shanghai,Bkg Agnt,Yes,,,0,,,,,,
AP > NA,AP,NA,CN,CN E.,32,COS,MSCU,25-001WW,MSC KATIE,330N,177QSYSYS01029,186608607,Pending,N,CNSHA,CNSHA,USLGB,USLGB,CYP/CYP,05-Aug,,40HCx2,2,,,,1,2.25,,,,,,,,,,,Yes,,,Costco,Shanghai,Bkg Agnt,Yes,,,0,,,,,,
AP > EU,AP,EU,IN,IN S.,32,HMH,MAEU,90-0080,CAPE FLINT,362S,229592439,186624209,Pending,N,INTUT,INTUT,DEHAM,DEHAM,CYP/CYP,05-Aug,,40HCx1,1,,,,3,1.125,,,,,,,,,,,Yes,EVELYN MAERSK,329W,H&M Home,India,Direct,Yes,,,0,,,,,,
AP > EU,AP,EU,IN,IN S.,32,HMH,MAEU,90-0080,CAPE FLINT,362S,229593787,186625075,Pending,N,INTUT,INTUT,DEBRV,DEHBO,CYP/D,05-Aug,,40HCx1,1,,,,2,1.125,,,,,,,,,,,Yes,SANTA ROSA,332W,H&M Home,India,Direct,Yes,,,0,,,,,,
AP > EU,AP,EU,IN,IN S.,32,HMH,MAEU,90-0080,CAPE FLINT,362S,229595406,186626927,Pending,N,INTUT,INTUT,DEBRV,DEHBO,CYP/D,05-Aug,,40HCx1,1,,,,3,1.125,,,,,,,,,,,Yes,SANTA ROSA,332W,H&M Home,India,Direct,Yes,,,0,,,,,,
AP > EU,AP,EU,IN,IN S.,32,HMH,MAEU,90-0080,CAPE FLINT,362S,229606355,186642333,Pending,N,INTUT,INTUT,DEBRV,DEHBO,CYP/D,05-Aug,,40HCx1,1,,,,2,1.125,,,,,,,,,,,Yes,SANTA ROSA,332W,H&M Home,India,Direct,Yes,,,0,,,,,,
AP > EU,AP,EU,IN,IN S.,32,HMH,MAEU,90-0080,CAPE FLINT,362S,229653074,186704292,Pending,N,INTUT,INTUT,DEBRV,DEHBO,CYP/D,05-Aug,,20GPx1,1,,,,2,0.5,,,,,,,,,,,Yes,SANTA ROSA,332W,H&M Home,India,Direct,Yes,,,0,,,,,,
AP > NA,AP,NA,CN,CN E.,32,NEW,CMDU,89-0000,COSCO PORTUGAL,060E,NGP0396363,185761179,Confirmed,N," - , ",CNNGB,USLGB,USLGB,CYP/CYP,06-Aug,06-Aug,40HCx1,1,40HCx1,1,10-Jul,1,1.125,1.125,,,,,,,06-Aug,23-Aug,10-Jul,Yes,,,Newell Brands Distribution,Ningbo,Bkg Agnt,Yes,,,0,,,,,,
AP > EU,AP,EU,CN,CN N.,32,HMH,MAEU,90-0080,MAGLEBY MAERSK,331W,292105513,185771733,Confirmed,N,CNTAO,CNTAO,DEHAM,DEHAM,CYP/CYP,06-Aug,06-Aug,40HCx1,1,40HCx1,1,24-Jul,1,1.125,1.125,,,,,,,06-Aug,04-Oct,24-Jul,Yes,,,H&M Home,Qingdao,Bkg Agnt,Yes,,,0,,,,,,
AP > NA,AP,NA,CN,CN E.,32,NEW,CMDU,89-0000,COSCO PORTUGAL,060E,NGP0396361,185822655,Confirmed,N," - , ",CNNGB,USLGB,USKCK,CYP/CYP,06-Aug,06-Aug,40HCx1,1,40HCx1,1,10-Jul,1,1.125,1.125,,,,,,,06-Aug,26-Aug,10-Jul,Yes,,,Newell Brands Distribution,Ningbo,Bkg Agnt,Yes,,,0,,,,,,
AP > NA,AP,NA,CN,CN E.,32,COS,COSU,SSM25008,CSCL EAST CHINA SEA,058E,CC4754323023,185895507,Confirmed,N,CNXMN,CNXMN,USLGB,USLGB,CYP/CYP,06-Aug,06-Aug,40GPx1,1,40GPx1,1,01-Aug,3,1,1,,,,,,,13-Aug,28-Aug,18-Jul,Yes,,,Costco,Xiamen,Bkg Agnt,Yes,,,-14,,,,,,
AP > NA,AP,NA,VN,VN S.,32,TGT,ONEY,HAM0026,ONE ALTAIR,061E,SGNDA1923600,185960398,Confirmed,Y,VNSGN,VNCMT,USLAX,USLAX,CYP/CYP,06-Aug,05-Aug,20GPx1,1,40HCx1,1,02-Aug,4,0.5,1.125,,,,,,,05-Aug,24-Aug,11-Jul,Yes,,,Target,Vietnam,Direct,Yes,,,-22,,,,,,
AP > NA,AP,NA,VN,VN S.,32,TGT,ONEY,HAM0026,ONE ALTAIR,061E,SGNDA1925800,185960404,Confirmed,N,VNSGN,VNCMT,USLAX,USLAX,CYP/CYP,06-Aug,05-Aug,40GPx1,1,40GPx1,1,03-Aug,4,1,1,,,,,,,05-Aug,24-Aug,11-Jul,Yes,,,Target,Vietnam,Direct,Yes,,,-23,,,,,,
AP > NA,AP,NA,CN,CN S.,32,NEW,MSCU,25-970GA,MSC BEATRICE,331N,181AY0232725607D1,186021374,Confirmed,N,CNYTN,CNYTN,USLGB,USJAA,CYP/D,06-Aug,06-Aug,"20GPx1, 40GPx1, 40HCx2",4,"20GPx1, 40GPx1, 40HCx2",4,28-Jul,3,3.75,3.75,,,,,,,06-Aug,,13-Jul,Yes,,,Newell Brands Distribution,S.China,Direct,Yes,,,-15,,,,,,
AP > NA,AP,NA,CN,CN E.,32,COS,COSU,SSM25008,,,MATS2722983000,186034906,Confirmed,N,CNXMN,CNXMN,USLAX,USLAX,CYP/CYP,06-Aug,05-Aug,40GPx1,1,40GPx1,1,26-Jul,1,1,1,,,,,,,05-Aug,,26-Jul,Yes,,,Costco,Xiamen,Bkg Agnt,Yes,,,0,,,,,,
AP > NA,AP,NA,CN,CN E.,32,COS,COSU,SSM25008,,,MATS5035350000,186087650,Confirmed,N,CNXMN,CNXMN,USLGB,USLGB,CYP/CYP,06-Aug,05-Aug,40GPx1,1,40GPx1,1,26-Jul,1,1,1,,,,,,,05-Aug,,26-Jul,Yes,,,Costco,Xiamen,Bkg Agnt,Yes,,,0,,,,,,
AP > NA,AP,NA,CN,CN E.,32,TRI,CMDU,89-0000,,,FOC0269563,186146482,Confirmed,N,CNFOC,CNFOC,USLAX,USLAX,CYP/CYP,06-Aug,06-Aug,20GPx1,1,20GPx1,1,17-Jul,1,0.5,0.5,,,,,,,06-Aug,03-Sep,17-Jul,Yes,,,Triumph,Xiamen,Bkg Agnt,Yes,,,0,,,,,,
AP > NA,AP,NA,CN,CN E.,32,TRI,CMDU,89-0000,,,FOC0269564,186146705,Confirmed,N,CNFOC,CNFOC,USLAX,USLAX,CYP/CYP,06-Aug,06-Aug,40HCx4,4,40HCx4,4,17-Jul,1,4.5,4.5,,,,,,,06-Aug,03-Sep,17-Jul,Yes,,,Triumph,Xiamen,Bkg Agnt,Yes,,,0,,,,,,
AP > NA,AP,NA,CN,CN E.,32,TRI,CMDU,89-0000,,,FOC0269566,186146924,Confirmed,N,CNFOC,CNFOC,USLAX,USLAX,CYP/CYP,06-Aug,06-Aug,40GPx1,1,40GPx1,1,17-Jul,1,1,1,,,,,,,06-Aug,03-Sep,17-Jul,Yes,,,Triumph,Xiamen,Bkg Agnt,Yes,,,0,,,,,,
AP > NA,AP,NA,CN,CN E.,32,WAL,CMDU,89-0000,,,6362317220,186147072,Confirmed,Y,CNFOC,CNFOC,USLAX,USLAX,CYP/CYP,06-Aug,16-Aug,40HCx1,1,40HCx1,1,31-Jul,3,1.125,1.125,,,,,,,06-Aug,03-Sep,17-Jul,Yes,,,Walmart,Xiamen,Bkg Agnt,Yes,,,-14,,,,,,
AP > NA,AP,NA,CN,CN S.,32,NEW,CMDU,89-0000,CMA CGM MUMBAI,0TXF5E1MA,SHZ5645652,186246557,Confirmed,Y,CNYTN,CNYTN,USLAX,USKCK,CYP/CYP,06-Aug,06-Aug,40HCx1,1,40GPx1,1,20-Jul,1,1.125,1,,,,,,,06-Aug,20-Aug,20-Jul,Yes,,,Newell Brands Distribution,S.China,Direct,Yes,,,0,,,,,,
AP > NA,AP,NA,VN,VN S.,32,TGT,OOLU,PE2506,CMA CGM ADONIS,1TU28E1MA,2141925290,186252554,Confirmed,N,VNSGN,VNTOT,USLAX,USLAX,CYP/CYP,06-Aug,06-Aug,40HCx2,2,40HCx2,2,02-Aug,2,2.25,2.25,,,,,,,06-Aug,25-Aug,18-Jul,Yes,,,Target,Vietnam,Direct,Yes,,,-15,,,,,,
AP > NA,AP,NA,VN,VN S.,32,TGT,ONEY,HAM0026,,,SGNDA6680400,186254005,Canceled by carrier,N,VNSGN,VNSGN,USLAX,USLAX,CYP/CYP,06-Aug,,40HCx1,1,,,,,1.125,,,,,,,,,,,No,,,Target,Vietnam,Direct,No,,,0,,,,,,
AP > NA,AP,NA,VN,VN N.,32,TGT,MSCU,25-970GA,MSC ELENI,331A,643IN2326068,186264379,Confirmed,N,VNHPH,VNHPH,USLAX,USLAX,CYP/CYP,06-Aug,08-Aug,40HCx1,1,40HCx1,1,21-Jul,1,1.125,1.125,,,,,,,08-Aug,,21-Jul,Yes,,,Target,Vietnam,Direct,Yes,,,0,,,,,,
AP > NA,AP,NA,VN,VN N.,32,TGT,MSCU,25-970GA,MSC ELENI,331A,643IN2326067,186264652,Confirmed,Y,VNHPH,VNHPH,USLAX,USLAX,CYP/CYP,06-Aug,08-Aug,40HCx2,2,40GPx3,3,21-Jul,1,2.25,3,,,,,,,08-Aug,,21-Jul,Yes,,,Target,Vietnam,Direct,Yes,,,0,,,,,,
AP > NA,AP,NA,VN,VN N.,32,TGT,MSCU,25-970GA,MSC ELENI,331A,643IN2326070,186264947,Confirmed,N,VNHPH,VNHPH,USLAX,USLAX,CYP/CYP,06-Aug,08-Aug,40GPx1,1,40GPx1,1,21-Jul,1,1,1,,,,,,,08-Aug,,21-Jul,Yes,,,Target,Vietnam,Direct,Yes,,,0,,,,,,
AP > NA,AP,NA,VN,VN N.,32,TGT,MSCU,25-970GA,MSC ELENI,331A,643IN2326069,186265052,Confirmed,N,VNHPH,VNHPH,USLAX,USLAX,CYP/CYP,06-Aug,08-Aug,40GPx1,1,40GPx1,1,21-Jul,1,1,1,,,,,,,08-Aug,,21-Jul,Yes,,,Target,Vietnam,Direct,Yes,,,0,,,,,,
AP > NA,AP,NA,VN,VN N.,32,TGT,MSCU,25-970GA,MSC ELENI,331A,643IN2326066,186265224,Confirmed,N,VNHPH,VNHPH,USLAX,USLAX,CYP/CYP,06-Aug,08-Aug,40HCx2,2,40HCx2,2,21-Jul,1,2.25,2.25,,,,,,,08-Aug,,21-Jul,Yes,,,Target,Vietnam,Direct,Yes,,,0,,,,,,
AP > NA,AP,NA,CN,CN S.,32,WAL,MAEU,90-0090,MSC BEATRICE,331N,229361058,186273683,Confirmed,N,CNYTN,CNYTN,USLGB,USLGB,CYP/CYP,06-Aug,06-Aug,40GPx1,1,40GPx1,1,31-Jul,4,1,1,,,,,,,06-Aug,26-Aug,17-Jul,Yes,,,Walmart,S.China,Direct,Yes,,,-14,,,,,,
AP > NA,AP,NA,CN,CN S.,32,COS,MAEU,90-0090,MSC BEATRICE,331N,229361066,186273692,Confirmed,N,CNYTN,CNYTN,USLGB,USLGB,CYP/CYP,06-Aug,07-Aug,40HCx1,1,40HCx1,1,01-Aug,4,1.125,1.125,,,,,,,06-Aug,26-Aug,17-Jul,Yes,,,Costco,S.China,Direct,Yes,,,-15,,,,,,
AP > NA,AP,NA,CN,CN S.,32,BBY,HDMU,CA235001,YM WELLNESS,035E,TBD,186307806,Canceled by carrier,N,CNYTN,CNYTN,USLAX,USLAX,CYP/CYP,06-Aug,,40HCx1,1,,,,,1.125,,,,,,,,,,,No,,,Best Buy,S.China,Direct,No,,,0,,,,,,
AP > NA,AP,NA,CN,CN S.,32,BBY,HDMU,CA235001,YM WELLNESS,035E,TBD,186307918,Canceled by carrier,N,CNYTN,CNYTN,USLAX,USLAX,CYP/CYP,06-Aug,,40HCx1,1,,,,,1.125,,,,,,,,,,,No,,,Best Buy,S.China,Direct,No,,,0,,,,,,
AP > NA,AP,NA,CN,CN S.,32,BBY,HDMU,CA235001,YM WELLNESS,035E,TBD,186308151,Canceled by carrier,N,CNYTN,CNYTN,USLAX,USLAX,CYP/CYP,06-Aug,,40GPx1,1,,,,,1,,,,,,,,,,,No,,,Best Buy,S.China,Direct,No,,,0,,,,,,
AP > NA,AP,NA,CN,CN S.,32,NEW,MSCU,25-970GA,MSC EVA,331N,181AY0232733438D1,186321172,Canceled by carrier,N,CNYTN,CNYTN,USLGB,USKCK,CYP/D,06-Aug,,40GPx1,1,,,,,1,,,,,,,,,,,No,,,Newell Brands Distribution,S.China,Direct,No,,,0,,,,,,
AP > NA,AP,NA,CN,CN S.,32,NEW,CMDU,89-0000,CMA CGM MUMBAI,0TXF5E1MA,SHZ5648258,186323263,Confirmed,N,CNYTN,CNYTN,USLAX,USLAX,CYP/CYP,06-Aug,06-Aug,40HCx1,1,40HCx1,1,19-Jul,1,1.125,1.125,,,,,,,06-Aug,20-Aug,19-Jul,Yes,,,Newell Brands Distribution,S.China,Direct,Yes,,,0,,,,,,
AP > NA,AP,NA,VN,VN S.,32,WAL,CMDU,89-0000,CMA CGM NABUCCO,0PGFTE1MA,SGN1895130,186323545,Confirmed,Y,VNSGN,VNVUT,USTPA,USTPA,CYP/CYP,06-Aug,13-Aug,40HCx1,1,40HCx1,1,18-Jul,1,1.125,1.125,,,,,,,13-Aug,28-Sep,18-Jul,Yes,,,Walmart,Vietnam,Direct,Yes,,,0,,,,,,
AP > NA,AP,NA,VN,VN S.,32,WAL,CMDU,89-0000,CMA CGM NABUCCO,0PGFTE1MA,SGN1895127,186323549,Confirmed,Y,VNSGN,VNVUT,USTPA,USTPA,CYP/CYP,06-Aug,13-Aug,40HCx1,1,40HCx1,1,18-Jul,3,1.125,1.125,,,,,,,13-Aug,28-Sep,18-Jul,Yes,,,Walmart,Vietnam,Direct,Yes,,,0,,,,,,
AP > NA,AP,NA,VN,VN S.,32,WAL,CMDU,89-0000,CMA CGM NABUCCO,0PGFTE1MA,SGN1895136,186323550,Confirmed,Y,VNSGN,VNVUT,USTPA,USTPA,CYP/CYP,06-Aug,13-Aug,40HCx1,1,40HCx1,1,18-Jul,1,1.125,1.125,,,,,,,13-Aug,28-Sep,18-Jul,Yes,,,Walmart,Vietnam,Direct,Yes,,,0,,,,,,
AP > NA,AP,NA,VN,VN S.,32,WAL,CMDU,89-0000,CMA CGM NABUCCO,0PGFTE1MA,SGN1895024,186323555,Confirmed,Y,VNSGN,VNVUT,USTPA,USTPA,CYP/CYP,06-Aug,13-Aug,40HCx1,1,40HCx1,1,18-Jul,2,1.125,1.125,,,,,,,13-Aug,28-Sep,18-Jul,Yes,,,Walmart,Vietnam,Direct,Yes,,,0,,,,,,
AP > NA,AP,NA,VN,VN S.,32,WAL,CMDU,89-0000,CMA CGM NABUCCO,0PGFTE1MA,SGN1895134,186323561,Confirmed,Y,VNSGN,VNVUT,USTPA,USTPA,CYP/CYP,06-Aug,13-Aug,45HCx1,1,45HCx1,1,03-Aug,3,1.265,1.265,,,,,,,13-Aug,28-Sep,18-Jul,Yes,,,Walmart,Vietnam,Direct,Yes,,,-16,,,,,,
AP > NA,AP,NA,VN,VN S.,32,WAL,CMDU,89-0000,CMA CGM NABUCCO,0PGFTE1MA,SGN1895123,186323562,Confirmed,Y,VNSGN,VNVUT,USTPA,USTPA,CYP/CYP,06-Aug,13-Aug,40HCx1,1,40HCx1,1,18-Jul,1,1.125,1.125,,,,,,,13-Aug,28-Sep,18-Jul,Yes,,,Walmart,Vietnam,Direct,Yes,,,0,,,,,,
AP > NA,AP,NA,VN,VN S.,32,WAL,CMDU,89-0000,CMA CGM NABUCCO,0PGFTE1MA,SGN1895141,186323564,Confirmed,Y,VNSGN,VNVUT,USTPA,USTPA,CYP/CYP,06-Aug,13-Aug,40HCx1,1,40HCx1,1,18-Jul,1,1.125,1.125,,,,,,,13-Aug,28-Sep,18-Jul,Yes,,,Walmart,Vietnam,Direct,Yes,,,0,,,,,,
AP > NA,AP,NA,CN,CN N.,32,NEW,YMLU,Y25-500,YM TROPHY,008E,W240318618,186328184,Confirmed,N,CNTAO,CNTAO,USLGB,USKCK,CYP/CYP,06-Aug,06-Aug,40GPx1,1,40GPx1,1,25-Jul,2,1,1,,,,,,,06-Aug,31-Aug,24-Jul,Yes,,,Newell Brands Distribution,Qingdao,Bkg Agnt,Yes,,,-1,,,,,,
AP > NA,AP,NA,CN,CN E.,32,NEW,CMDU,89-0000,,,XIA1183774,186380143,Confirmed,N,CNXMN,CNXMN,USLGB,USKCK,CYP/CYP,06-Aug,06-Aug,40HCx4,4,40HCx4,4,21-Jul,1,4.5,4.5,,,,,,,06-Aug,21-Aug,21-Jul,Yes,,,Newell Brands Distribution,Xiamen,Bkg Agnt,Yes,,,0,,,,,,
AP > NA,AP,NA,VN,VN S.,32,NEW,ONEY,HAM0026,,,SGNDA9854300,186452101,Canceled by carrier,N,VNSGN,VNSGN,USNYC,USNYC,CYP/CYP,06-Aug,,40HRFx4,4,,,,,4.5,,,,,,,,,,,No,,,Newell Brands Distribution,Vietnam,Direct,No,,,0,,,,,,
AP > NA,AP,NA,CN,CN E.,32,WAL,EGLV,SC50089,EVER FRANK,1076-015E,EGLV142351366868,186681664,Pending,N,CNSHA,CNSHA,USLAX,USLAX,CYP/CYP,06-Aug,,40GPx1,1,,,,1,1,,,,,,,,,,,Yes,,,Walmart,Shanghai,Bkg Agnt,Yes,,,0,,,,,,
AP > NA,AP,NA,CN,CN E.,32,COS,EGLV,SC50089,EVER FRANK,1076-015E,EGLV142351366850,186681794,Pending,N,CNSHA,CNSHA,USLAX,USLAX,CYP/CYP,06-Aug,,40HCx2,2,,,,1,2.25,,,,,,,,,,,Yes,,,Costco,Shanghai,Bkg Agnt,Yes,,,0,,,,,,
AP > NA,AP,NA,CN,CN E.,32,COS,EGLV,SC50089,EVER FRANK,1076-015E,EGLV142351366842,186682045,Pending,N,CNSHA,CNSHA,USLAX,USLAX,CYP/CYP,06-Aug,,40HCx1,2,,,,1,1.125,,,,,,,,,,,Yes,,,Costco,Shanghai,Bkg Agnt,Yes,,,0,,,,,,
AP > NA,AP,NA,CN,CN E.,32,COS,EGLV,SC50089,EVER FRANK,1076-015E,EGLV142351366876,186682180,Pending,N,CNSHA,CNSHA,USLAX,USLAX,CYP/CYP,06-Aug,,x1,1,,,,1,1.265,,,,,,,,,,,Yes,,,Costco,Shanghai,Bkg Agnt,Yes,,,0,,,,,,
AP > NA,AP,NA,CN,CN E.,32,TES,EGLV,SC50089,EVER FRANK,1076-015E,EGLV142351366884,186682239,Pending,N,CNSHA,CNSHA,USLAX,USLAX,CYP/CYP,06-Aug,,40GPx1,1,,,,1,1,,,,,,,,,,,Yes,,,Tesla,Shanghai,Bkg Agnt,Yes,,,0,,,,,,
AP > NA,AP,NA,CN,CN E.,32,TES,EGLV,SC50089,EVER FRANK,1076-015E,EGLV142351366914,186682354,Pending,N,CNSHA,CNSHA,USLAX,USLAX,CYP/CYP,06-Aug,,40HCx1,1,,,,1,1.125,,,,,,,,,,,Yes,,,Tesla,Shanghai,Bkg Agnt,Yes,,,0,,,,,,
AP > NA,AP,NA,CN,CN E.,32,LEN,EGLV,SC50089,EVER FRANK,1076-015E,EGLV142351366906,186682454,Pending,N,CNSHA,CNSHA,USLAX,USLAX,CYP/CYP,06-Aug,,40HCx1,1,,,,1,1.125,,,,,,,,,,,Yes,,,Lenovo,Shanghai,Bkg Agnt,Yes,,,0,,,,,,
AP > NA,AP,NA,CN,CN E.,32,LEN,EGLV,SC50089,EVER FRANK,1076-015E,EGLV142351366892,186682771,Pending,N,CNSHA,CNSHA,USLAX,USLAX,CYP/CYP,06-Aug,,40HCx2,2,,,,1,2.25,,,,,,,,,,,Yes,,,Lenovo,Shanghai,Bkg Agnt,Yes,,,0,,,,,,
AP > NA,AP,NA,CN,CN S.,32,NEW,CMDU,89-0000,CMA CGM HERMES,1TU2GE1MA,SHZ5666638,186756231,Pending,N,CNYTN,CNYTN,USLAX,USKCK,CYP/CYP,06-Aug,,40HCx1,1,,,,1,1.125,,,,,,,,,,,Yes,,,Newell Brands Distribution,S.China,Direct,Yes,,,0,,,,,,
AP > NA,AP,NA,CN,CN E.,32,COS,EGLV,SC50089,EVER FRANK,1076-015E,EGLV142351367317,186756958,Pending,N,CNSHA,CNSHA,USLAX,USLAX,CYP/CYP,06-Aug,,40HCx1,1,,,,,1.125,,,,,,,,,,,No,,,Costco,Shanghai,Bkg Agnt,No,,,0,,,,,,
AP > NA,AP,NA,CN,CN E.,32,COS,EGLV,SC50089,EVER FRANK,1076-015E,EGLV142351367325,186757109,Pending,N,CNSHA,CNSHA,USLAX,USLAX,CYP/CYP,06-Aug,,x1,1,,,,,1.265,,,,,,,,,,,No,,,Costco,Shanghai,Bkg Agnt,No,,,0,,,,,,
AP > NA,AP,NA,CN,CN E.,32,COS,EGLV,SC50089,EVER FRANK,1076-015E,EGLV142351367333,186757252,Pending,N,CNSHA,CNSHA,USLAX,USLAX,CYP/CYP,06-Aug,,x2,2,,,,,2.53,,,,,,,,,,,No,,,Costco,Shanghai,Bkg Agnt,No,,,0,,,,,,
AP > NA,AP,NA,VN,VN S.,32,TGT,OOLU,PE2506,CMA CGM CHILE,1TU2CE1MA,2142134880,186807706,Pending,N,VNSGN,VNTOT,USLAX,USWZC,CYP/D,06-Aug,,40GPx1,1,,,,3,1,,,,,,,,,,,Yes,,,Target,Vietnam,Direct,Yes,,,0,,,,,,
AP > NA,AP,NA,VN,VN N.,32,TGT,MSCU,25-970GA,MSC SINDY,332A,643IN2327824,186823897,Pending,N,VNHPH,VNHPH,USLGB,USLGB,CYP/CYP,06-Aug,,40GPx1,1,,,,,1,,,,,,,,,,,No,,,Target,Vietnam,Direct,No,,,0,,,,,,
AP > NA,AP,NA,CN,CN S.,32,BBY,MSCU,25-970GA,NORTHERN JAVELIN,UK331A,181AY0232746886D1,186872849,Pending,N,CNYTN,CNYTN,CAVAN,CATOR,CYP/D,06-Aug,,40HCx1,1,,,,1,1.125,,,,,,,,,,,Yes,,,Best Buy,S.China,Direct,Yes,,,0,,,,,,
AP > NA,AP,NA,CN,CN E.,32,WAL,MAEU,90-0090,,,228992097,185383592,Confirmed,N,CNXMN,CNXMN,USLGB,USLGB,CYP/CYP,07-Aug,07-Aug,45HCx1,1,45HCx1,1,06-Jul,1,1.265,1.265,,,,,,,07-Aug,21-Aug,06-Jul,Yes,,,Walmart,Xiamen,Bkg Agnt,Yes,,,0,,,,,,
AP > NA,AP,NA,CN,CN E.,32,DEC,CMDU,89-0000,,,XIA1173558,185383686,Confirmed,N,CNXMN,CNXMN,USLGB,USLGB,CYP/CYP,07-Aug,09-Aug,40HCx3,3,40HCx3,3,28-Jun,1,3.375,3.375,,,,,,,09-Aug,27-Aug,28-Jun,Yes,,,Decathlon,Xiamen,Bkg Agnt,Yes,,,0,,,,,,
AP > NA,AP,NA,CN,CN S.,32,BBY,HDMU,CA235001,YM WELLNESS,035E,HKGM50187800,185747324,Confirmed,Y,CNYTN,CNYTN,USLAX,USLAX,CYP/CYP,07-Aug,11-Aug,40HCx2,2,40HCx2,2,02-Aug,9,2.25,2.25,,,,,,,07-Aug,21-Aug,06-Jul,Yes,,,Best Buy,S.China,Direct,No,,,-27,,,,,,
AP > NA,AP,NA,CN,CN S.,32,BBY,HDMU,CA235001,YM WELLNESS,035E,HKGM71540900,185747658,Confirmed,Y,CNYTN,CNYTN,USLAX,USLAX,CYP/CYP,07-Aug,11-Aug,40HCx1,1,40HCx1,1,02-Aug,5,1.125,1.125,,,,,,,07-Aug,21-Aug,06-Jul,Yes,,,Best Buy,S.China,Direct,Yes,,,-27,,,,,,
AP > NA,AP,NA,CN,CN E.,32,COS,EGLV,SC50089,,,146300555453,185755150,Confirmed,N,CNXMN,CNXMN,USLGB,USLGB,CYP/CYP,07-Aug,09-Aug,40HCx5,5,40HCx5,5,19-Jul,1,5.625,5.625,,,,,,,09-Aug,27-Aug,19-Jul,Yes,,,Costco,Xiamen,Bkg Agnt,Yes,,,0,,,,,,
AP > NA,AP,NA,CN,CN E.,32,DEC,CMDU,89-0000,,,XIA1178299,185812775,Confirmed,N,CNXMN,CNXMN,USLGB,USLGB,CYP/CYP,07-Aug,09-Aug,40HCx1,1,40HCx1,1,07-Jul,1,1.125,1.125,,,,,,,09-Aug,27-Aug,07-Jul,Yes,,,Decathlon,Xiamen,Bkg Agnt,Yes,,,0,,,,,,
AP > NA,AP,NA,CN,CN S.,32,BBY,OOLU,PE2508,COSCO SHIPPING DENALI,033E,2141759340,185821586,Confirmed,N,CNNSA,CNNSA,USLGB,USLGB,CYP/CYP,07-Aug,08-Aug,40HCx15,15,40HCx15,15,03-Aug,2,16.875,16.875,,,,,,,07-Aug,24-Aug,18-Jul,Yes,,,Best Buy,S.China,Direct,Yes,,,-16,,,,,,
AP > NA,AP,NA,CN,CN E.,32,TRI,CMDU,89-0000,,,XIA1179133,185894288,Confirmed,N,CNXMN,CNXMN,USLGB,USLGB,CYP/CYP,07-Aug,09-Aug,40HCx5,5,40HCx5,5,10-Jul,1,5.625,5.625,,,,,,,09-Aug,,10-Jul,Yes,,,Triumph,Xiamen,Bkg Agnt,Yes,,,0,,,,,,
AP > NA,AP,NA,CN,CN E.,32,COS,MSCU,25-970GA,,,1811X023PE06139P1,185895551,Confirmed,N,CNXMN,CNXMN,USLAX,USLAX,CYP/CYP,07-Aug,07-Aug,40HCx4,4,40HCx4,4,11-Jul,2,4.5,4.5,,,,,,,07-Aug,,11-Jul,Yes,,,Costco,Xiamen,Bkg Agnt,Yes,,,0,,,,,,
AP > EU,AP,EU,CN,CN E.,32,HMH,MAEU,90-0080,MORTEN MAERSK,330W,229121670,185903826,Confirmed,N,CNNGB,CNNGB,DEBRV,DEHBO,CYP/D,07-Aug,07-Aug,40HCx1,1,40HCx1,1,10-Jul,1,1.125,1.125,,,,,,,07-Aug,13-Sep,10-Jul,Yes,,,H&M Home,Ningbo,Direct,Yes,,,0,,,,,,
AP > EU,AP,EU,CN,CN E.,32,HMH,MAEU,90-0080,MORTEN MAERSK,330W,229121969,185903968,Confirmed,N,CNNGB,CNNGB,DEBRV,DEHBO,CYP/D,07-Aug,07-Aug,40HCx1,1,40HCx1,1,10-Jul,1,1.125,1.125,,,,,,,07-Aug,13-Sep,10-Jul,Yes,,,H&M Home,Ningbo,Direct,Yes,,,0,,,,,,
AP > EU,AP,EU,CN,CN E.,32,HMH,MAEU,90-0080,MORTEN MAERSK,330W,229121825,185903969,Confirmed,N,CNNGB,CNNGB,DEBRV,DEHBO,CYP/D,07-Aug,07-Aug,40HCx1,1,40HCx1,1,10-Jul,1,1.125,1.125,,,,,,,07-Aug,13-Sep,10-Jul,Yes,,,H&M Home,Ningbo,Direct,Yes,,,0,,,,,,
AP > EU,AP,EU,CN,CN E.,32,HMH,MAEU,90-0080,MARIBO MAERSK,331W,229121822,185903996,Confirmed,Y,CNNGB,CNNGB,DEBRV,DEHBO,CYP/D,07-Aug,15-Aug,40HCx1,1,40HCx1,1,02-Aug,2,1.125,1.125,,,,,,,07-Aug,13-Sep,10-Jul,Yes,,,H&M Home,Ningbo,Direct,Yes,,,-23,,,,,,
AP > NA,AP,NA,CN,CN E.,32,COS,MAEU,90-0090,,,229152282,185953369,Confirmed,N,CNXMN,CNXMN,USLGB,USLGB,CYP/CYP,07-Aug,07-Aug,40GPx2,2,40GPx2,2,12-Jul,1,2,2,,,,,,,07-Aug,21-Aug,12-Jul,Yes,,,Costco,Xiamen,Bkg Agnt,Yes,,,0,,,,,,
AP > NA,AP,NA,CN,CN E.,32,COS,CMDU,89-0000,,,XIA1179593,185953525,Confirmed,Y,CNXMN,CNXMN,USLGB,USLGB,CYP/CYP,07-Aug,18-Aug,"40HCx1, 45HCx2",3,"40HCx1, 45HCx2",3,12-Jul,2,3.655,3.655,,,,,,,09-Aug,27-Aug,11-Jul,Yes,,,Costco,Xiamen,Bkg Agnt,Yes,,,-1,,,,,,
AP > EU,AP,EU,VN,VN S.,32,HMH,MAEU,90-0080,MAERSK JAIPUR,332S,229190313,186007268,Confirmed,N,VNSGN,VNSGN,DEBRV,DEHBO,CYP/D,07-Aug,07-Aug,40HCx1,1,40HCx1,1,12-Jul,1,1.125,1.125,,,,,,,07-Aug,06-Sep,12-Jul,Yes,MUNICH MAERSK,329W,H&M Home,Vietnam,Direct,Yes,,,0,,,,,,
AP > NA,AP,NA,CN,CN E.,32,TES,CMDU,89-0000,,,XIA1180836,186087944,Confirmed,Y,CNXMN,CNXMN,USLAX,USLAX,CYP/CYP,07-Aug,16-Aug,45HCx1,1,45HCx1,1,13-Jul,2,1.265,1.265,,,,,,,09-Aug,27-Aug,13-Jul,Yes,,,Tesla,Xiamen,Bkg Agnt,Yes,,,0,,,,,,
AP > NA,AP,NA,CN,CN E.,32,TES,MSCU,25-970GA,,,1811X023PE06442P1,186088047,Confirmed,Y,CNXMN,CNXMN,USLAX,USLAX,CYP/CYP,07-Aug,14-Aug,"40GPx2, 40HCx1",3,"40GPx2, 40HCx1",3,01-Aug,3,3.125,3.125,,,,,,,07-Aug,,13-Jul,Yes,,,Tesla,Xiamen,Bkg Agnt,Yes,,,-19,,,,,,
AP > NA,AP,NA,CN,CN S.,32,BBY,HDMU,CA235001,ONE HELSINKI,0053E,HKGM07541800,186146374,Confirmed,N,CNYTN,CNYTN,CAVAN,CAVAN,CYP/CYP,07-Aug,08-Aug,40HCx1,1,40HCx1,1,27-Jul,4,1.125,1.125,,,,,,,07-Aug,18-Aug,14-Jul,Yes,,,Best Buy,S.China,Direct,Yes,,,-13,,,,,,
AP > NA,AP,NA,CN,CN S.,32,BBY,HDMU,CA235001,SEASPAN YANGTZE,0026E,HKGM71633000,186146438,Canceled by carrier,N,CNYTN,CNYTN,CAVAN,CAVAN,CYP/CYP,07-Aug,,40HCx1,1,,,,,1.125,,,,,,,,,,,Yes,,,Best Buy,S.China,Direct,Yes,,,0,,,,,,
AP > NA,AP,NA,CN,CN S.,32,BBY,HDMU,CA235001,ONE HELSINKI,0053E,HKGM66788100,186146753,Confirmed,N,CNYTN,CNYTN,CAVAN,CAMTR,CYP/CYP,07-Aug,08-Aug,40HCx1,1,40HCx1,1,27-Jul,4,1.125,1.125,,,,,,,07-Aug,18-Aug,14-Jul,Yes,,,Best Buy,S.China,Direct,Yes,,,-13,,,,,,
AP > NA,AP,NA,CN,CN S.,32,BBY,HDMU,CA235001,SEASPAN YANGTZE,0026E,HKGM72915100,186146945,Canceled by carrier,N,CNYTN,CNYTN,CAVAN,CAMTR,CYP/CYP,07-Aug,,40HCx1,1,,,,,1.125,,,,,,,,,,,Yes,,,Best Buy,S.China,Direct,Yes,,,0,,,,,,
AP > NA,AP,NA,CN,CN E.,32,WAL,COSU,HOI23500,,,6361222650,186147669,Confirmed,N,CNFOC,CNFOC,USLAX,USLAX,CYP/CYP,07-Aug,07-Aug,40HCx1,1,40HCx1,1,14-Jul,1,1.125,1.125,,,,,,,07-Aug,27-Aug,14-Jul,Yes,,,Walmart,Xiamen,Bkg Agnt,Yes,,,0,,,,,,
AP > NA,AP,NA,CN,CN S.,32,CTI,HDMU,CA235001,ONE HELSINKI ,0053E ,TBD,186216102,Pending,N,CNYTN,CNYTN,CAVAN,CAVAN,CYP/CYP,07-Aug,,40GPx1,1,,,,,1,,,,,,,,,,,No,,,Canadian Tire,S.China,Direct,No,,,0,,,,,,
AP > NA,AP,NA,CN,CN S.,32,CTI,HDMU,CA235001,ONE HELSINKI ,0053E ,TBD,186216103,Pending,N,CNYTN,CNYTN,CAVAN,CAVAN,CYP/CYP,07-Aug,,40GPx1,1,,,,,1,,,,,,,,,,,No,,,Canadian Tire,S.China,Direct,No,,,0,,,,,,
AP > NA,AP,NA,CN,CN S.,32,CTI,HDMU,CA235001,ONE HELSINKI ,0053E ,TBD,186216104,Pending,N,CNYTN,CNYTN,CAVAN,CAVAN,CYP/CYP,07-Aug,,40GPx1,1,,,,,1,,,,,,,,,,,No,,,Canadian Tire,S.China,Direct,No,,,0,,,,,,
AP > NA,AP,NA,CN,CN S.,32,CTI,HDMU,CA235001,ONE HELSINKI ,0053E ,TBD,186216105,Pending,N,CNYTN,CNYTN,CAVAN,CAVAN,CYP/CYP,07-Aug,,40GPx1,1,,,,,1,,,,,,,,,,,No,,,Canadian Tire,S.China,Direct,No,,,0,,,,,,
AP > NA,AP,NA,CN,CN S.,32,CTI,HDMU,CA235001,ONE HELSINKI ,0053E ,TBD,186216106,Pending,N,CNYTN,CNYTN,CAVAN,CAVAN,CYP/CYP,07-Aug,,40GPx1,1,,,,,1,,,,,,,,,,,No,,,Canadian Tire,S.China,Direct,No,,,0,,,,,,
AP > NA,AP,NA,CN,CN S.,32,CTI,HDMU,CA235001,ONE HELSINKI ,0053E ,TBD,186216107,Pending,N,CNYTN,CNYTN,CAVAN,CAVAN,CYP/CYP,07-Aug,,40GPx1,1,,,,,1,,,,,,,,,,,No,,,Canadian Tire,S.China,Direct,No,,,0,,,,,,
AP > NA,AP,NA,CN,CN S.,32,CTI,HDMU,CA235001,ONE HELSINKI ,0053E ,TBD,186216108,Pending,N,CNYTN,CNYTN,CAVAN,CAVAN,CYP/CYP,07-Aug,,40GPx1,1,,,,,1,,,,,,,,,,,No,,,Canadian Tire,S.China,Direct,No,,,0,,,,,,
AP > NA,AP,NA,CN,CN S.,32,CTI,HDMU,CA235001,ONE HELSINKI ,0053E ,TBD,186216109,Pending,N,CNYTN,CNYTN,CAVAN,CAVAN,CYP/CYP,07-Aug,,40GPx1,1,,,,,1,,,,,,,,,,,No,,,Canadian Tire,S.China,Direct,No,,,0,,,,,,
AP > NA,AP,NA,CN,CN S.,32,CTI,HDMU,CA235001,ONE HELSINKI ,0053E ,TBD,186216110,Pending,N,CNYTN,CNYTN,CAVAN,CAVAN,CYP/CYP,07-Aug,,40GPx1,1,,,,,1,,,,,,,,,,,No,,,Canadian Tire,S.China,Direct,No,,,0,,,,,,
AP > NA,AP,NA,CN,CN S.,32,CTI,HDMU,CA235001,ONE HELSINKI ,0053E ,TBD,186216111,Pending,N,CNYTN,CNYTN,CAVAN,CAVAN,CYP/CYP,07-Aug,,40GPx1,1,,,,,1,,,,,,,,,,,No,,,Canadian Tire,S.China,Direct,No,,,0,,,,,,
AP > NA,AP,NA,CN,CN S.,32,CTI,HDMU,CA235001,ONE HELSINKI ,0053E ,TBD,186216112,Pending,N,CNYTN,CNYTN,CAVAN,CAVAN,CYP/CYP,07-Aug,,40GPx1,1,,,,,1,,,,,,,,,,,No,,,Canadian Tire,S.China,Direct,No,,,0,,,,,,
AP > NA,AP,NA,CN,CN S.,32,CTI,HDMU,CA235001,ONE HELSINKI ,0053E ,TBD,186216114,Pending,N,CNYTN,CNYTN,CAVAN,CAVAN,CYP/CYP,07-Aug,,20GPx1,1,,,,,0.5,,,,,,,,,,,No,,,Canadian Tire,S.China,Direct,No,,,0,,,,,,
AP > NA,AP,NA,CN,CN S.,32,CTI,HDMU,CA235001,ONE HELSINKI ,0053E ,TBD,186216115,Pending,N,CNYTN,CNYTN,CAVAN,CAVAN,CYP/CYP,07-Aug,,20GPx1,1,,,,,0.5,,,,,,,,,,,No,,,Canadian Tire,S.China,Direct,No,,,0,,,,,,
AP > NA,AP,NA,CN,CN S.,32,CTI,HDMU,CA235001,ONE HELSINKI ,0053E ,TBD,186216116,Pending,N,CNYTN,CNYTN,CAVAN,CAVAN,CYP/CYP,07-Aug,,20GPx1,1,,,,,0.5,,,,,,,,,,,No,,,Canadian Tire,S.China,Direct,No,,,0,,,,,,
AP > NA,AP,NA,CN,CN S.,32,CTI,HDMU,CA235001,ONE HELSINKI ,0053E ,TBD,186216117,Pending,N,CNYTN,CNYTN,CAVAN,CAVAN,CYP/CYP,07-Aug,,20GPx1,1,,,,,0.5,,,,,,,,,,,No,,,Canadian Tire,S.China,Direct,No,,,0,,,,,,
AP > NA,AP,NA,CN,CN S.,32,CTI,HDMU,CA235001,ONE HELSINKI ,0053E ,TBD,186216118,Pending,N,CNYTN,CNYTN,CAVAN,CAVAN,CYP/CYP,07-Aug,,20GPx1,1,,,,,0.5,,,,,,,,,,,No,,,Canadian Tire,S.China,Direct,No,,,0,,,,,,
AP > NA,AP,NA,CN,CN S.,32,CTI,HDMU,CA235001,ONE HELSINKI ,0053E ,TBD,186216119,Pending,N,CNYTN,CNYTN,CAVAN,CAVAN,CYP/CYP,07-Aug,,20GPx1,1,,,,,0.5,,,,,,,,,,,No,,,Canadian Tire,S.China,Direct,No,,,0,,,,,,
AP > NA,AP,NA,CN,CN S.,32,CTI,HDMU,CA235001,ONE HELSINKI ,0053E ,TBD,186216120,Pending,N,CNYTN,CNYTN,CAVAN,CAVAN,CYP/CYP,07-Aug,,20GPx1,1,,,,,0.5,,,,,,,,,,,No,,,Canadian Tire,S.China,Direct,No,,,0,,,,,,
AP > NA,AP,NA,CN,CN S.,32,CTI,HDMU,CA235001,ONE HELSINKI ,0053E ,TBD,186216121,Pending,N,CNYTN,CNYTN,CAVAN,CAVAN,CYP/CYP,07-Aug,,20GPx1,1,,,,,0.5,,,,,,,,,,,No,,,Canadian Tire,S.China,Direct,No,,,0,,,,,,
AP > NA,AP,NA,CN,CN S.,32,WAL,MSCU,25-970GA,ZIM SHENZHEN,003E,181AY0232733886A1,186332402,Confirmed,N,CNYTN,CNYTN,USTPA,USTPA,CYP/CYP,07-Aug,07-Aug,40HCx1,1,40HCx1,1,28-Jul,3,1.125,1.125,,,,,,,07-Aug,,19-Jul,Yes,,,Walmart,S.China,Direct,Yes,,,-9,,,,,,
AP > NA,AP,NA,CN,CN S.,32,WAL,MSCU,25-970GA,ZIM SHENZHEN,003E,181AY0232733887A1,186332406,Pending,N,CNYTN,CNYTN,USTPA,USTPA,CYP/CYP,07-Aug,,40HCx1,1,,,,,1.125,,,,,,,,,,,No,,,Walmart,S.China,Direct,No,,,0,,,,,,
AP > NA,AP,NA,CN,CN S.,32,WAL,MSCU,25-970GA,ZIM SHENZHEN,003E,181AY0232733888A1,186332407,Pending,N,CNYTN,CNYTN,USTPA,USTPA,CYP/CYP,07-Aug,,40HCx1,1,,,,,1.125,,,,,,,,,,,No,,,Walmart,S.China,Direct,No,,,0,,,,,,
AP > NA,AP,NA,CN,CN S.,32,WAL,MSCU,25-970GA,ZIM SHENZHEN,003E,181AY0232733889A1,186332409,Pending,N,CNYTN,CNYTN,USTPA,USTPA,CYP/CYP,07-Aug,,40HCx1,1,,,,,1.125,,,,,,,,,,,No,,,Walmart,S.China,Direct,No,,,0,,,,,,
AP > NA,AP,NA,CN,CN N.,32,TRI,COSU,SSM25008,COSCO EUROPE,092E,8042309140,186333344,Confirmed,N,CNTAO,CNTAO,USLGB,USLGB,CYP/CYP,07-Aug,07-Aug,40HCx1,1,40HCx1,1,19-Jul,1,1.125,1.125,,,,,,,07-Aug,,19-Jul,Yes,,,Triumph,Qingdao,Bkg Agnt,Yes,,,0,,,,,,
AP > NA,AP,NA,CN,CN N.,32,COS,COSU,SSM25008,COSCO EUROPE,092E,8042307110,186333486,Confirmed,N,CNTAO,CNTAO,USLGB,USLGB,CYP/CYP,07-Aug,07-Aug,40HCx1,1,40HCx1,1,19-Jul,1,1.125,1.125,,,,,,,07-Aug,,19-Jul,Yes,,,Costco,Qingdao,Bkg Agnt,Yes,,,0,,,,,,
AP > NA,AP,NA,CN,CN N.,32,COS,COSU,SSM25008,COSCO EUROPE,092E,8042307180,186333586,Confirmed,N,CNTAO,CNTAO,USLGB,USLGB,CYP/CYP,07-Aug,07-Aug,40HCx2,2,40HCx2,2,19-Jul,1,2.25,2.25,,,,,,,07-Aug,,19-Jul,Yes,,,Costco,Qingdao,Bkg Agnt,Yes,,,0,,,,,,
AP > NA,AP,NA,CN,CN N.,32,DEC,COSU,SSM25008,COSCO EUROPE,092E,8042307340,186333674,Confirmed,N,CNTAO,CNTAO,USLGB,USLGB,CYP/CYP,07-Aug,07-Aug,40GPx3,3,40GPx3,3,19-Jul,1,3,3,,,,,,,07-Aug,,19-Jul,Yes,,,Decathlon,Qingdao,Bkg Agnt,Yes,,,0,,,,,,
AP > NA,AP,NA,CN,CN N.,32,DEC,COSU,SSM25008,COSCO EUROPE,092E,8042307440,186333724,Confirmed,N,CNTAO,CNTAO,USLGB,USLGB,CYP/CYP,07-Aug,07-Aug,40HCx1,1,40HCx1,1,19-Jul,1,1.125,1.125,,,,,,,07-Aug,,19-Jul,Yes,,,Decathlon,Qingdao,Bkg Agnt,Yes,,,0,,,,,,
AP > NA,AP,NA,CN,CN S.,32,NIK,HDMU,CA235001,ONE HELSINKI,0053E,HKGM57875200,186334399,Confirmed,N,CNYTN,CNYTN,CAVAN,CATOR,CYP/CYP,07-Aug,08-Aug,40HCx1,1,40HCx1,1,27-Jul,3,1.125,1.125,,,,,,,11-Aug,18-Aug,20-Jul,Yes,,,Nike,S.China,Direct,Yes,,,-7,,,,,,
AP > NA,AP,NA,CN,CN S.,32,CTI,HDMU,CA235001,SEASPAN YANGTZE,0026E,HKGM33463700,186373033,Canceled by carrier,N,CNYTN,CNYTN,CAVAN,CAVAN,CYP/CYP,07-Aug,,20GPx1,1,,,,,0.5,,,,,,,,,,,No,,,Canadian Tire,S.China,Direct,No,,,0,,,,,,
AP > NA,AP,NA,CN,CN S.,32,CTI,HDMU,CA235001,SEASPAN YANGTZE,0026E,HKGM61991500,186373035,Canceled by carrier,N,CNYTN,CNYTN,CAVAN,CAVAN,CYP/CYP,07-Aug,,40HCx1,1,,,,,1.125,,,,,,,,,,,No,,,Canadian Tire,S.China,Direct,No,,,0,,,,,,
AP > NA,AP,NA,CN,CN S.,32,CTI,HDMU,CA235001,SEASPAN YANGTZE,0026E,HKGM49861100,186373037,Canceled by carrier,N,CNYTN,CNYTN,CAVAN,CAVAN,CYP/CYP,07-Aug,,40HCx1,1,,,,,1.125,,,,,,,,,,,No,,,Canadian Tire,S.China,Direct,No,,,0,,,,,,
AP > NA,AP,NA,CN,CN E.,32,NEW,MSCU,25-970GA,,,1811X023PE06663P1,186380772,Confirmed,N,CNXMN,CNXMN,USLAX,USKCK,CYP/CYP,07-Aug,07-Aug,40HCx3,3,40HCx3,3,19-Jul,1,3.375,3.375,,,,,,,07-Aug,,19-Jul,Yes,,,Newell Brands Distribution,Xiamen,Bkg Agnt,Yes,,,0,,,,,,
AP > NA,AP,NA,CN,CN E.,32,NEW,MSCU,25-970GA,,,1811X023PE06664P1,186380892,Confirmed,N,CNXMN,CNXMN,USLAX,USKCK,CYP/CYP,07-Aug,07-Aug,40HCx2,2,40HCx2,2,19-Jul,1,2.25,2.25,,,,,,,07-Aug,,19-Jul,Yes,,,Newell Brands Distribution,Xiamen,Bkg Agnt,Yes,,,0,,,,,,
AP > NA,AP,NA,CN,CN E.,32,COS,COSU,HOI23500,,,6361651830,186445109,Confirmed,Y,CNFOC,CNFOC,USLAX,USLAX,CYP/CYP,07-Aug,12-Aug,45HCx2,2,45HCx2,2,03-Aug,2,2.53,2.53,,,,,,,07-Aug,27-Aug,20-Jul,Yes,,,Costco,Xiamen,Bkg Agnt,Yes,,,-14,,,,,,
AP > NA,AP,NA,CN,CN S.,32,COS,EGLV,SC50089,EVER FAR,0169-014E,149304313602,186508407,Confirmed,N,CNYTN,CNYTN,USLAX,USLAX,CYP/CYP,07-Aug,07-Aug,40HCx1,1,40HCx1,1,26-Jul,2,1.125,1.125,,,,,,,07-Aug,21-Aug,24-Jul,Yes,,,Costco,S.China,Direct,Yes,,,-2,,,,,,
AP > NA,AP,NA,CN,CN S.,32,COS,EGLV,SC50089,EVER FAR,0169-014E,149304313653,186508420,Pending,N,CNYTN,CNYTN,USLAX,USLAX,CYP/CYP,07-Aug,,40HCx1,1,,,,1,1.125,,,,,,,,,,,Yes,,,Costco,S.China,Direct,Yes,,,0,,,,,,
AP > NA,AP,NA,CN,CN S.,32,TES,EGLV,SC50089,EVER FAR,0169-014E,149304313662,186508421,Pending,N,CNYTN,CNYTN,USLAX,USLAX,CYP/CYP,07-Aug,,40HCx1,1,,,,1,1.125,,,,,,,,,,,Yes,,,Tesla,S.China,Direct,No,,,0,,,,,,
AP > NA,AP,NA,CN,CN S.,32,TES,EGLV,SC50089,EVER FAR,0169-014E,149304313670,186508422,Pending,N,CNYTN,CNYTN,USLAX,USLAX,CYP/CYP,07-Aug,,40HCx1,1,,,,1,1.125,,,,,,,,,,,Yes,,,Tesla,S.China,Direct,No,,,0,,,,,,
AP > NA,AP,NA,CN,CN S.,32,TES,EGLV,SC50089,EVER FAR,0169-014E,149304313688,186508426,Pending,N,CNYTN,CNYTN,USLAX,USLAX,CYP/CYP,07-Aug,,45HCx1,1,,,,1,1.265,,,,,,,,,,,Yes,,,Tesla,S.China,Direct,Yes,,,0,,,,,,
AP > NA,AP,NA,CN,CN S.,32,NIK,COSU,HOI23500,COSCO SHIPPING DENALI,033E,6361730250,186510673,Confirmed,N,CNNSA,CNNSA,USLGB,USLGB,CYP/CYP,07-Aug,07-Aug,40HCx3,3,40HCx3,3,24-Jul,1,3.375,3.375,,,,,,,07-Aug,24-Aug,24-Jul,Yes,,,Nike,S.China,Direct,Yes,,,0,,,,,,
AP > NA,AP,NA,CN,CN S.,32,BBY,COSU,HOI23500,COSCO SHIPPING DENALI,033E,6361730580,186510788,Pending,N,CNNSA,CNNSA,USLGB,USLGB,CYP/CYP,07-Aug,,40HCx9,9,,,,1,10.125,,,,,,,,,,,Yes,,,Best Buy,S.China,Direct,Yes,,,0,,,,,,
AP > NA,AP,NA,CN,CN N.,32,COS,COSU,SSM25008,COSCO EUROPE,092E,8042398120,186526650,Confirmed,N,CNTAO,CNTAO,USLGB,USLGB,CYP/CYP,07-Aug,07-Aug,40GPx1,1,40GPx1,1,21-Jul,1,1,1,,,,,,,07-Aug,,21-Jul,Yes,,,Costco,Qingdao,Bkg Agnt,Yes,,,0,,,,,,
AP > NA,AP,NA,CN,CN E.,32,BBY,HDMU,CA235001,SEASPAN YANGTZE,0026E,HDMUNKGZ02862100,186533728,Pending,N,CNNKG,CNNKG,CAVAN,CATOR,CYP/CYP,07-Aug,,40HCx1,1,,,,2,1.125,,,,,,,,,,,Yes,,,Best Buy,Shanghai,Bkg Agnt,Yes,,,0,,,,,,
AP > NA,AP,NA,CN,CN E.,32,BBY,HDMU,CA235001,SEASPAN YANGTZE,0026E,HDMUNKGZ27174100,186534056,Pending,N,CNNKG,CNNKG,CAVAN,CATOR,CYP/CYP,07-Aug,,40HCx1,1,,,,1,1.125,,,,,,,,,,,Yes,,,Best Buy,Shanghai,Bkg Agnt,Yes,,,0,,,,,,
AP > NA,AP,NA,CN,CN N.,32,COS,MAEU,90-0090,MARIBO MAERSK,331W,273068377,186537454,Pending,N,CNTSN,CNTSN,USLAX,USLAX,CYP/CYP,07-Aug,,40HCx2,2,,,,1,2.25,,,,,,,,,,,Yes,,,Costco,Tianjin,Bkg Agnt,Yes,,,0,,,,,,
AP > EU,AP,EU,VN,VN S.,32,HMH,MAEU,90-0080,MAERSK JAIPUR,332S,229564976,186586810,Pending,N,VNSGN,VNSGN,DEBRV,DEHBO,CYP/D,07-Aug,,40HCx1,1,,,,3,1.125,,,,,,,,,,,Yes,MUNICH MAERSK,329W,H&M Home,Vietnam,Direct,Yes,,,0,,,,,,
AP > EU,AP,EU,VN,VN S.,32,HMH,MAEU,90-0080,MAERSK JAIPUR,332S,229564975,186586813,Pending,N,VNSGN,VNSGN,DEBRV,DEHBO,CYP/D,07-Aug,,40HCx1,1,,,,2,1.125,,,,,,,,,,,Yes,MUNICH MAERSK,329W,H&M Home,Vietnam,Direct,Yes,,,0,,,,,,
AP > NA,AP,NA,CN,CN N.,32,COS,COSU,SSM25008,COSCO EUROPE,092E,8042427240,186604715,Pending,N,CNTAO,CNTAO,USLGB,USLGB,CYP/CYP,07-Aug,,40GPx2,2,,,,1,2,,,,,,,,,,,Yes,,,Costco,Qingdao,Bkg Agnt,Yes,,,0,,,,,,
AP > NA,AP,NA,CN,CN N.,32,WAL,COSU,SSM25008,COSCO EUROPE,092E,8042546230,186888410,Pending,N,CNTAO,CNTAO,USLGB,USLGB,CYP/CYP,07-Aug,,40HCx1,1,,,,2,1.125,,,,,,,,,,,Yes,,,Walmart,Qingdao,Bkg Agnt,Yes,,,0,,,,,,
AP > NA,AP,NA,CN,CN E.,32,DEC,COSU,HOI23500,,,TBD,187034964,Pending,N,CNFOC,CNFOC,USLAX,USLAX,CYP/CYP,07-Aug,,45HCx2,2,,,,,2.53,,,,,,,,,,,No,,,Decathlon,Xiamen,Bkg Agnt,Yes,,,0,,,,,,
AP > EU,AP,EU,CN,CN E.,32,TRI,HCLU,HH2000,ESTELLE MAERSK,532W,292861395,186512627,Pending,N,CNNGB,CNNGB,NLRTM,NLRTM,CYP/CYP,08-Aug,,40HCx2,2,,,,,2.25,,,,,,,,,,,Yes,,,Triumph,Ningbo,Bkg Agnt,Yes,31-Jul, 18.00 ,0,,,,,,
AP > EU,AP,EU,CN,CN E.,32,TRI,HCLU,HH2000,ESTELLE MAERSK,532W,292861394,186512653,Pending,N,CNNGB,CNNGB,NLRTM,NLRTM,CYP/CYP,08-Aug,09-Aug,40HCx2,2,40HCx2,2,09-Jul,,2.25,2.25,,,,,,,09-Aug,15-Sep,09-Jul,Yes,,,Triumph,Ningbo,Bkg Agnt,Yes,31-Jul, 18.00 ,0,,,,,,
AP > EU,AP,EU,CN,CN E.,32,HOD,MAEU,90-0090,ESTELLE MAERSK,532W,292861392,186512790,Pending,N,CNNGB,CNNGB,NLRTM,NLRTM,CYP/CYP,08-Aug,,40HCx1,1,,,,,1.125,,,,,,,,,,,Yes,,,Home Depot,Ningbo,Bkg Agnt,Yes,01-Aug, 18.00 ,0,,,,,,
AP > EU,AP,EU,CN,CN E.,32,COS,MAEU,90-0090,ESTELLE MAERSK,532W,292861440,186605681,Pending,N,CNNGB,CNNGB,NLRTM,NLRTM,CYP/CYP,08-Aug,,40HCx3,3,,,,,3.375,,,,,,,,,,,Yes,,,Costco,Ningbo,Bkg Agnt,Yes,31-Jul, 15.00 ,0,,,,,,
AP > EU,AP,EU,CN,CN E.,32,TRI,MAEU,90-0090,ESTELLE MAERSK,532W,292861484,186624133,Pending,N,CNNGB,CNNGB,NLRTM,NLRTM,CYP/CYP,08-Aug,,40HCx2,2,,,,,2.25,,,,,,,,,,,Yes,,,Triumph,Ningbo,Bkg Agnt,Yes,31-Jul, 15.00 ,0,,,,,,
AP > EU,AP,EU,CN,CN E.,32,HOD,MAEU,90-0090,ESTELLE MAERSK,532W,264319062,186512583,Canceled by carrier,N,CNNGB,CNNGB,NLRTM,NLRTM,CYP/CYP,08-Aug,,40HCx6,6,,,09-Jul,1,6.75,,,,,,,,,,,Yes,,,Home Depot,Ningbo,Bkg Agnt,Yes,31-Jul, 18.00 ,-45847,,,,,,
AP > EU,AP,EU,CN,CN E.,32,HMH,MAEU,90-0080,MORTEN MAERSK,330W,228844904,185485947,Confirmed,Y,CNSHA,CNSHA,DEBRV,DEHBO,CYP/D,08-Aug,11-Aug,40HCx1,1,40HCx1,1,31-Jul,2,1.125,1.125,,,,,,,10-Aug,13-Sep,30-Jun,Yes,,,H&M Home,Shanghai,Direct,Yes,,,-31,,,,,,
AP > EU,AP,EU,CN,CN E.,32,HMH,MAEU,90-0080,MORTEN MAERSK,330W,228844908,185485954,Confirmed,Y,CNSHA,CNSHA,DEBRV,DEHBO,CYP/D,08-Aug,11-Aug,40GPx1,1,40GPx1,1,01-Aug,3,1,1,,,,,,,10-Aug,13-Sep,30-Jun,Yes,,,H&M Home,Shanghai,Direct,Yes,,,-32,,,,,,
AP > EU,AP,EU,CN,CN E.,32,HMH,MAEU,90-0080,MORTEN MAERSK,330W,228845002,185486020,Confirmed,Y,CNSHA,CNSHA,DEBRV,DEHBO,CYP/D,08-Aug,11-Aug,40HCx1,1,40HCx1,1,31-Jul,2,1.125,1.125,,,,,,,10-Aug,13-Sep,30-Jun,Yes,,,H&M Home,Shanghai,Direct,Yes,,,-31,,,,,,
AP > EU,AP,EU,CN,CN E.,32,HMH,MAEU,90-0080,MORTEN MAERSK,330W,228845004,185486022,Confirmed,Y,CNSHA,CNSHA,DEBRV,DEHBO,CYP/D,08-Aug,11-Aug,40HCx1,1,40HCx1,1,31-Jul,2,1.125,1.125,,,,,,,10-Aug,13-Sep,30-Jun,Yes,,,H&M Home,Shanghai,Direct,Yes,,,-31,,,,,,
AP > EU,AP,EU,CN,CN E.,32,HMH,MAEU,90-0080,MORTEN MAERSK,330W,228845005,185486024,Confirmed,Y,CNSHA,CNSHA,DEBRV,DEHBO,CYP/D,08-Aug,11-Aug,40HCx1,1,40HCx1,1,31-Jul,2,1.125,1.125,,,,,,,10-Aug,13-Sep,30-Jun,Yes,,,H&M Home,Shanghai,Direct,Yes,,,-31,,,,,,
AP > EU,AP,EU,CN,CN E.,32,HMH,MAEU,90-0080,MORTEN MAERSK,330W,228845007,185486031,Confirmed,Y,CNSHA,CNSHA,DEBRV,DEHBO,CYP/D,08-Aug,11-Aug,40HCx1,1,40HCx1,1,31-Jul,2,1.125,1.125,,,,,,,10-Aug,13-Sep,30-Jun,Yes,,,H&M Home,Shanghai,Direct,Yes,,,-31,,,,,,
AP > EU,AP,EU,CN,CN E.,32,HMH,MAEU,90-0080,MORTEN MAERSK,330W,228845010,185486042,Confirmed,Y,CNSHA,CNSHA,DEBRV,DEHBO,CYP/D,08-Aug,11-Aug,40HCx1,1,40HCx1,1,31-Jul,2,1.125,1.125,,,,,,,10-Aug,13-Sep,30-Jun,Yes,,,H&M Home,Shanghai,Direct,Yes,,,-31,,,,,,
AP > NA,AP,NA,CN,CN E.,32,NEW,CMDU,89-0000,EVER FRANK,1076-015E,NGP0404122,185685254,Confirmed,N," - , ",CNNGB,USLAX,USLAX,CYP/CYP,08-Aug,08-Aug,40HCx1,1,40HCx1,1,13-Jul,1,1.125,1.125,,,,,,,08-Aug,15-Sep,13-Jul,Yes,,,Newell Brands Distribution,Ningbo,Bkg Agnt,Yes,,,0,,,,,,
AP > NA,AP,NA,CN,CN E.,32,NIK,EGLV,SC50089,EVER FRANK,1076-015E,EGLV143370387474,186177734,Confirmed,N,CNNGB,CNNGB,USLAX,USLAX,CYP/CYP,08-Aug,08-Aug,40HCx2,2,40HCx2,2,17-Jul,1,2.25,2.25,,,,,,,08-Aug,08-Aug,17-Jul,Yes,,,Nike,Ningbo,Bkg Agnt,Yes,,,0,,,,,,
AP > NA,AP,NA,CN,CN E.,32,NIK,EGLV,SC50089,EVER FRANK,1076-015E,EGLV143370387482,186177789,Confirmed,N,CNNGB,CNNGB,USLAX,USLAX,CYP/CYP,08-Aug,08-Aug,40HCx3,3,40HCx3,3,17-Jul,1,3.375,3.375,,,,,,,08-Aug,08-Aug,17-Jul,Yes,,,Nike,Ningbo,Bkg Agnt,Yes,,,0,,,,,,
AP > NA,AP,NA,CN,CN E.,32,NIK,EGLV,SC50089,EVER FRANK,1076-015E,EGLV143370387491,186177838,Confirmed,N,CNNGB,CNNGB,USLAX,USLAX,CYP/CYP,08-Aug,08-Aug,40HCx2,2,40HCx2,2,17-Jul,1,2.25,2.25,,,,,,,08-Aug,08-Aug,17-Jul,Yes,,,Nike,Ningbo,Bkg Agnt,Yes,,,0,,,,,,
AP > NA,AP,NA,CN,CN E.,32,NEW,CMDU,89-0000,CSCL SOUTH CHINA SEA,063E,NGP0428691,186325631,Confirmed,Y," - , ",CNNGB,USLGB,USLGB,CYP/CYP,08-Aug,15-Aug,40HCx2,2,40HCx2,2,01-Aug,1,2.25,2.25,,,,,,,15-Aug,01-Sep,01-Aug,Yes,,,Newell Brands Distribution,Ningbo,Bkg Agnt,Yes,,,0,,,,,,
AP > NA,AP,NA,CN,CN E.,32,NEW,CMDU,89-0000,EVER FRANK,1076-015E,NGP0428687,186379436,Confirmed,N," - , ",CNNGB,USLAX,USKCK,CYP/CYP,08-Aug,08-Aug,40GPx2,2,40GPx2,2,24-Jul,1,2,2,,,,,,,08-Aug,28-Aug,24-Jul,Yes,,,Newell Brands Distribution,Ningbo,Bkg Agnt,Yes,,,0,,,,,,
AP > NA,AP,NA,CN,CN E.,32,NEW,CMDU,89-0000,EVER FRANK,1076-015E,NGP0428690,186379644,Confirmed,N," - , ",CNNGB,USLAX,USKCK,CYP/CYP,08-Aug,08-Aug,40HCx1,1,40HCx1,1,24-Jul,1,1.125,1.125,,,,,,,08-Aug,28-Aug,24-Jul,Yes,,,Newell Brands Distribution,Ningbo,Bkg Agnt,Yes,,,0,,,,,,
AP > NA,AP,NA,CN,CN E.,32,NEW,CMDU,89-0000,EVER FRANK,1076-015E,NGP0428688,186379650,Confirmed,N," - , ",CNNGB,USLAX,USKCK,CYP/CYP,08-Aug,08-Aug,40HCx1,1,40HCx1,1,24-Jul,1,1.125,1.125,,,,,,,08-Aug,28-Aug,24-Jul,Yes,,,Newell Brands Distribution,Ningbo,Bkg Agnt,Yes,,,0,,,,,,
AP > NA,AP,NA,CN,CN E.,32,NEW,CMDU,89-0000,COSCO PORTUGAL,059E,CHN0446976,186389236,Confirmed,N,CNSHA,CNSHA,USLGB,USLGB,CYP/CYP,08-Aug,08-Aug,40HCx4,4,40HCx4,4,19-Jul,1,4.5,4.5,,,,,,,08-Aug,,19-Jul,Yes,,,Newell Brands Distribution,Shanghai,Bkg Agnt,Yes,,,0,,,,,,
AP > NA,AP,NA,CN,CN E.,32,NEW,CMDU,89-0000,EVER FRANK,1076-015E,214491821,186392047,Confirmed,N," - , ",CNNGB,USLAX,USKTO,CYP/D,08-Aug,08-Aug,40HCx1,1,40HCx1,1,19-Jul,1,1.125,1.125,,,,,,,08-Aug,01-Sep,19-Jul,Yes,,,Newell Brands Distribution,Ningbo,Bkg Agnt,Yes,,,0,,,,,,
AP > NA,AP,NA,CN,CN E.,32,NEW,MSCU,25-970GA,DALI,331N,177QSYSYS01018,186396614,Confirmed,N,CNSHA,CNSHA,USLAX,USKCK,CYP/RR,08-Aug,08-Aug,40HCx1,1,40HCx1,1,20-Jul,1,1.125,1.125,,,,,,,08-Aug,,20-Jul,Yes,,,Newell Brands Distribution,Shanghai,Bkg Agnt,Yes,,,0,,,,,,
AP > NA,AP,NA,CN,CN E.,32,COS,MSCU,25-001WW,MAERSK ALGOL,331N,177QSYSYS01023,186458731,Confirmed,Y,CNSHA,CNSHA,USLAX,USLAX,CYP/CYP,08-Aug,02-Aug,"40GPx3, 45HCx1",4,"40GPx3, 45HCx1",4,04-Aug,7,4.265,4.265,,,,,,,08-Aug,,01-Aug,Yes,,,Costco,Shanghai,Bkg Agnt,Yes,,,-3,,,,,,
AP > NA,AP,NA,CN,CN E.,32,WAL,MSCU,25-001WW,MAERSK ALGOL,331N,177QSYSYS01024,186458867,Confirmed,Y,CNSHA,CNSHA,USLAX,USLAX,CYP/CYP,08-Aug,02-Aug,40HCx4,4,40HCx4,4,03-Aug,7,4.5,4.5,,,,,,,08-Aug,,01-Aug,Yes,,,Walmart,Shanghai,Bkg Agnt,Yes,,,-2,,,,,,
AP > NA,AP,NA,CN,CN E.,32,DEC,MSCU,25-001WW,MAERSK ALGOL,331N,177QSYSYS01026,186459405,Confirmed,Y,CNSHA,CNSHA,USLAX,USLAX,CYP/CYP,08-Aug,02-Aug,"40HCx1, 45HCx1",2,"40HCx1, 45HCx1",2,03-Aug,6,2.39,2.39,,,,,,,08-Aug,,01-Aug,Yes,,,Decathlon,Shanghai,Bkg Agnt,Yes,,,-2,,,,,,
AP > NA,AP,NA,CN,CN E.,32,DEC,MSCU,25-001WW,MAERSK ALGOL,331N,177QSYSYS01027,186459580,Confirmed,Y,CNSHA,CNSHA,USLAX,USLAX,CYP/CYP,08-Aug,02-Aug,45HCx1,1,45HCx1,1,03-Aug,6,1.265,1.265,,,,,,,08-Aug,,01-Aug,Yes,,,Decathlon,Shanghai,Bkg Agnt,Yes,,,-2,,,,,,
AP > NA,AP,NA,CN,CN E.,32,DEC,MSCU,25-001WW,MAERSK ALGOL,331N,177QSYSYS01025,186459625,Confirmed,Y,CNSHA,CNSHA,USLAX,USLAX,CYP/CYP,08-Aug,02-Aug,40GPx3,3,40GPx3,3,04-Aug,7,3,3,,,,,,,08-Aug,,01-Aug,Yes,,,Decathlon,Shanghai,Bkg Agnt,Yes,,,-3,,,,,,
AP > NA,AP,NA,CN,CN E.,32,HOD,EGLV,SC50089,EVER FRANK,1076-015E,EGLV143370388047,186513206,Pending,N,CNNGB,CNNGB,USLAX,USLAX,CYP/CYP,08-Aug,,40HCx1,1,,,,1,1.125,,,,,,,,,,,Yes,,,Home Depot,Ningbo,Bkg Agnt,Yes,,,0,,,,,,
AP > NA,AP,NA,CN,CN E.,32,HOD,EGLV,SC50089,EVER FRANK,1076-015E,EGLV143370388102,186513450,Pending,N,CNNGB,CNNGB,USLAX,USLAX,CYP/CYP,08-Aug,,40HCx1,1,,,,1,1.125,,,,,,,,,,,Yes,,,Home Depot,Ningbo,Bkg Agnt,Yes,,,0,,,,,,
AP > NA,AP,NA,CN,CN E.,32,NIK,EGLV,SC50089,EVER FRANK,1076-015E,EGLV143370387997,186526680,Pending,N,CNNGB,CNNGB,USLAX,USLAX,CYP/CYP,08-Aug,,40GPx2,2,,,,1,2,,,,,,,,,,,Yes,,,Nike,Ningbo,Bkg Agnt,Yes,,,0,,,,,,
AP > NA,AP,NA,CN,CN E.,32,COS,COSU,SSM25008,EVER FRANK,1076-015E,TSL202307210985,186539836,Pending,N,CNNGB,CNNGB,USLAX,USLAX,CYP/CYP,08-Aug,,40GPx1,1,,,,1,1,,,,,,,,,,,Yes,,,Costco,Ningbo,Bkg Agnt,Yes,,,0,,,,,,
AP > NA,AP,NA,CN,CN E.,32,LEN,COSU,SSM25008,EVER FRANK,1076-015E,TSL202307210987,186539887,Pending,N,CNNGB,CNNGB,USLAX,USLAX,CYP/CYP,08-Aug,,40HCx1,1,,,,1,1.125,,,,,,,,,,,Yes,,,Lenovo,Ningbo,Bkg Agnt,Yes,,,0,,,,,,
AP > NA,AP,NA,CN,CN E.,32,LEN,COSU,SSM25008,EVER FRANK,1076-015E,TSL202307210986,186539957,Pending,N,CNNGB,CNNGB,USLAX,USLAX,CYP/CYP,08-Aug,,40HCx1,1,,,,1,1.125,,,,,,,,,,,Yes,,,Lenovo,Ningbo,Bkg Agnt,Yes,,,0,,,,,,
AP > NA,AP,NA,CN,CN E.,32,LEN,COSU,SSM25008,EVER FRANK,1076-015E,TSL202307210989,186540086,Pending,N,CNNGB,CNNGB,USLAX,USLAX,CYP/CYP,08-Aug,,40GPx1,1,,,,1,1,,,,,,,,,,,Yes,,,Lenovo,Ningbo,Bkg Agnt,Yes,,,0,,,,,,
AP > NA,AP,NA,CN,CN E.,32,LEN,COSU,SSM25008,EVER FRANK,1076-015E,COSU6361812210,186540147,Pending,N,CNNGB,CNNGB,USLAX,USLAX,CYP/CYP,08-Aug,,40HCx1,1,,,,1,1.125,,,,,,,,,,,Yes,,,Lenovo,Ningbo,Bkg Agnt,Yes,,,0,,,,,,
AP > NA,AP,NA,CN,CN E.,32,DEC,COSU,SSM25008,CSCL EAST CHINA SEA,058E,TSL202307240107,186591875,Pending,N,CNNGB,CNNGB,USLGB,USLGB,CYP/CYP,08-Aug,,45HCx1,1,,,,1,1.265,,,,,,,,,,,Yes,,,Decathlon,Ningbo,Bkg Agnt,Yes,,,0,,,,,,
AP > NA,AP,NA,CN,CN E.,32,DEC,COSU,SSM25008,CSCL EAST CHINA SEA,058E,TSL202307240104,186591935,Pending,N,CNNGB,CNNGB,USLGB,USLGB,CYP/CYP,08-Aug,,40HCx4,4,,,,1,4.5,,,,,,,,,,,Yes,,,Decathlon,Ningbo,Bkg Agnt,Yes,,,0,,,,,,
AP > NA,AP,NA,CN,CN E.,32,WAL,COSU,SSM25008,CSCL EAST CHINA SEA,058E,TSL202307240105,186591982,Pending,N,CNNGB,CNNGB,USLGB,USLGB,CYP/CYP,08-Aug,,45HCx1,1,,,,1,1.265,,,,,,,,,,,Yes,,,Walmart,Ningbo,Bkg Agnt,Yes,,,0,,,,,,
AP > NA,AP,NA,CN,CN E.,32,WAL,COSU,SSM25008,CSCL EAST CHINA SEA,058E,TSL202307240106,186591992,Pending,N,CNNGB,CNNGB,USLGB,USLGB,CYP/CYP,08-Aug,,45HCx1,1,,,,1,1.265,,,,,,,,,,,Yes,,,Walmart,Ningbo,Bkg Agnt,Yes,,,0,,,,,,
AP > NA,AP,NA,CN,CN E.,32,LEN,COSU,SSM25008,CSCL EAST CHINA SEA,058E,TSL202307240131,186592036,Pending,N,CNNGB,CNNGB,USLGB,USLGB,CYP/CYP,08-Aug,,"40HCx1, 45HCx2",3,,,,1,3.655,,,,,,,,,,,Yes,,,Lenovo,Ningbo,Bkg Agnt,Yes,,,0,,,,,,
AP > NA,AP,NA,CN,CN E.,32,LEN,COSU,SSM25008,CSCL EAST CHINA SEA,058E,TSL202307240130,186592069,Pending,N,CNNGB,CNNGB,USLGB,USLGB,CYP/CYP,08-Aug,,40HCx1,1,,,,1,1.125,,,,,,,,,,,Yes,,,Lenovo,Ningbo,Bkg Agnt,Yes,,,0,,,,,,
AP > NA,AP,NA,CN,CN E.,32,LEN,COSU,SSM25008,CSCL EAST CHINA SEA,058E,TSL202307240132,186592085,Pending,N,CNNGB,CNNGB,USLGB,USLGB,CYP/CYP,08-Aug,,"40GPx1, 40HCx1",2,,,,1,2.125,,,,,,,,,,,Yes,,,Lenovo,Ningbo,Bkg Agnt,Yes,,,0,,,,,,
AP > NA,AP,NA,CN,CN E.,32,COS,COSU,SSM25008,CSCL EAST CHINA SEA,058E,TSL202307240129,186592150,Pending,N,CNNGB,CNNGB,USLGB,USLGB,CYP/CYP,08-Aug,,40GPx2,2,,,,1,2,,,,,,,,,,,Yes,,,Costco,Ningbo,Bkg Agnt,Yes,,,0,,,,,,
AP > NA,AP,NA,CN,CN E.,32,HOD,COSU,SSM25008,CSCL EAST CHINA SEA,058E,TSL202307240134,186592183,Pending,N,CNNGB,CNNGB,USLGB,USLGB,CYP/CYP,08-Aug,,40HCx1,1,,,,1,1.125,,,,,,,,,,,Yes,,,Home Depot,Ningbo,Bkg Agnt,Yes,,,0,,,,,,
AP > NA,AP,NA,CN,CN E.,32,HOD,COSU,SSM25008,CSCL EAST CHINA SEA,058E,TSL202307240133,186592290,Pending,N,CNNGB,CNNGB,USLGB,USLGB,CYP/CYP,08-Aug,,40HCx1,1,,,,1,1.125,,,,,,,,,,,Yes,,,Home Depot,Ningbo,Bkg Agnt,Yes,,,0,,,,,,
AP > NA,AP,NA,CN,CN E.,32,HOD,COSU,SSM25008,CSCL EAST CHINA SEA,058E,TSL202307240135,186592326,Canceled by carrier,N,CNNGB,CNNGB,USLGB,USLGB,CYP/CYP,08-Aug,,40GPx1,1,,,,,1,,,,,,,,,,,Yes,,,Home Depot,Ningbo,Bkg Agnt,No,,,0,,,,,,
AP > NA,AP,NA,CN,CN E.,32,HOD,COSU,SSM25008,CSCL EAST CHINA SEA,058E,TSL202307240159,186592339,Pending,N,CNNGB,CNNGB,USLGB,USLGB,CYP/CYP,08-Aug,,45HCx2,2,,,,1,2.53,,,,,,,,,,,Yes,,,Home Depot,Ningbo,Bkg Agnt,Yes,,,0,,,,,,
AP > NA,AP,NA,CN,CN E.,32,COS,EGLV,SC50089,EVER FRANK,1076-015E,EGLV143370388225,186606121,Pending,N,CNNGB,CNNGB,USLAX,USLAX,CYP/CYP,08-Aug,,40HCx4,4,,,,1,4.5,,,,,,,,,,,Yes,,,Costco,Ningbo,Bkg Agnt,Yes,,,0,,,,,,
AP > NA,AP,NA,VN,VN N.,32,BBY,MSCU,25-970GA,MSC ELENI,331A,643IN2327332,186664799,Pending,N,VNHPH,VNHPH,USLAX,USLAX,CYP/CYP,08-Aug,,20GPx1,1,,,,1,0.5,,,,,,,,,,,Yes,,,Best Buy,Vietnam,Direct,Yes,,,0,,,,,,
AP > NA,AP,NA,CN,CN E.,32,WAL,EGLV,SC50089,EVER FRANK,1076-015E,EGLV143370388365,186822064,Canceled by carrier,N,CNNGB,CNNGB,USLAX,USLAX,CYP/CYP,08-Aug,,40GPx1,1,,,,,1,,,,,,,,,,,Yes,,,Walmart,Ningbo,Bkg Agnt,No,,,0,,,,,,
AP > NA,AP,NA,CN,CN E.,32,TES,COSU,SSM25008,CSCL EAST CHINA SEA,058E,TSL202307280110,186873935,Pending,N,CNNGB,CNNGB,USLGB,USLGB,CYP/CYP,08-Aug,,45HCx1,1,,,,1,1.265,,,,,,,,,,,Yes,,,Tesla,Ningbo,Bkg Agnt,Yes,,,0,,,,,,
AP > NA,AP,NA,VN,VN N.,32,BBY,MSCU,25-970GA,MSC SINDY,332A,643IN2327969,186882053,Pending,N,VNHPH,VNHPH,USLGB,USLGB,CYP/CYP,08-Aug,,40HCx6,6,,,,1,6.75,,,,,,,,,,,Yes,,,Best Buy,Vietnam,Direct,Yes,,,0,,,,,,
AP > NA,AP,NA,CN,CN E.,32,NEW,CMDU,89-0000,COSCO PACIFIC,084E,CHN0470657,186891804,Pending,N,CNSHA,CNSHA,USLGB,USKCK,CYP/RR,08-Aug,,40HCx4,4,,,,3,4.5,,,,,,,,,,,Yes,,,Newell Brands Distribution,Shanghai,Bkg Agnt,Yes,,,0,,,,,,
AP > EU,AP,EU,IN,IN S.,32,HMH,MAEU,90-0080,CAPE FLINT,362S,229816205,186931790,Pending,N,INTUT,INTUT,DEHAM,DEHAM,CYP/CYP,08-Aug,,40HCx1,1,,,,3,1.125,,,,,,,,,,,Yes,EVELYN MAERSK,329W,H&M Home,India,Direct,Yes,,,0,,,,,,
AP > NA,AP,NA,CN,CN E.,32,STA,EGLV,SC50089,EVER FRANK,1076-015E,EGLV143370388412,186959602,Canceled by carrier,N,CNNGB,CNNGB,USLAX,USLAX,CYP/CYP,08-Aug,,"40GPx3, 40HCx1",4,,,,,4.125,,,,,,,,,,,No,,,Starbucks,Ningbo,Bkg Agnt,No,,,0,,,,,,
AP > NA,AP,NA,CN,CN E.,32,WAL,COSU,SSM25008,CSCL EAST CHINA SEA,058E,COSU6362258060,186976820,Pending,N,CNNGB,CNNGB,USLGB,USLGB,CYP/CYP,08-Aug,,40GPx1,1,,,,1,1,,,,,,,,,,,Yes,,,Walmart,Ningbo,Bkg Agnt,Yes,,,0,,,,,,
AP > NA,AP,NA,CN,CN E.,32,WAL,COSU,SSM25008,CSCL EAST CHINA SEA,058E,COSU6362257820,186977064,Pending,N,CNNGB,CNNGB,USLGB,USLGB,CYP/CYP,08-Aug,,40GPx1,1,,,,1,1,,,,,,,,,,,Yes,,,Walmart,Ningbo,Bkg Agnt,Yes,,,0,,,,,,
AP > NA,AP,NA,CN,CN E.,32,STA,MSCU,25-001WW,MAERSK ALGOL,331N,177QSYSYS01047,187032870,Canceled by carrier,N,CNSHA,CNSHA,USLAX,USLAX,CYP/CYP,08-Aug,,40HCx1,1,,,,,1.125,,,,,,,,,,,Yes,,,Starbucks,Shanghai,Bkg Agnt,No,,,0,,,,,,
AP > NA,AP,NA,CN,CN E.,32,COS,CMDU,89-0000,,,XIA1180357,186029803,Confirmed,N,CNXMN,CNXMN,USLAX,USLAX,CYP/CYP,09-Aug,09-Aug,40HCx1,1,40HCx1,1,12-Jul,1,1.125,1.125,,,,,,,09-Aug,27-Aug,12-Jul,Yes,,,Costco,Xiamen,Bkg Agnt,Yes,,,0,,,,,,
AP > NA,AP,NA,CN,CN E.,32,COS,CMDU,89-0000,,,MATS1802861000,186087461,Confirmed,Y,CNXMN,CNXMN,USLAX,USLAX,CYP/CYP,09-Aug,05-Aug,40HCx2,2,40HCx2,2,26-Jul,2,2.25,2.25,,,,,,,09-Aug,27-Aug,13-Jul,Yes,,,Costco,Xiamen,Bkg Agnt,Yes,,,-13,,,,,,
AP > NA,AP,NA,CN,CN E.,32,NEW,CMDU,89-0000,,,XIA1183776,186380382,Confirmed,N,CNXMN,CNXMN,USLAX,USKCK,CYP/CYP,09-Aug,09-Aug,40GPx2,2,40GPx2,2,19-Jul,1,2,2,,,,,,,09-Aug,27-Aug,19-Jul,Yes,,,Newell Brands Distribution,Xiamen,Bkg Agnt,Yes,,,0,,,,,,
AP > NA,AP,NA,CN,CN E.,32,LEN,COSU,SSM25008,,,6361664160,186456868,Confirmed,N,CNXMN,CNXMN,USLAX,USLAX,CYP/CYP,09-Aug,09-Aug,45HCx1,1,45HCx1,1,20-Jul,1,1.265,1.265,,,,,,,09-Aug,27-Aug,20-Jul,Yes,,,Lenovo,Xiamen,Bkg Agnt,Yes,,,0,,,,,,
AP > NA,AP,NA,CN,CN E.,32,TRI,MAEU,90-0090,MSC BEATRICE,331N,292861391,186512726,Canceled by carrier,N,CNNGB,CNNGB,USLGB,USLGB,CYP/CYP,09-Aug,,40GPx1,1,,,,,1,,,,,,,,,,,Yes,,,Triumph,Ningbo,Bkg Agnt,Yes,,,0,,,,,,
AP > NA,AP,NA,CN,CN E.,32,NIK,MSCU,25-970GA,MSC BEATRICE,331N,177UGLGLN31898A,186526551,Pending,N,CNNGB,CNNGB,USLGB,USLGB,CYP/CYP,09-Aug,,40HCx3,3,,,,1,3.375,,,,,,,,,,,Yes,,,Nike,Ningbo,Bkg Agnt,Yes,,,0,,,,,,
AP > NA,AP,NA,CN,CN E.,32,NIK,MSCU,25-970GA,MSC BEATRICE,331N,177UGLGLN31899A,186526602,Confirmed,N,CNNGB,CNNGB,USLGB,USLGB,CYP/CYP,09-Aug,09-Aug,40GPx1,1,40GPx1,1,31-Jul,1,1,1,,,,,,,09-Aug,,31-Jul,Yes,,,Nike,Ningbo,Bkg Agnt,Yes,,,0,,,,,,
AP > NA,AP,NA,CN,CN E.,32,COS,MSCU,25-001WW,MSC BEATRICE,331N,177UGLGLN31922A,186605300,Canceled by carrier,N,CNNGB,CNNGB,USLGB,USLGB,CYP/CYP,09-Aug,,40GPx1,1,,,,,1,,,,,,,,,,,Yes,,,Costco,Ningbo,Bkg Agnt,Yes,,,0,,,,,,
AP > NA,AP,NA,CN,CN E.,32,TRI,MSCU,25-001WW,MSC EVA,331N,177UGLGLN31916A,186676789,Pending,N,CNNGB,CNNGB,USLGB,USLGB,CYP/CYP,09-Aug,,40HCx1,1,,,,1,1.125,,,,,,,,,,,Yes,,,Triumph,Ningbo,Bkg Agnt,Yes,,,0,,,,,,
AP > NA,AP,NA,CN,CN E.,32,DEC,MSCU,25-001WW,MSC EVA,331N,177UGLGLN31917A,186676800,Pending,N,CNNGB,CNNGB,USLGB,USLGB,CYP/CYP,09-Aug,,40HCx2,2,,,,1,2.25,,,,,,,,,,,Yes,,,Decathlon,Ningbo,Bkg Agnt,Yes,,,0,,,,,,
AP > NA,AP,NA,CN,CN E.,32,DEC,MSCU,25-001WW,MSC EVA,331N,177UGLGLN31915A,186676807,Pending,N,CNNGB,CNNGB,USLGB,USLGB,CYP/CYP,09-Aug,,40HCx2,2,,,,1,2.25,,,,,,,,,,,Yes,,,Decathlon,Ningbo,Bkg Agnt,Yes,,,0,,,,,,
AP > NA,AP,NA,CN,CN E.,32,DEC,MSCU,25-001WW,MSC EVA,331N,177UGLGLN31914A,186676831,Pending,N,CNNGB,CNNGB,USLGB,USLGB,CYP/CYP,09-Aug,,40HCx1,1,,,,1,1.125,,,,,,,,,,,Yes,,,Decathlon,Ningbo,Bkg Agnt,Yes,,,0,,,,,,
AP > NA,AP,NA,CN,CN E.,32,LEN,MSCU,25-001WW,MSC EVA,331N,177UGLGLN31913A,186676874,Pending,N,CNNGB,CNNGB,USLGB,USLGB,CYP/CYP,09-Aug,,40HCx2,2,,,,1,2.25,,,,,,,,,,,Yes,,,Lenovo,Ningbo,Bkg Agnt,Yes,,,0,,,,,,
AP > NA,AP,NA,CN,CN E.,32,LEN,MSCU,25-001WW,MSC EVA,331N,177UGLGLN31912A,186676879,Pending,N,CNNGB,CNNGB,USLGB,USLGB,CYP/CYP,09-Aug,,40HCx2,2,,,,1,2.25,,,,,,,,,,,Yes,,,Lenovo,Ningbo,Bkg Agnt,Yes,,,0,,,,,,
AP > NA,AP,NA,CN,CN E.,32,LEN,MSCU,25-001WW,MSC EVA,331N,177UGLGLN31910A,186676895,Pending,N,CNNGB,CNNGB,USLGB,USLGB,CYP/CYP,09-Aug,,40HCx1,1,,,,1,1.125,,,,,,,,,,,Yes,,,Lenovo,Ningbo,Bkg Agnt,Yes,,,0,,,,,,
AP > NA,AP,NA,CN,CN E.,32,HOD,MSCU,25-001WW,MSC EVA,331N,177UGLGLN31911A,186676941,Pending,N,CNNGB,CNNGB,USLGB,USLGB,CYP/CYP,09-Aug,,40HCx4,4,,,,1,4.5,,,,,,,,,,,Yes,,,Home Depot,Ningbo,Bkg Agnt,Yes,,,0,,,,,,
AP > NA,AP,NA,CN,CN E.,32,HOD,MSCU,25-001WW,MSC BEATRICE,331N,177UGLGLN31908A,186676989,Canceled by carrier,N,CNNGB,CNNGB,USLGB,USLGB,CYP/CYP,09-Aug,,40GPx2,2,,,,,2,,,,,,,,,,,No,,,Home Depot,Ningbo,Bkg Agnt,No,,,0,,,,,,
AP > NA,AP,NA,CN,CN E.,32,HOD,MSCU,25-001WW,MSC EVA,331N,177UGLGLN31909A,186677025,Pending,N,CNNGB,CNNGB,USLGB,USLGB,CYP/CYP,09-Aug,,45HCx1,1,,,,1,1.265,,,,,,,,,,,Yes,,,Home Depot,Ningbo,Bkg Agnt,Yes,,,0,,,,,,
AP > NA,AP,NA,CN,CN E.,32,WAL,MSCU,25-001WW,MSC EVA,331N,177UGLGLN31918A,186677049,Pending,N,CNNGB,CNNGB,USLGB,USLGB,CYP/CYP,09-Aug,,45HCx1,1,,,,1,1.265,,,,,,,,,,,Yes,,,Walmart,Ningbo,Bkg Agnt,Yes,,,0,,,,,,
AP > NA,AP,NA,CN,CN E.,32,WAL,MAEU,90-0090,MSC BEATRICE,331N,292861679,186753859,Pending,N,CNNGB,CNNGB,USLGB,USLGB,CYP/CYP,09-Aug,,40GPx2,2,,,,1,2,,,,,,,,,,,Yes,,,Walmart,Ningbo,Bkg Agnt,Yes,,,0,,,,,,
AP > NA,AP,NA,VN,VN S.,32,NEW,CMDU,89-0000,CMA CGM HERMES,1TU2GE1MA,SGN1905381,186931118,Pending,N,VNSGN,VNVUT,USLAX,USICT,CYP/D,09-Aug,,40HCx1,1,,,,2,1.125,,,,,,,,,,,Yes,,,Newell Brands Distribution,Vietnam,Direct,Yes,,,0,,,,,,
AP > NA,AP,NA,CN,CN E.,32,STA,MAEU,90-0090,MSC BEATRICE,331N,292862125,186959541,Pending,N,CNNGB,CNNGB,USLGB,USLGB,CYP/CYP,09-Aug,,"40GPx3, 40HCx1",4,,,,1,4.125,,,,,,,,,,,Yes,,,Starbucks,Ningbo,Bkg Agnt,Yes,,,0,,,,,,
AP > NA,AP,NA,CN,CN E.,32,HOD,COSU,SSM25008,,,6362719960,186961083,Pending,N,CNXMN,CNXMN,USLAX,USLAX,CYP/CYP,09-Aug,,"40HCx1, 45HCx2",3,,,,1,3.655,,,,,,,,,,,Yes,,,Home Depot,Xiamen,Bkg Agnt,Yes,,,0,,,,,,
AP > NA,AP,NA,CN,CN E.,32,COS,COSU,SSM25008,,,MATS8979024000,185383516,Confirmed,N,CNXMN,CNXMN,USLGB,USLGB,CYP/CYP,10-Aug,12-Aug,40HCx3,3,40HCx3,3,02-Aug,2,3.375,3.375,,,,,,,09-Aug,27-Aug,29-Jun,Yes,,,Costco,Xiamen,Bkg Agnt,Yes,,,-34,,,,,,
AP > NA,AP,NA,CN,CN S.,32,NIK,HDMU,CA235001,YM WELLNESS,035E,HKGM94410800,185966000,Canceled by carrier,N,CNYTN,CNYTN,USLAX,USLAX,CYP/CYP,10-Aug,,40HCx1,1,,,,,1.125,,,,,,,,,,,Yes,,,Nike,S.China,Direct,Yes,,,0,,,,,,
AP > NA,AP,NA,CN,CN S.,32,NIK,OOLU,PE2506,COSCO SHIPPING DENALI,033E,2141826380,185978317,Canceled by carrier,N,CNYTN,CNYTN,USLGB,USLGB,CYP/CYP,10-Aug,,40HCx15,15,,,,,16.875,,,,,,,,,,,No,,,Nike,S.China,Direct,No,,,0,,,,,,
AP > NA,AP,NA,CN,CN S.,32,NIK,OOLU,PE2508,COSCO SHIPPING DENALI,033E,2141826450,185978387,Confirmed,N,CNYTN,CNYTN,USLGB,USLGB,CYP/CYP,10-Aug,11-Aug,40HCx2,2,40HCx2,2,03-Aug,10,2.25,2.25,,,,,,,10-Aug,24-Aug,18-Jul,Yes,,,Nike,S.China,Direct,Yes,,,-16,,,,,,
AP > NA,AP,NA,CN,CN S.,32,NIK,OOLU,PE2508,COSCO SHIPPING DENALI,033E,2141865280,186085973,Confirmed,N,CNYTN,CNYTN,USLGB,USLGB,CYP/CYP,10-Aug,11-Aug,40GPx1,1,40GPx1,1,03-Aug,5,1,1,,,,,,,10-Aug,24-Aug,18-Jul,Yes,,,Nike,S.China,Direct,Yes,,,-16,,,,,,
AP > NA,AP,NA,CN,CN S.,32,NIK,OOLU,PE2508,COSCO SHIPPING DENALI,033E,2141865451,186086000,Confirmed,N,CNYTN,CNYTN,USLGB,USLGB,CYP/CYP,10-Aug,11-Aug,20GPx1,1,20GPx1,1,03-Aug,7,0.5,0.5,,,,,,,10-Aug,24-Aug,18-Jul,Yes,,,Nike,S.China,Direct,Yes,,,-16,,,,,,
AP > NA,AP,NA,CN,CN S.,32,BBY,HDMU,CA235001,ONE ALTAIR,0061E,HKGM44665300,186146292,Canceled by carrier,N,CNYTN,CNYTN,USLAX,USLAX,CYP/CYP,10-Aug,,40HCx1,1,,,,,1.125,,,,,,,,,,,Yes,,,Best Buy,S.China,Direct,No,,,0,,,,,,
AP > NA,AP,NA,CN,CN E.,32,BBY,YMLU,Y25-500,YM TROPHY,008E,YMCEXG251704,186177464,Confirmed,N,CNNGB,CNNGB,USLGB,USLGB,CYP/CYP,10-Aug,09-Aug,40GPx1,1,40GPx1,1,27-Jul,1,1,1,,,,,,,09-Aug,,27-Jul,Yes,,,Best Buy,Ningbo,Bkg Agnt,Yes,,,0,,,,,,
AP > NA,AP,NA,CN,CN E.,32,NIK,HDMU,CA235001,YM TROPHY,008E,NBOZ96952600,186234807,Confirmed,N,CNNGB,CNNGB,USLGB,USLGB,CYP/CYP,10-Aug,09-Aug,40HCx6,6,40HCx6,6,17-Jul,1,6.75,6.75,,,,,,,09-Aug,,17-Jul,Yes,,,Nike,Ningbo,Bkg Agnt,Yes,,,0,,,,,,
AP > NA,AP,NA,CN,CN E.,32,NIK,YMLU,Y25-500,YM TROPHY,008E,YMCEXG251793,186235341,Confirmed,N,CNNGB,CNNGB,USLGB,USLGB,CYP/CYP,10-Aug,09-Aug,40HCx6,6,40HCx6,6,27-Jul,1,6.75,6.75,,,,,,,09-Aug,,27-Jul,Yes,,,Nike,Ningbo,Bkg Agnt,Yes,,,0,,,,,,
AP > NA,AP,NA,CN,CN E.,32,BBY,MSCU,25-970GA,DALI,331N,177UGLGLN31875A,186235435,Canceled by carrier,N,CNNGB,CNNGB,USLAX,USLAX,CYP/CYP,10-Aug,,40HCx9,9,,,,,10.125,,,,,,,,,,,No,,,Best Buy,Ningbo,Bkg Agnt,No,,,0,,,,,,
AP > NA,AP,NA,CN,CN S.,32,NEW,CMDU,89-0000,CMA CGM ADONIS,1TU28E1MA,SHZ5646109,186255777,Confirmed,N,CNYTN,CNYTN,USLAX,USKCK,CYP/CYP,10-Aug,10-Aug,"20GPx1, 40HCx1",2,"20GPx1, 40HCx1",2,20-Jul,2,1.625,1.625,,,,,,,10-Aug,25-Aug,20-Jul,Yes,,,Newell Brands Distribution,S.China,Direct,Yes,,,0,,,,,,
AP > NA,AP,NA,CN,CN S.,32,DEC,EGLV,D900070,COSCO SHIPPING DENALI,033E,Received,186264266,Pending,N,CNYTN,CNYTN,USLGB,USLGB,CYP/CYP,10-Aug,,40HCx1,1,,,,,1.125,,,,,,,,,,,No,,,Decathlon,S.China,Direct,No,,,0,,,,,,
AP > NA,AP,NA,CN,CN S.,32,DEC,EGLV,D900070,COSCO SHIPPING DENALI,033E,Received,186264268,Pending,N,CNYTN,CNYTN,USLGB,USLGB,CYP/CYP,10-Aug,,40HCx1,1,,,,,1.125,,,,,,,,,,,No,,,Decathlon,S.China,Direct,No,,,0,,,,,,
AP > NA,AP,NA,CN,CN S.,32,HOD,EGLV,D900070,COSCO SHIPPING DENALI,033E,Received,186264279,Pending,N,CNYTN,CNYTN,USLGB,USLGB,CYP/CYP,10-Aug,,40HCx1,1,,,,,1.125,,,,,,,,,,,No,,,Home Depot,S.China,Direct,No,,,0,,,,,,
AP > NA,AP,NA,CN,CN S.,32,NIK,OOLU,PE2508,COSCO SHIPPING DENALI,033E,2141950200,186320382,Canceled by carrier,N,CNYTN,CNYTN,USLGB,USLGB,CYP/CYP,10-Aug,,20GPx1,1,,,,,0.5,,,,,,,,,,,No,,,Nike,S.China,Direct,No,,,0,,,,,,
AP > NA,AP,NA,CN,CN S.,32,NEW,CMDU,89-0000,CMA CGM ADONIS,1TU28E1MA,SHZ5648145,186321727,Confirmed,Y,CNYTN,CNYTN,USLAX,USLAX,CYP/CYP,10-Aug,10-Aug,40HCx1,1,40GPx1,1,19-Jul,1,1.125,1,,,,,,,10-Aug,25-Aug,19-Jul,Yes,,,Newell Brands Distribution,S.China,Direct,Yes,,,0,,,,,,
AP > NA,AP,NA,CN,CN S.,32,NEW,CMDU,89-0000,CMA CGM ADONIS,1TU28E1MA,SHZ5648236,186323375,Confirmed,N,CNYTN,CNYTN,USLAX,USLAX,CYP/CYP,10-Aug,10-Aug,40HCx1,1,40HCx1,1,18-Jul,1,1.125,1.125,,,,,,,10-Aug,25-Aug,18-Jul,Yes,,,Newell Brands Distribution,S.China,Direct,Yes,,,0,,,,,,
AP > NA,AP,NA,VN,VN S.,32,NEW,CMDU,89-0000,,,TBD,186325915,Pending,N,VNSGN,VNSGN,USLAX,USLAX,CYP/CYP,10-Aug,,20GPx1,1,,,,,0.5,,,,,,,,,,,No,,,Newell Brands Distribution,Vietnam,Direct,No,,,0,,,,,,
AP > NA,AP,NA,CN,CN E.,32,NEW,MSCU,25-970GA,,,TBD,186330669,Pending,N,CNNGB,CNNGB,USLAX,USKTO,CYP/CYP,10-Aug,,40HCx1,1,,,,,1.125,,,,,,,,,,,No,,,Newell Brands Distribution,Ningbo,Bkg Agnt,No,,,0,,,,,,
AP > NA,AP,NA,CN,CN E.,32,NIK,HDMU,CA235001,SEASPAN YANGTZE,0026E,HDMUSHAZ54988000,186334975,Confirmed,N,CNSHA,CNSHA,CAVAN,CAMTR,CYP/CYP,10-Aug,10-Aug,40HCx2,2,40HCx2,2,19-Jul,1,2.25,2.25,,,,,,,10-Aug,,19-Jul,Yes,,,Nike,Shanghai,Bkg Agnt,Yes,,,0,,,,,,
AP > NA,AP,NA,CN,CN E.,32,NIK,HDMU,CA235001,SEASPAN YANGTZE,0026E,HDMUSHAZ54872700,186335061,Confirmed,N,CNSHA,CNSHA,CAVAN,CAEDM,CYP/CYP,10-Aug,11-Aug,40HCx2,2,40HCx2,2,28-Jul,2,2.25,2.25,,,,,,,10-Aug,,21-Jul,Yes,,,Nike,Shanghai,Bkg Agnt,Yes,,,-7,,,,,,
AP > NA,AP,NA,CN,CN E.,32,BBY,HDMU,CA235001,SEASPAN YANGTZE,0026E,HDMUSHAZ55021600,186335157,Confirmed,N,CNSHA,CNSHA,CAVAN,CATOR,CYP/CYP,10-Aug,11-Aug,40HCx2,2,40HCx2,2,28-Jul,2,2.25,2.25,,,,,,,10-Aug,,19-Jul,Yes,,,Best Buy,Shanghai,Bkg Agnt,Yes,,,-9,,,,,,
AP > NA,AP,NA,CN,CN S.,32,NEW,CMDU,89-0000,CMA CGM ADONIS,1TU28E1MA,SHZ5651250,186397453,Confirmed,Y,CNYTN,CNYTN,USLAX,USKCK,CYP/CYP,10-Aug,10-Aug,20GPx1,1,"20GPx1, 40HCx1",2,20-Jul,1,0.5,1.625,,,,,,,10-Aug,25-Aug,20-Jul,Yes,,,Newell Brands Distribution,S.China,Direct,Yes,,,0,,,,,,
AP > NA,AP,NA,VN,VN S.,32,NEW,CMDU,89-0000,CMA CGM HERMES,1TU2GE1MA,SGN1897012,186423568,Confirmed,Y,VNSGN,VNVUT,USLAX,USLAX,CYP/CYP,10-Aug,20-Aug,40GPx1,1,40GPx1,1,27-Jul,3,1,1,,,,,,,13-Aug,01-Sep,20-Jul,Yes,,,Newell Brands Distribution,Vietnam,Direct,Yes,,,-7,,,,,,
AP > NA,AP,NA,CN,CN S.,32,COS,COSU,SSM25008,COSCO SHIPPING DENALI,033E,6361714320,186479445,Confirmed,N,CNYTN,CNYTN,USLGB,USLGB,CYP/CYP,10-Aug,11-Aug,40HCx1,1,40HCx1,1,02-Aug,3,1.125,1.125,,,,,,,10-Aug,24-Aug,21-Jul,Yes,,,Costco,S.China,Direct,Yes,,,-12,,,,,,
AP > NA,AP,NA,CN,CN S.,32,TRI,COSU,SSM25008,COSCO SHIPPING DENALI,033E,6361713520,186479448,Confirmed,N,CNYTN,CNYTN,USLGB,USLGB,CYP/CYP,10-Aug,11-Aug,40GPx1,1,40GPx1,1,01-Aug,2,1,1,,,,,,,10-Aug,24-Aug,21-Jul,Yes,,,Triumph,S.China,Direct,Yes,,,-11,,,,,,
AP > NA,AP,NA,CN,CN S.,32,TRI,COSU,SSM25008,COSCO SHIPPING DENALI,033E,6361711960,186479450,Confirmed,N,CNYTN,CNYTN,USLGB,USLGB,CYP/CYP,10-Aug,11-Aug,40GPx1,1,40GPx1,1,01-Aug,2,1,1,,,,,,,10-Aug,24-Aug,21-Jul,Yes,,,Triumph,S.China,Direct,Yes,,,-11,,,,,,
AP > NA,AP,NA,CN,CN S.,32,TRI,COSU,SSM25008,COSCO SHIPPING DENALI,033E,6361711380,186479451,Confirmed,N,CNYTN,CNYTN,USLGB,USLGB,CYP/CYP,10-Aug,11-Aug,40GPx1,1,40GPx1,1,01-Aug,2,1,1,,,,,,,10-Aug,24-Aug,21-Jul,Yes,,,Triumph,S.China,Direct,Yes,,,-11,,,,,,
AP > NA,AP,NA,CN,CN S.,32,COS,COSU,SSM25008,COSCO SHIPPING DENALI,033E,6361713350,186479612,Confirmed,N,CNYTN,CNYTN,USLGB,USLGB,CYP/CYP,10-Aug,11-Aug,40HCx1,1,40HCx1,1,01-Aug,2,1.125,1.125,,,,,,,10-Aug,24-Aug,21-Jul,Yes,,,Costco,S.China,Direct,Yes,,,-11,,,,,,
AP > NA,AP,NA,CN,CN S.,32,LEN,COSU,SSM25008,COSCO SHIPPING DENALI,033E,6361713070,186479613,Confirmed,N,CNYTN,CNYTN,USLGB,USLGB,CYP/CYP,10-Aug,11-Aug,40HCx1,1,40HCx1,1,01-Aug,2,1.125,1.125,,,,,,,10-Aug,24-Aug,21-Jul,Yes,,,Lenovo,S.China,Direct,Yes,,,-11,,,,,,
AP > NA,AP,NA,CN,CN S.,32,LEN,COSU,SSM25008,COSCO SHIPPING DENALI,033E,6361710270,186479616,Confirmed,N,CNYTN,CNYTN,USLGB,USLGB,CYP/CYP,10-Aug,11-Aug,40HCx1,1,40HCx1,1,01-Aug,2,1.125,1.125,,,,,,,10-Aug,24-Aug,21-Jul,Yes,,,Lenovo,S.China,Direct,Yes,,,-11,,,,,,
AP > NA,AP,NA,CN,CN S.,32,LEN,COSU,SSM25008,COSCO SHIPPING DENALI,033E,6361711740,186479619,Confirmed,N,CNYTN,CNYTN,USLGB,USLGB,CYP/CYP,10-Aug,11-Aug,40HCx1,1,40HCx1,1,01-Aug,2,1.125,1.125,,,,,,,10-Aug,24-Aug,21-Jul,Yes,,,Lenovo,S.China,Direct,Yes,,,-11,,,,,,
AP > NA,AP,NA,CN,CN S.,32,COS,COSU,SSM25008,COSCO SHIPPING DENALI,033E,6361710030,186479621,Confirmed,N,CNYTN,CNYTN,USLGB,USLGB,CYP/CYP,10-Aug,11-Aug,40HCx1,1,40HCx1,1,01-Aug,2,1.125,1.125,,,,,,,10-Aug,24-Aug,21-Jul,Yes,,,Costco,S.China,Direct,Yes,,,-11,,,,,,
AP > NA,AP,NA,CN,CN S.,32,DEC,COSU,SSM25008,COSCO SHIPPING DENALI,033E,6361711540,186479623,Confirmed,N,CNYTN,CNYTN,USLGB,USLGB,CYP/CYP,10-Aug,11-Aug,45HCx1,1,45HCx1,1,01-Aug,2,1.265,1.265,,,,,,,10-Aug,24-Aug,21-Jul,Yes,,,Decathlon,S.China,Direct,Yes,,,-11,,,,,,
AP > NA,AP,NA,CN,CN S.,32,DEC,COSU,SSM25008,COSCO SHIPPING DENALI,033E,6361713870,186479636,Confirmed,N,CNYTN,CNYTN,USLGB,USLGB,CYP/CYP,10-Aug,11-Aug,40HCx1,1,40HCx1,1,01-Aug,2,1.125,1.125,,,,,,,10-Aug,24-Aug,21-Jul,Yes,,,Decathlon,S.China,Direct,Yes,,,-11,,,,,,
AP > NA,AP,NA,CN,CN S.,32,WAL,COSU,SSM25008,COSCO SHIPPING DENALI,033E,6361713990,186479643,Confirmed,N,CNYTN,CNYTN,USLGB,USLGB,CYP/CYP,10-Aug,11-Aug,45HCx1,1,45HCx1,1,01-Aug,2,1.265,1.265,,,,,,,10-Aug,24-Aug,21-Jul,Yes,,,Walmart,S.China,Direct,Yes,,,-11,,,,,,
AP > NA,AP,NA,CN,CN S.,32,WAL,COSU,SSM25008,COSCO SHIPPING DENALI,033E,6361714430,186479655,Confirmed,N,CNYTN,CNYTN,USLGB,USLGB,CYP/CYP,10-Aug,11-Aug,45HCx1,1,45HCx1,1,01-Aug,2,1.265,1.265,,,,,,,10-Aug,24-Aug,21-Jul,Yes,,,Walmart,S.China,Direct,Yes,,,-11,,,,,,
AP > NA,AP,NA,CN,CN S.,32,BBY,COSU,HOI23500,COSCO SHIPPING DENALI,033E,6361731610,186511148,Pending,N,CNYTN,CNYTN,USLGB,USLGB,CYP/CYP,10-Aug,,40HCx12,12,,,,2,13.5,,,,,,,,,,,Yes,,,Best Buy,S.China,Direct,Yes,,,0,,,,,,
AP > NA,AP,NA,CN,CN S.,32,BBY,COSU,HOI23500,COSCO SHIPPING DENALI,033E,6361736820,186513541,Pending,N,CNYTN,CNYTN,USLGB,USLGB,CYP/CYP,10-Aug,,40HCx6,6,,,,2,6.75,,,,,,,,,,,Yes,,,Best Buy,S.China,Direct,Yes,,,0,,,,,,
AP > NA,AP,NA,CN,CN E.,32,NIK,MSCU,25-970GA,MAERSK ALGOL,331N,177UGLGLN31897A,186526657,Pending,N,CNNGB,CNNGB,USLAX,USLAX,CYP/CYP,10-Aug,,40GPx1,1,,,,1,1,,,,,,,,,,,Yes,,,Nike,Ningbo,Bkg Agnt,Yes,,,0,,,,,,
AP > NA,AP,NA,CN,CN E.,32,NIK,HDMU,CA235001,YM TROPHY,008E,NBOZ62869600,186526744,Pending,N,CNNGB,CNNGB,USLGB,USLGB,CYP/CYP,10-Aug,,40GPx9,9,,,,1,9,,,,,,,,,,,Yes,,,Nike,Ningbo,Bkg Agnt,Yes,,,0,,,,,,
AP > NA,AP,NA,CN,CN S.,32,BBY,COSU,HOI23500,COSCO SHIPPING DENALI,033E,6361773760,186535715,Pending,N,CNYTN,CNYTN,USLGB,USLGB,CYP/CYP,10-Aug,,40HCx1,1,,,,3,1.125,,,,,,,,,,,Yes,,,Best Buy,S.China,Direct,Yes,,,0,,,,,,
AP > NA,AP,NA,CN,CN E.,32,NEW,CMDU,89-0000,COSCO EUROPE,092E,CHN0455244,186572968,Pending,N,CNSHA,CNSHA,USLGB,USLGB,CYP/CYP,10-Aug,,40HCx1,1,,,,1,1.125,,,,,,,,,,,Yes,,,Newell Brands Distribution,Shanghai,Bkg Agnt,Yes,,,0,,,,,,
AP > NA,AP,NA,CN,CN E.,32,NEW,CMDU,89-0000,COSCO EUROPE,092E,CHN0455179,186573189,Pending,N,CNSHA,CNSHA,USLGB,USLGB,CYP/CYP,10-Aug,,40HCx1,1,,,,1,1.125,,,,,,,,,,,Yes,,,Newell Brands Distribution,Shanghai,Bkg Agnt,Yes,,,0,,,,,,
AP > NA,AP,NA,CN,CN E.,32,NEW,CMDU,89-0000,COSCO EUROPE,092E,CHN0455291,186573282,Pending,N,CNSHA,CNSHA,USLGB,USKCK,CYP/RR,10-Aug,,40HCx1,1,,,,1,1.125,,,,,,,,,,,Yes,,,Newell Brands Distribution,Shanghai,Bkg Agnt,Yes,,,0,,,,,,
AP > NA,AP,NA,CN,CN S.,32,BBY,HDMU,CA235001,SEASPAN YANGTZE,0026E,HKGM98133100,186732393,Pending,N,CNNSA,CNYTN,CAVAN,CATOR,CYP/CYP,10-Aug,,40HCx1,1,,,,4,1.125,,,,,,,,,,,Yes,,,Best Buy,S.China,Direct,Yes,,,0,,,,,,
AP > NA,AP,NA,CN,CN S.,32,BBY,HDMU,CA235001,SEASPAN YANGTZE,0026E,HKGM25396000,186732396,Pending,N,CNNSA,CNYTN,CAVAN,CATOR,CYP/CYP,10-Aug,,40HCx1,1,,,,4,1.125,,,,,,,,,,,Yes,,,Best Buy,S.China,Direct,Yes,,,0,,,,,,
AP > NA,AP,NA,CN,CN S.,32,BBY,HDMU,CA235001,SEASPAN YANGTZE,0026E,HKGM50803100,186732437,Pending,N,CNNSA,CNYTN,CAVAN,CATOR,CYP/CYP,10-Aug,,40HCx2,2,,,,4,2.25,,,,,,,,,,,Yes,,,Best Buy,S.China,Direct,Yes,,,0,,,,,,
AP > NA,AP,NA,CN,CN S.,32,BBY,HDMU,CA235001,SEASPAN YANGTZE,0026E,HKGM48288100,186732550,Pending,N,CNNSA,CNYTN,CAVAN,CAVAN,CYP/CYP,10-Aug,,40HCx1,1,,,,5,1.125,,,,,,,,,,,Yes,,,Best Buy,S.China,Direct,Yes,,,0,,,,,,
AP > NA,AP,NA,CN,CN S.,32,BBY,HDMU,CA235001,SEASPAN YANGTZE,0026E,HKGM72461000,186732959,Pending,N,CNNSA,CNYTN,CAVAN,CAMTR,CYP/CYP,10-Aug,,40HCx1,1,,,,4,1.125,,,,,,,,,,,Yes,,,Best Buy,S.China,Direct,Yes,,,0,,,,,,
AP > NA,AP,NA,CN,CN E.,32,NEW,MSCU,25-970GA,MAERSK ALGOL,331N,177UVDNWN937E6A,186891073,Pending,N," - , ",CNNGB,USLAX,USLAX,CYP/CYP,10-Aug,,40HCx1,1,,,,,1.125,,,,,,,,,,,No,,,Newell Brands Distribution,Ningbo,Bkg Agnt,No,,,0,,,,,,
AP > NA,AP,NA,CN,CN E.,32,NEW,YMLU,Y25-500,YM TROPHY,008E,YMCES73035,186891270,Pending,N," - , ",CNNGB,USLGB,USLGB,CYP/CYP,10-Aug,,40HCx1,1,,,,,1.125,,,,,,,,,,,No,,,Newell Brands Distribution,Ningbo,Bkg Agnt,No,,,0,,,,,,
AP > NA,AP,NA,CN,CN E.,32,NEW,CMDU,89-0000,COSCO PACIFIC,084E,CHN0470742,186892652,Pending,N,CNSHA,CNSHA,USLGB,USKCK,CYP/RR,10-Aug,,40HCx5,5,,,,3,5.625,,,,,,,,,,,Yes,,,Newell Brands Distribution,Shanghai,Bkg Agnt,Yes,,,0,,,,,,
AP > EU,AP,EU,CN,CN N.,33,NEW,CMDU,89-0000,COSCO SHIPPING ARIES,026W,QGD0328393,185708746,Confirmed,N,CNTAO,CNTAO,DEHAM,DEHAM,CYP/CYP,11-Aug,11-Aug,20GPx2,2,20GPx2,2,06-Jul,1,1,1,,,,,,,11-Aug,,06-Jul,Yes,,,Newell Brands Distribution,Qingdao,Bkg Agnt,Yes,,,0,,,,,,
AP > NA,AP,NA,CN,CN S.,33,BBY,EGLV,SC50089,APL PARIS,0TXF7E1MA,147300595542,185957094,Confirmed,N,CNNSA,CNNSA,USLAX,USLAX,CYP/CYP,11-Aug,11-Aug,40HCx6,6,40HCx6,6,20-Jul,2,6.75,6.75,,,,,,,11-Aug,27-Aug,12-Jul,Yes,,,Best Buy,S.China,Direct,Yes,,,-8,,,,,,
AP > NA,AP,NA,CN,CN S.,33,CTI,EGLV,D900070,OOCL SAN FRANCISCO,174E,149304118494,186171008,Pending,N,CNYTN,CNYTN,CAVAN,CAVAN,CYP/CYP,11-Aug,,40HCx1,1,,,,,1.125,,,,,,,,,,,No,,,Canadian Tire,S.China,Direct,No,,,0,,,,,,
AP > NA,AP,NA,CN,CN S.,33,COS,MSCU,25-001WW,MAERSK EMDEN,331N,181AY0232732317P1,186274965,Confirmed,N,CNYTN,CNYTN,USLAX,USLAX,CYP/CYP,11-Aug,11-Aug,40GPx1,1,40GPx1,1,01-Aug,3,1,1,,,,,,,11-Aug,,18-Jul,Yes,,,Costco,S.China,Direct,Yes,,,-14,,,,,,
AP > NA,AP,NA,CN,CN S.,33,LEN,MSCU,25-001WW,MAERSK EMDEN,331N,181AY0232732334P1,186275118,Confirmed,N,CNYTN,CNYTN,USLAX,USLAX,CYP/CYP,11-Aug,11-Aug,40HCx1,1,40HCx1,1,01-Aug,3,1.125,1.125,,,,,,,11-Aug,,18-Jul,Yes,,,Lenovo,S.China,Direct,Yes,,,-14,,,,,,
AP > NA,AP,NA,CN,CN N.,33,WAL,MAEU,90-0090,MAERSK SHAMS,332N,220121818,186377314,Confirmed,N,CNTAO,CNTAO,USLAX,USLAX,CYP/CYP,11-Aug,11-Aug,45HCx2,2,45HCx2,2,28-Jul,2,2.53,2.53,,,,,,,11-Aug,11-Sep,21-Jul,Yes,,,Walmart,Qingdao,Bkg Agnt,Yes,,,-7,,,,,,
AP > NA,AP,NA,CN,CN N.,33,WAL,MAEU,90-0090,MAERSK SHAMS,332N,220121819,186378287,Confirmed,N,CNTAO,CNTAO,USLAX,USLAX,CYP/CYP,11-Aug,11-Aug,45HCx3,3,45HCx3,3,28-Jul,2,3.795,3.795,,,,,,,11-Aug,11-Sep,21-Jul,Yes,,,Walmart,Qingdao,Bkg Agnt,Yes,,,-7,,,,,,
AP > NA,AP,NA,CN,CN S.,33,BBY,MSCU,25-970GA,MAERSK EMDEN,331N,181AY0232735188P1,186385751,Confirmed,N,CNYTN,CNYTN,USLAX,USLAX,CYP/CYP,11-Aug,11-Aug,"40GPx3, 40HCx6",9,"40GPx3, 40HCx6",9,01-Aug,3,9.75,9.75,,,,,,,11-Aug,,20-Jul,Yes,,,Best Buy,S.China,Direct,Yes,,,-12,,,,,,
AP > NA,AP,NA,CN,CN S.,33,BBY,MSCU,25-970GA,MAERSK EMDEN,331N,181AY0232735209P1,186385949,Confirmed,N,CNYTN,CNYTN,USLAX,USLAX,CYP/CYP,11-Aug,11-Aug,40HCx1,1,40HCx1,1,01-Aug,2,1.125,1.125,,,,,,,11-Aug,,20-Jul,Yes,,,Best Buy,S.China,Direct,Yes,,,-12,,,,,,
AP > NA,AP,NA,CN,CN S.,33,NEW,CMDU,89-0000,APL PARIS,0TXF7E1MA,GGZ1946557,186397390,Confirmed,N,CNNSA,CNNSA,USLAX,USLAX,CYP/CYP,11-Aug,11-Aug,40HCx1,1,40HCx1,1,19-Jul,1,1.125,1.125,,,,,,,11-Aug,27-Aug,19-Jul,Yes,,,Newell Brands Distribution,S.China,Direct,Yes,,,0,,,,,,
AP > NA,AP,NA,CN,CN S.,33,CTI,EGLV,D900070,OOCL SAN FRANCISCO,174E,149304248169,186397982,Pending,N,CNYTN,CNYTN,CAVAN,CAVAN,CYP/CYP,11-Aug,,40HCx1,1,,,,,1.125,,,,,,,,,,,No,,,Canadian Tire,S.China,Direct,No,,,0,,,,,,
AP > NA,AP,NA,CN,CN S.,33,CTI,EGLV,D900070,OOCL SAN FRANCISCO,174E,149304248258,186398045,Pending,N,CNYTN,CNYTN,CAVAN,CAVAN,CYP/CYP,11-Aug,,40HCx1,1,,,,,1.125,,,,,,,,,,,No,,,Canadian Tire,S.China,Direct,No,,,0,,,,,,
AP > NA,AP,NA,CN,CN S.,33,CTI,EGLV,D900070,OOCL SAN FRANCISCO,174E,149304248240,186398047,Pending,N,CNYTN,CNYTN,CAVAN,CAVAN,CYP/CYP,11-Aug,,40GPx1,1,,,,,1,,,,,,,,,,,No,,,Canadian Tire,S.China,Direct,No,,,0,,,,,,
AP > NA,AP,NA,CN,CN S.,33,CTI,EGLV,D900070,OOCL SAN FRANCISCO,174E,149304248266,186398056,Pending,N,CNYTN,CNYTN,CAVAN,CAVAN,CYP/CYP,11-Aug,,40GPx1,1,,,,,1,,,,,,,,,,,No,,,Canadian Tire,S.China,Direct,No,,,0,,,,,,
AP > NA,AP,NA,CN,CN E.,33,NEW,MSCU,25-970GA,NORTHERN JAVELIN,UK332A,177USYSYS00712,186399010,Confirmed,N,CNSHA,CNSHA,CAVAN,CABRP,CYP/D,11-Aug,11-Aug,40HCx2,2,40HCx2,2,21-Jul,1,2.25,2.25,,,,,,,11-Aug,,21-Jul,Yes,,,Newell Brands Distribution,Shanghai,Bkg Agnt,Yes,,,0,,,,,,
AP > NA,AP,NA,CN,CN N.,33,TES,EGLV,D900070,EVER LEGEND,1077-058E,140357090264,186401130,Confirmed,N,CNTAO,CNTAO,USLAX,USLAX,CYP/CYP,11-Aug,11-Aug,40HCx4,4,40HCx4,4,20-Jul,1,4.5,4.5,,,,,,,11-Aug,29-Aug,20-Jul,Yes,,,Tesla,Qingdao,Bkg Agnt,Yes,,,0,,,,,,
AP > NA,AP,NA,CN,CN N.,33,TES,EGLV,D900070,EVER LEGEND,1077-058E,140357090272,186401341,Confirmed,N,CNTAO,CNTAO,USLAX,USLAX,CYP/CYP,11-Aug,11-Aug,40HCx5,5,40HCx5,5,20-Jul,1,5.625,5.625,,,,,,,11-Aug,29-Aug,20-Jul,Yes,,,Tesla,Qingdao,Bkg Agnt,Yes,,,0,,,,,,
AP > NA,AP,NA,CN,CN N.,33,COS,EGLV,D900070,EVER LEGEND,1077-058E,140357090281,186401516,Confirmed,N,CNTAO,CNTAO,USLAX,USLAX,CYP/CYP,11-Aug,11-Aug,40HCx3,3,40HCx3,3,20-Jul,1,3.375,3.375,,,,,,,11-Aug,29-Aug,20-Jul,Yes,,,Costco,Qingdao,Bkg Agnt,Yes,,,0,,,,,,
AP > NA,AP,NA,VN,VN S.,33,NEW,CMDU,89-0000,CMA CGM NABUCCO,0PGFTE1MA,SGN1896712,186423674,Confirmed,N,VNSGN,VNVUT,CAVAN,CABLT,CYP/D,11-Aug,13-Aug,20GPx1,1,20GPx1,1,03-Aug,2,0.5,0.5,,,,,,,13-Aug,13-Sep,20-Jul,Yes,,,Newell Brands Distribution,Vietnam,Direct,Yes,,,-14,,,,,,
AP > NA,AP,NA,CN,CN N.,33,HOD,MSCU,25-001WW,MAERSK SHAMS,332N,177OZCZCQ21624VFB,186444207,Confirmed,N,CNTAO,CNTAO,USLAX,USLAX,CYP/CYP,11-Aug,11-Aug,40HCx2,2,40HCx2,2,27-Jul,1,2.25,2.25,,,,,,,11-Aug,,27-Jul,Yes,,,Home Depot,Qingdao,Bkg Agnt,Yes,,,0,,,,,,
AP > NA,AP,NA,CN,CN N.,33,HOD,MSCU,25-001WW,MAERSK SHAMS,332N,177OZCZCQ21625VFB,186444239,Confirmed,N,CNTAO,CNTAO,USLAX,USLAX,CYP/CYP,11-Aug,11-Aug,40HCx1,1,40HCx1,1,27-Jul,1,1.125,1.125,,,,,,,11-Aug,,27-Jul,Yes,,,Home Depot,Qingdao,Bkg Agnt,Yes,,,0,,,,,,
AP > NA,AP,NA,CN,CN N.,33,HOD,MSCU,25-001WW,MAERSK SHAMS,332N,177OZCZCQ21626VFB,186444364,Confirmed,N,CNTAO,CNTAO,USLAX,USLAX,CYP/CYP,11-Aug,11-Aug,40HCx3,3,40HCx3,3,27-Jul,1,3.375,3.375,,,,,,,11-Aug,,27-Jul,Yes,,,Home Depot,Qingdao,Bkg Agnt,Yes,,,0,,,,,,
AP > NA,AP,NA,CN,CN N.,33,COS,MSCU,25-001WW,MAERSK SHAMS,332N,177OZCZCQ21627VFB,186444431,Confirmed,N,CNTAO,CNTAO,USLAX,USLAX,CYP/CYP,11-Aug,11-Aug,"40GPx3, 40HCx2",5,"40GPx3, 40HCx2",5,27-Jul,1,5.25,5.25,,,,,,,11-Aug,01-Sep,27-Jul,Yes,,,Costco,Qingdao,Bkg Agnt,Yes,,,0,,,,,,
AP > NA,AP,NA,VN,VN N.,33,BBY,HDMU,CA235001,ONE ALTAIR,0061E,HANM64470300,186463683,Canceled by carrier,N,VNHPH,VNHPH,USLAX,USLAX,CYP/CYP,11-Aug,,40HCx9,9,,,,,10.125,,,,,,,,,,,Yes,,,Best Buy,Vietnam,Direct,No,,,0,,,,,,
AP > NA,AP,NA,CN,CN E.,33,BBY,EGLV,SC50089,EVER LAUREL,1078-057E,EGLV145399220515,186521782,Pending,N,CNNKG,CNNKG,USLAX,USLAX,CYP/CYP,11-Aug,,40HCx2,2,,,,1,2.25,,,,,,,,,,,Yes,,,Best Buy,Shanghai,Bkg Agnt,Yes,,,0,,,,,,
AP > NA,AP,NA,VN,VN S.,33,COS,MSCU,25-001WW,MAERSK EMDEN,332N,339IN2327053,186563044,Confirmed,N,VNSGN,VNVUT,USLAX,USLAX,CYP/CYP,11-Aug,12-Aug,40HCx1,1,40HCx1,1,28-Jul,1,1.125,1.125,,,,,,,12-Aug,,28-Jul,Yes,,,Costco,Vietnam,Direct,Yes,,,0,,,,,,
AP > NA,AP,NA,VN,VN S.,33,COS,MSCU,25-001WW,MSC SINDY,332A,339IN2327052,186563059,Pending,N,VNSGN,VNVUT,USLGB,USLGB,CYP/CYP,11-Aug,,40GPx1,1,,,,1,1,,,,,,,,,,,Yes,,,Costco,Vietnam,Direct,Yes,,,0,,,,,,
AP > NA,AP,NA,VN,VN S.,33,COS,COSU,SSM25008,COSCO SHIPPING JASMINE,024E,6361820030,186586829,Pending,N,VNSGN,VNVUT,USLGB,USLGB,CYP/CYP,11-Aug,,40HCx3,3,,,,1,3.375,,,,,,,,,,,Yes,,,Costco,Vietnam,Direct,Yes,,,0,,,,,,
AP > NA,AP,NA,CN,CN S.,33,BBY,MSCU,25-970GA,MAERSK EMDEN,331N,181ABFS23502262P1,186602977,Pending,N," - , ",CNYTN,USLAX,USLAX,D/CYP,11-Aug,,40HCx1,1,,,,1,1.125,,,,,,,,,,,Yes,,,Best Buy,S.China,Direct,Yes,,,0,,,,,,
AP > NA,AP,NA,CN,CN N.,33,COS,EGLV,SC50089,COSCO PACIFIC,084E,141300544418,186620374,Pending,N,CNTSN,CNTSN,USLGB,USLGB,CYP/CYP,11-Aug,,40HCx1,1,,,,2,1.125,,,,,,,,,,,Yes,,,Costco,Tianjin,Bkg Agnt,Yes,,,0,,,,,,
AP > NA,AP,NA,CN,CN N.,33,COS,COSU,SSM25008,COSCO PACIFIC,084E,6361905210,186620620,Pending,N,CNXIG,CNXIG,USLGB,USLGB,CYP/CYP,11-Aug,,45HCx1,1,,,,1,1.265,,,,,,,,,,,Yes,,,Costco,Tianjin,Bkg Agnt,Yes,,,0,,,,,,
AP > NA,AP,NA,CN,CN N.,33,COS,COSU,SSM25008,COSCO PACIFIC,084E,COSU6361905370,186620817,Canceled by carrier,N,CNXIG,CNXIG,USLGB,USLGB,CYP/CYP,11-Aug,,40HCx2,2,,,,,2.25,,,,,,,,,,,Yes,,,Costco,Tianjin,Bkg Agnt,Yes,,,0,,,,,,
AP > NA,AP,NA,CN,CN N.,33,COS,COSU,SSM25008,COSCO PACIFIC,084E,6361905520,186620899,Pending,N,CNXIG,CNXIG,USLGB,USLGB,CYP/CYP,11-Aug,,40GPx2,2,,,,1,2,,,,,,,,,,,Yes,,,Costco,Tianjin,Bkg Agnt,Yes,,,0,,,,,,
AP > NA,AP,NA,CN,CN N.,33,COS,COSU,SSM25008,COSCO PACIFIC,084E,6361905780,186621009,Pending,N,CNXIG,CNXIG,USLGB,USLGB,CYP/CYP,11-Aug,,40HCx1,1,,,,1,1.125,,,,,,,,,,,Yes,,,Costco,Tianjin,Bkg Agnt,Yes,,,0,,,,,,
AP > NA,AP,NA,CN,CN N.,33,HOD,COSU,SSM25008,COSCO PACIFIC,084E,6361905690,186621121,Pending,N,CNXIG,CNXIG,USLGB,USLGB,CYP/CYP,11-Aug,,40HCx1,1,,,,1,1.125,,,,,,,,,,,Yes,,,Home Depot,Tianjin,Bkg Agnt,Yes,,,0,,,,,,
AP > NA,AP,NA,CN,CN N.,33,DEC,EGLV,SC50089,COSCO PACIFIC,084E,141300544434,186621207,Pending,N,CNTSN,CNTSN,USLGB,USLGB,CYP/CYP,11-Aug,,"20GPx1, 40GPx1",2,,,,1,1.5,,,,,,,,,,,Yes,,,Decathlon,Tianjin,Bkg Agnt,Yes,,,0,,,,,,
AP > NA,AP,NA,VN,VN S.,33,WAL,MAEU,90-0080,GUNDE MAERSK,332N,229636563,186685148,Pending,N,VNSGN,VNVUT,USTPA,USTPA,CYP/CYP,11-Aug,,40HCx1,1,,,,2,1.125,,,,,,,,,,,Yes,MAERSK SEVILLE,333E,Walmart,Vietnam,Direct,Yes,,,0,,,,,,
AP > NA,AP,NA,VN,VN S.,33,WAL,MSCU,25-970GA,GUNDE MAERSK,332N,339IN2327376,186685537,Pending,N,VNSGN,VNVUT,USTPA,USTPA,CYP/CYP,11-Aug,,40HCx1,1,,,,1,1.125,,,,,,,,,,,Yes,,,Walmart,Vietnam,Direct,Yes,,,0,,,,,,
AP > NA,AP,NA,VN,VN S.,33,WAL,MSCU,25-970GA,GUNDE MAERSK,332N,339IN2327375,186685538,Pending,N,VNSGN,VNVUT,USTPA,USTPA,CYP/CYP,11-Aug,,40HCx1,1,,,,1,1.125,,,,,,,,,,,Yes,,,Walmart,Vietnam,Direct,Yes,,,0,,,,,,
AP > NA,AP,NA,CN,CN N.,33,COS,MAEU,90-0090,MAERSK SHAMS,332N,220121870,186733490,Pending,N,CNTAO,CNTAO,USLAX,USLAX,CYP/CYP,11-Aug,,20GPx1,1,,,,2,0.5,,,,,,,,,,,Yes,,,Costco,Qingdao,Bkg Agnt,Yes,,,0,,,,,,
AP > NA,AP,NA,CN,CN E.,33,TRI,MAEU,90-0090,,,609640504,186752486,Pending,N,CNFOC,CNFOC,USLAX,USLAX,CYP/CYP,11-Aug,,40HCx1,1,,,,3,1.125,,,,,,,,,,,Yes,,,Triumph,Xiamen,Bkg Agnt,Yes,,,0,,,,,,
AP > NA,AP,NA,VN,VN S.,33,WAL,MAEU,90-0080,GUNDE MAERSK,332N,229693169,186759490,Pending,N,VNSGN,VNVUT,USTPA,USTPA,CYP/CYP,11-Aug,,40HCx1,1,,,,2,1.125,,,,,,,,,,,Yes,MAERSK SEVILLE,333E,Walmart,Vietnam,Direct,Yes,,,0,,,,,,
AP > NA,AP,NA,CN,CN S.,33,NIK,MSCU,25-970GA,MAERSK EMDEN,331N,181AY0232746649P1,186869578,Canceled by carrier,N,CNYTN,CNYTN,USLAX,USLAX,CYP/CYP,11-Aug,,40HCx5,5,,,,,5.625,,,,,,,,,,,No,,,Nike,S.China,Direct,No,,,0,,,,,,
AP > NA,AP,NA,CN,CN S.,33,BBY,MSCU,25-970GA,MAERSK EMDEN,331N,181AY0232746767P1,186871535,Canceled by carrier,N,CNYTN,CNYTN,USLAX,USLAX,CYP/CYP,11-Aug,,40HCx5,5,,,,,5.625,,,,,,,,,,,No,,,Best Buy,S.China,Direct,No,,,0,,,,,,
AP > NA,AP,NA,CN,CN S.,33,BBY,MSCU,25-970GA,MAERSK EMDEN,331N,181AY0232747546D1,186886825,Canceled by carrier,N,CNYTN,CNYTN,USLAX,USLAX,CYP/CYP,11-Aug,,40HCx3,3,,,,,3.375,,,,,,,,,,,No,,,Best Buy,S.China,Direct,No,,,0,,,,,,
AP > NA,AP,NA,CN,CN E.,33,BBY,HDMU,CA235001,ONE HELSINKI,053E,HDMUNKGZ11928500,186889086,Pending,N,CNNKG,CNNKG,CAVAN,CAEDM,CYP/CYP,11-Aug,,40HCx1,1,,,,1,1.125,,,,,,,,,,,Yes,,,Best Buy,Shanghai,Bkg Agnt,Yes,,,0,,,,,,
AP > NA,AP,NA,CN,CN E.,33,BBY,HDMU,CA235001,ONE HELSINKI,053E,HDMUNKGZ64821300,186889212,Pending,N,CNNKG,CNNKG,CAVAN,CAEDM,CYP/CYP,11-Aug,,40HCx1,1,,,,1,1.125,,,,,,,,,,,Yes,,,Best Buy,Shanghai,Bkg Agnt,Yes,,,0,,,,,,
AP > NA,AP,NA,CN,CN S.,33,BBY,MSCU,25-970GA,MAERSK EMDEN,331N,181AY0232748711P1,186951205,Pending,N,CNYTN,CNYTN,USLAX,USLAX,CYP/CYP,11-Aug,,40HCx2,2,,,,,2.25,,,,,,,,,,,No,,,Best Buy,S.China,Direct,No,,,0,,,,,,
AP > NA,AP,NA,CN,CN S.,33,BBY,MSCU,25-970GA,MAERSK EMDEN,331N,181AY0232748715P1,186951262,Pending,N,CNYTN,CNYTN,USLAX,USLAX,CYP/CYP,11-Aug,,40HCx4,4,,,,,4.5,,,,,,,,,,,No,,,Best Buy,S.China,Direct,No,,,0,,,,,,
AP > NA,AP,NA,CN,CN S.,33,NIK,MSCU,25-970GA,MAERSK EMDEN,331N,181AY0232748864P1,186954812,Canceled by carrier,N,CNYTN,CNYTN,USLAX,USLAX,CYP/CYP,11-Aug,,40HCx2,2,,,,,2.25,,,,,,,,,,,No,,,Nike,S.China,Direct,No,,,0,,,,,,
AP > NA,AP,NA,CN,CN N.,33,COS,EGLV,SC50089,COSCO PACIFIC,084E,141300562246,186964487,Pending,N,CNTSN,CNTSN,USLGB,USLGB,CYP/CYP,11-Aug,,40HCx2,2,,,,2,2.25,,,,,,,,,,,Yes,,,Costco,Tianjin,Bkg Agnt,Yes,,,0,,,,,,
AP > NA,AP,NA,CN,CN S.,33,TRI,MAEU,90-0090,GUNDE MAERSK,331N,229841522,186970278,Pending,N,CNYTN,CNYTN,USLAX,USLAX,CYP/CYP,11-Aug,,40GPx1,1,,,,,1,,,,,,,,,,,No,,,Triumph,S.China,Direct,No,,,0,,,,,,
AP > NA,AP,NA,CN,CN S.,33,TRI,MAEU,90-0090,GUNDE MAERSK,331N,229841524,186970291,Pending,N,CNYTN,CNYTN,USLAX,USLAX,CYP/CYP,11-Aug,,40HCx1,1,,,,,1.125,,,,,,,,,,,No,,,Triumph,S.China,Direct,No,,,0,,,,,,
AP > EU,AP,EU,CN,CN N.,33,HMH,MAEU,90-0080,MUNICH MAERSK,533W,TBD,187024912,Pending,N,CNTAO,CNTAO,DEHAM,DEHAM,CYP/CYP,12-Aug,,40HCx1,1,,,,,1.125,,,,,,,,,,,No,,,H&M Home,Qingdao,Bkg Agnt,Yes,05-Aug, 11.00 ,0,,,,,,
AP > EU,AP,EU,CN,CN N.,33,HMH,MAEU,90-0080,MUNICH MAERSK,533W,TBD,187024945,Pending,N,CNTAO,CNTAO,DEHAM,DEHAM,CYP/CYP,12-Aug,,40HCx1,1,,,,,1.125,,,,,,,,,,,No,,,H&M Home,Qingdao,Bkg Agnt,Yes,04-Aug, 11.00 ,0,,,,,,
AP > EU,AP,EU,CN,CN N.,33,HMH,MAEU,90-0080,MUNICH MAERSK,533W,TBD,187024977,Pending,N,CNTAO,CNTAO,DEHAM,DEHAM,CYP/CYP,12-Aug,,40HCx1,1,,,,,1.125,,,,,,,,,,,No,,,H&M Home,Qingdao,Bkg Agnt,Yes,04-Aug, 11.00 ,0,,,,,,
AP > EU,AP,EU,CN,CN N.,33,HMH,MAEU,90-0080,MUNICH MAERSK,533W,TBD,187025046,Pending,N,CNTAO,CNTAO,DEHAM,DEHAM,CYP/CYP,12-Aug,,40HCx1,1,,,,,1.125,,,,,,,,,,,No,,,H&M Home,Qingdao,Bkg Agnt,Yes,05-Aug, 11.00 ,0,,,,,,
AP > EU,AP,EU,CN,CN S.,33,HCLU,MAEU,90-0080,MARGRETHE MAERSK,329W,38538244,185901648,Confirmed,Y,CNYTN,CNYTN,NLRTM,NLRTM,CYP/CYP,12-Aug,16-Aug,45HCx1,1,45HCx1,1,16-Jul,2,1.265,1.265,15-Aug,3:30,14-Aug,15:30,13-Aug,18:00,12-Aug,15-Sep,15-Jul,No,,,H&M Home,China S,Direct,No,04-Aug, 26.00 ,-1,,,,,,
AP > EU,AP,EU,VN,VN N.,33,HMH,MAEU,90-0080,MAERSK NACKA,332S,229079835,185839050,Confirmed,N,VNHPH,VNHPH,DEBRV,DEHBO,CYP/D,12-Aug,14-Aug,20GPx1,1,20GPx1,1,21-Jul,2,0.5,0.5,,,,,,,12-Aug,20-Sep,07-Jul,Yes,MARIBO MAERSK,331W,H&M Home,Vietnam,Direct,Yes,,,-14,,,,,,
AP > EU,AP,EU,VN,VN N.,33,HMH,MAEU,90-0080,MAERSK NACKA,332S,229091998,185858019,Confirmed,Y,VNHPH,VNHPH,DEHAM,DEHAM,CYP/CYP,12-Aug,14-Aug,20GPx2,2,20GPx1,1,21-Jul,3,1,0.5,,,,,,,14-Aug,14-Sep,09-Jul,Yes,MAERSK CAMPTON,332W,H&M Home,Vietnam,Direct,Yes,,,-12,,,,,,
AP > NA,AP,NA,CN,CN E.,33,WAL,COSU,SSM25008,,,146300594998,185894574,Confirmed,Y,CNXMN,CNXMN,USLAX,USLAX,CYP/CYP,12-Aug,09-Aug,40HCx4,4,40HCx4,4,25-Jul,2,4.5,4.5,,,,,,,16-Aug,03-Sep,19-Jul,Yes,,,Walmart,Xiamen,Bkg Agnt,Yes,,,-6,,,,,,
AP > NA,AP,NA,CN,CN E.,33,COS,COSU,SSM25008,,,6361214710,185894635,Confirmed,Y,CNXMN,CNXMN,USLAX,USLAX,CYP/CYP,12-Aug,09-Aug,40HCx3,3,40HCx3,3,24-Jul,2,3.375,3.375,,,,,,,13-Aug,28-Aug,20-Jul,Yes,,,Costco,Xiamen,Bkg Agnt,Yes,,,-4,,,,,,
AP > NA,AP,NA,CN,CN E.,33,HOD,COSU,SSM25008,,,6360909950,185894683,Confirmed,N,CNXMN,CNXMN,USLAX,USLAX,CYP/CYP,12-Aug,13-Aug,40HCx3,3,40HCx3,3,13-Jul,2,3.375,3.375,,,,,,,12-Aug,28-Aug,11-Jul,Yes,,,Home Depot,Xiamen,Bkg Agnt,Yes,,,-2,,,,,,
AP > NA,AP,NA,CN,CN E.,33,HOD,COSU,SSM25008,,,6361214840,185894774,Confirmed,N,CNXMN,CNXMN,USLAX,USLAX,CYP/CYP,12-Aug,13-Aug,40HCx5,5,40HCx5,5,20-Jul,1,5.625,5.625,,,,,,,13-Aug,28-Aug,20-Jul,Yes,,,Home Depot,Xiamen,Bkg Agnt,Yes,,,0,,,,,,
AP > EU,AP,EU,CN,CN S.,33,HCLU,MAEU,90-0080,MARGRETHE MAERSK,329W,229120428,185901649,Pending,N,CNYTN,CNYTN,NLRTM,NLRTM,CYP/CYP,12-Aug,,40HCx1,1,,,,,1.125,,,,,,,,,,,No,,,H&M Home,China S,Direct,No,,,0,,,,,,
AP > EU,AP,EU,CN,CN S.,33,HCLU,MAEU,90-0080,MARGRETHE MAERSK,329W,229120431,185901650,Pending,N,CNYTN,CNYTN,NLRTM,NLRTM,CYP/CYP,12-Aug,,40HCx1,1,,,,,1.125,,,,,,,,,,,No,,,H&M Home,China S,Direct,No,,,0,,,,,,
AP > NA,AP,NA,CN,CN E.,33,WAL,EGLV,SC50089,,,XIA1182073,185953275,Confirmed,Y,CNXMN,CNXMN,USLGB,USLGB,CYP/CYP,12-Aug,16-Aug,40HCx1,1,40HCx1,1,18-Jul,1,1.125,1.125,,,,,,,16-Aug,03-Sep,18-Jul,Yes,,,Walmart,Xiamen,Bkg Agnt,Yes,,,0,,,,,,
AP > NA,AP,NA,CN,CN E.,33,BBY,MSCU,25-970GA,MSC EVA,331N,177QSYSYS01016,186325298,Confirmed,N,CNSHA,CNSHA,USLGB,USLGB,CYP/CYP,12-Aug,12-Aug,40HCx6,6,40HCx6,6,19-Jul,1,6.75,6.75,,,,,,,12-Aug,,19-Jul,Yes,,,Best Buy,Shanghai,Bkg Agnt,Yes,,,0,,,,,,
AP > EU,AP,EU,CN,CN E.,33,NEW,CMDU,89-0000,,,NGP0422916,186388368,Confirmed,Y,CNNGB,CNNGB,FRFOS,FRFOS,CYP/CYP,12-Aug,19-Aug,20GPx1,1,20GPx1,1,21-Jul,1,0.5,0.5,,,,,,,19-Aug,22-Sep,21-Jul,Yes,,,Newell Brands Distribution,Ningbo,Bkg Agnt,Yes,,,0,,,,,,
AP > NA,AP,NA,CN,CN E.,33,DEC,MSCU,25-001WW,MSC BEATRICE,331N,177QSYSYS01028,186460423,Confirmed,N,CNSHA,CNSHA,USLGB,USLGB,CYP/CYP,12-Aug,12-Aug,40HCx5,5,40HCx5,5,03-Aug,5,5.625,5.625,,,,,,,12-Aug,,01-Aug,Yes,,,Decathlon,Shanghai,Bkg Agnt,Yes,,,-2,,,,,,
AP > NA,AP,NA,VN,VN S.,33,BBY,MSCU,25-970GA,MSC SINDY,332A,339IN2327269,186666028,Pending,N,VNSGN,VNVUT,USLGB,USLGB,CYP/CYP,12-Aug,,40HCx3,3,,,,1,3.375,,,,,,,,,,,Yes,,,Best Buy,Vietnam,Direct,Yes,,,0,,,,,,
AP > NA,AP,NA,VN,VN S.,33,BBY,MSCU,25-970GA,MSC SINDY,332A,339IN2327275,186666165,Pending,N,VNSGN,VNVUT,USLGB,USLGB,CYP/CYP,12-Aug,,40HCx1,1,,,,1,1.125,,,,,,,,,,,Yes,,,Best Buy,Vietnam,Direct,Yes,,,0,,,,,,
AP > NA,AP,NA,VN,VN N.,33,BBY,MSCU,25-970GA,MSC SINDY,332A,643IN2327542,186743985,Pending,N,VNHPH,VNHPH,USLGB,USLGB,CYP/CYP,12-Aug,,40GPx5,5,,,,1,5,,,,,,,,,,,Yes,,,Best Buy,Vietnam,Direct,Yes,,,0,,,,,,
AP > NA,AP,NA,VN,VN N.,33,BBY,MSCU,25-970GA,MSC SINDY,332A,643IN2327541,186744471,Pending,N,VNHPH,VNHPH,USLGB,USLGB,CYP/CYP,12-Aug,,"20GPx1, 40HCx3",4,,,,1,3.875,,,,,,,,,,,Yes,,,Best Buy,Vietnam,Direct,Yes,,,0,,,,,,
AP > EU,AP,EU,IN,IN S.,33,HMH,MAEU,90-0080,CAPE FLINT,364S,229816322,186932219,Pending,N,INTUT,INTUT,DEHAM,DEHAM,CYP/CYP,12-Aug,,40HCx1,1,,,,2,1.125,,,,,,,,,,,Yes,EBBA MAERSK,330W,H&M Home,India,Direct,Yes,,,0,,,,,,
AP > EU,AP,EU,IN,IN S.,33,HMH,MAEU,90-0080,CAPE FLINT,364S,229816329,186932229,Pending,N,INTUT,INTUT,DEHAM,DEHAM,CYP/CYP,12-Aug,,40HCx1,1,,,,2,1.125,,,,,,,,,,,Yes,EBBA MAERSK,330W,H&M Home,India,Direct,Yes,,,0,,,,,,
AP > EU,AP,EU,IN,IN W.,33,HMH,MAEU,90-0080,MAERSK PELEPAS,333S,229818041,186934173,Pending,N,INMOR,INMUN,DEHAM,DEHAM,CYP/CYP,12-Aug,,40HCx1,1,,,,3,1.125,,,,,,,,,,,Yes,MAERSK CAMPTON,332W,H&M Home,India,Direct,Yes,,,0,,,,,,
AP > EU,AP,EU,IN,IN S.,33,HMH,MAEU,90-0080,CAPE FLINT,364S,229855990,186996247,Pending,N,INTUT,INTUT,DEHAM,DEHAM,CYP/CYP,12-Aug,,20GPx1,1,,,,2,0.5,,,,,,,,,,,Yes,EBBA MAERSK,330W,H&M Home,India,Direct,Yes,,,0,,,,,,
AP > NA,AP,NA,CN,CN E.,33,DEC,MSCU,25-001WW,MSC BEATRICE,331N,177QSYSYS01043,187032515,Pending,N,CNSHA,CNSHA,USLGB,USLGB,CYP/CYP,12-Aug,,40HCx1,1,,,,1,1.125,,,,,,,,,,,Yes,,,Decathlon,Shanghai,Bkg Agnt,Yes,,,0,,,,,,
AP > NA,AP,NA,CN,CN E.,33,STA,MSCU,25-001WW,MSC BEATRICE,331N,177QSYSYS01045,187034747,Pending,N,CNSHA,CNSHA,USLGB,USLGB,CYP/CYP,12-Aug,,40HCx1,1,,,,1,1.125,,,,,,,,,,,Yes,,,Starbucks,Shanghai,Bkg Agnt,No,,,0,,,,,,
AP > NA,AP,NA,CN,CN E.,33,DEC,COSU,SSM25008,,,6360637480,185757346,Confirmed,Y,CNXMN,CNXMN,USLGB,USLGB,CYP/CYP,13-Aug,16-Aug,40HCx1,1,40HCx1,1,25-Jul,3,1.125,1.125,,,,,,,12-Aug,28-Aug,06-Jul,Yes,,,Decathlon,Xiamen,Bkg Agnt,Yes,,,-19,,,,,,
AP > EU,AP,EU,CN,CN N.,33,HMH,MAEU,90-0080,,,273047067,185771897,Confirmed,N,CNTAO,CNTAO,DEBRV,DEHBO,CYP/D,13-Aug,13-Aug,40HCx1,1,40HCx1,1,31-Jul,1,1.125,1.125,,,,,,,13-Aug,29-Sep,31-Jul,Yes,,,H&M Home,Qingdao,Bkg Agnt,Yes,,,0,,,,,,
AP > EU,AP,EU,CN,CN E.,33,HMH,MAEU,90-0080,MAERSK CAMPTON,332W,229112580,185894410,Confirmed,N,CNNGB,CNNGB,DEHAM,DEHAM,CYP/CYP,13-Aug,13-Aug,40HCx1,1,40HCx1,1,10-Jul,1,1.125,1.125,,,,,,,13-Aug,21-Sep,10-Jul,Yes,,,H&M Home,Ningbo,Direct,Yes,,,0,,,,,,
AP > EU,AP,EU,CN,CN E.,33,HMH,MAEU,90-0080,MAERSK CAMPTON,332W,229112583,185894413,Confirmed,N,CNNGB,CNNGB,DEHAM,DEHAM,CYP/CYP,13-Aug,13-Aug,40HCx1,1,40HCx1,1,10-Jul,1,1.125,1.125,,,,,,,13-Aug,21-Sep,10-Jul,Yes,,,H&M Home,Ningbo,Direct,Yes,,,0,,,,,,
AP > NA,AP,NA,CN,CN E.,33,HOD,COSU,SSM25008,,,6361271200,186160260,Confirmed,Y,CNXMN,CNXMN,USLAX,USLAX,CYP/CYP,13-Aug,06-Aug,"40HCx2, 45HCx2",4,40HCx4,4,20-Jul,1,4.78,4.5,,,,,,,06-Aug,21-Aug,20-Jul,Yes,,,Home Depot,Xiamen,Bkg Agnt,Yes,,,0,,,,,,
AP > NA,AP,NA,CN,CN E.,33,DEC,COSU,SSM25008,,,XIA1183197,186160420,Confirmed,Y,CNXMN,CNXMN,USLAX,USLAX,CYP/CYP,13-Aug,09-Aug,40HCx1,1,40HCx1,1,18-Jul,1,1.125,1.125,,,,,,,09-Aug,,18-Jul,Yes,,,Decathlon,Xiamen,Bkg Agnt,Yes,,,0,,,,,,
AP > NA,AP,NA,CN,CN E.,33,BBY,EGLV,SC50089,EVER LEGEND,1077-058E,EGLV142351363877,186253846,Confirmed,N,CNSHA,CNSHA,USLAX,USLAX,CYP/CYP,13-Aug,13-Aug,40HCx10,10,40HCx10,10,18-Jul,1,11.25,11.25,,,,,,,13-Aug,,18-Jul,Yes,,,Best Buy,Shanghai,Bkg Agnt,Yes,,,0,,,,,,
AP > NA,AP,NA,CN,CN S.,33,NEW,CMDU,89-0000,APL PARIS,0TXF7E1MA,SHZ5648135,186322183,Confirmed,N,CNYTN,CNYTN,USLAX,USKCK,CYP/CYP,13-Aug,13-Aug,20GPx1,1,20GPx1,1,19-Jul,1,0.5,0.5,,,,,,,13-Aug,27-Aug,19-Jul,Yes,,,Newell Brands Distribution,S.China,Direct,Yes,,,0,,,,,,
AP > NA,AP,NA,CN,CN E.,33,TRI,COSU,SSM25008,CSCL SOUTH CHINA SEA,063E,CC5342637524,186388607,Confirmed,N,CNXMN,CNXMN,USLAX,USLAX,CYP/CYP,13-Aug,13-Aug,"40GPx2, 40HCx2",4,"40GPx2, 40HCx2",4,27-Jul,2,4.25,4.25,,,,,,,13-Aug,28-Aug,19-Jul,Yes,,,Triumph,Xiamen,Bkg Agnt,No,,,-8,,,,,,
AP > NA,AP,NA,CN,CN E.,33,NEW,CMDU,89-0000,,,NGP0421485,186392116,Confirmed,N," - , ",CNNGB,USLGB,USKCK,CYP/CYP,13-Aug,13-Aug,40GPx1,1,40GPx1,1,24-Jul,1,1,1,,,,,,,13-Aug,02-Sep,24-Jul,Yes,,,Newell Brands Distribution,Ningbo,Bkg Agnt,Yes,,,0,,,,,,
AP > NA,AP,NA,CN,CN S.,33,NEW,CMDU,89-0000,APL PARIS,0TXF7E1MA,SHZ5651229,186397362,Confirmed,N,CNYTN,CNYTN,USLAX,USKCK,CYP/CYP,13-Aug,13-Aug,40HCx1,1,40HCx1,1,20-Jul,1,1.125,1.125,,,,,,,13-Aug,27-Aug,20-Jul,Yes,,,Newell Brands Distribution,S.China,Direct,Yes,,,0,,,,,,
AP > NA,AP,NA,CN,CN S.,33,NEW,MSCU,25-970GA,MSC JADE,332N,181AY0232736315D1,186408608,Confirmed,N,CNYTN,CNYTN,USLGB,USJAA,CYP/D,13-Aug,13-Aug,"20GPx1, 40GPx1",2,"20GPx1, 40GPx1",2,01-Aug,3,1.5,1.5,,,,,,,13-Aug,,21-Jul,Yes,,,Newell Brands Distribution,S.China,Direct,Yes,,,-11,,,,,,
AP > NA,AP,NA,CN,CN E.,33,TRI,CMDU,89-0000,,,1811M023PE08521P1,186445692,Confirmed,N,CNFOC,CNFOC,USLAX,USLAX,CYP/CYP,13-Aug,13-Aug,40HCx4,4,40HCx4,4,27-Jul,2,4.5,4.5,,,,,,,13-Aug,17-Sep,21-Jul,Yes,,,Triumph,Xiamen,Bkg Agnt,Yes,,,-6,,,,,,
AP > NA,AP,NA,CN,CN E.,33,TRI,COSU,SSM25008,,,6361663840,186454710,Confirmed,N,CNXMN,CNXMN,USLAX,USLAX,CYP/CYP,13-Aug,13-Aug,45HCx1,1,45HCx1,1,20-Jul,1,1.265,1.265,,,,,,,13-Aug,28-Aug,20-Jul,Yes,,,Triumph,Xiamen,Bkg Agnt,Yes,,,0,,,,,,
AP > NA,AP,NA,CN,CN E.,33,NEW,COSU,SSM25008,,,6361763640,186526421,Pending,N,CNXMN,CNXMN,USLAX,USCXL,CYP/CYP,13-Aug,,40HCx1,1,,,,1,1.125,,,,,,,,,,,Yes,,,Newell Brands Distribution,Xiamen,Bkg Agnt,Yes,,,0,,,,,,
AP > NA,AP,NA,CN,CN S.,33,LEN,MAEU,90-0090,MSC JADE,332N,229546565,186546280,Pending,N,CNYTN,CNYTN,USLGB,USLGB,CYP/CYP,13-Aug,,40GPx1,1,,,,3,1,,,,,,,,,,,Yes,,,Lenovo,S.China,Direct,No,,,0,,,,,,
AP > NA,AP,NA,CN,CN S.,33,COS,MAEU,90-0090,MSC JADE,332N,229546656,186546297,Pending,N,CNYTN,CNYTN,USLGB,USLGB,CYP/CYP,13-Aug,,45HCx1,1,,,,2,1.265,,,,,,,,,,,Yes,,,Costco,S.China,Direct,Yes,,,0,,,,,,
AP > NA,AP,NA,CN,CN S.,33,COS,MAEU,90-0090,MSC JADE,332N,229546604,186546308,Pending,N,CNYTN,CNYTN,USLGB,USLGB,CYP/CYP,13-Aug,,45HCx1,1,,,,2,1.265,,,,,,,,,,,Yes,,,Costco,S.China,Direct,No,,,0,,,,,,
AP > NA,AP,NA,CN,CN S.,33,DEC,MAEU,90-0090,MSC JADE,332N,229546624,186546311,Confirmed,N,CNYTN,CNYTN,USLGB,USLGB,CYP/CYP,13-Aug,13-Aug,45HCx1,1,45HCx1,1,03-Aug,3,1.265,1.265,,,,,,,13-Aug,02-Sep,21-Jul,Yes,,,Decathlon,S.China,Direct,Yes,,,-13,,,,,,
AP > NA,AP,NA,CN,CN E.,33,TES,COSU,SSM25008,,,6361835190,186596681,Pending,N,CNXMN,CNXMN,USLAX,USLAX,CYP/CYP,13-Aug,,40HCx1,1,,,,1,1.125,,,,,,,,,,,Yes,,,Tesla,Xiamen,Bkg Agnt,Yes,,,0,,,,,,
AP > NA,AP,NA,VN,VN S.,33,TGT,OOLU,PE2506,COSCO FRANCE,056E,2142062330,186612845,Pending,N,VNSGN,VNTOT,USLGB,USLAX,CYP/CYP,13-Aug,,45HCx1,1,,,,2,1.265,,,,,,,,,,,Yes,,,Target,Vietnam,Direct,No,,,0,,,,,,
AP > NA,AP,NA,CN,CN S.,33,WAL,MAEU,90-0090,MSC JADE,332N,229673268,186737738,Pending,N,CNYTN,CNYTN,USLGB,USLGB,CYP/CYP,13-Aug,,40HCx1,1,,,,2,1.125,,,,,,,,,,,Yes,,,Walmart,S.China,Direct,No,,,0,,,,,,
AP > NA,AP,NA,CN,CN S.,33,TRI,MAEU,90-0090,MSC JADE,332N,229673320,186737750,Pending,N,CNYTN,CNYTN,USLGB,USLGB,CYP/CYP,13-Aug,,40HCx1,1,,,,3,1.125,,,,,,,,,,,Yes,,,Triumph,S.China,Direct,No,,,0,,,,,,
AP > NA,AP,NA,CN,CN S.,33,TRI,MAEU,90-0090,MSC JADE,332N,229673322,186737751,Pending,N,CNYTN,CNYTN,USLGB,USLGB,CYP/CYP,13-Aug,,40HCx1,1,,,,2,1.125,,,,,,,,,,,Yes,,,Triumph,S.China,Direct,No,,,0,,,,,,
AP > NA,AP,NA,CN,CN E.,33,COS,CMDU,89-0000,,,FOC0270015,186768663,Pending,N,CNFOC,CNFOC,USLAX,USLAX,CYP/CYP,13-Aug,,"40HCx4, 45HCx1",5,,,,1,5.765,,,,,,,,,,,Yes,,,Costco,Xiamen,Bkg Agnt,Yes,,,0,,,,,,
AP > NA,AP,NA,CN,CN E.,33,COS,CMDU,89-0000,,,TBD,186824923,Pending,N,CNFOC,CNFOC,USLAX,USLAX,CYP/CYP,13-Aug,,"40GPx2, 40HCx1",3,,,,,3.125,,,,,,,,,,,No,,,Costco,Xiamen,Bkg Agnt,Yes,,,0,,,,,,
AP > NA,AP,NA,CN,CN E.,33,COS,EGLV,SC50089,EVER LEGEND,1077-058E,EGLV142351367805,186834740,Pending,N,CNSHA,CNSHA,USLAX,USLAX,CYP/CYP,13-Aug,,x4,4,,,,1,5.06,,,,,,,,,,,Yes,,,Costco,Shanghai,Bkg Agnt,Yes,,,0,,,,,,
AP > NA,AP,NA,CN,CN E.,33,TRI,EGLV,SC50089,EVER LEGEND,1077-058E,EGLV142351367813,186834799,Pending,N,CNSHA,CNSHA,USLAX,USLAX,CYP/CYP,13-Aug,,40GPx3,3,,,,1,3,,,,,,,,,,,Yes,,,Triumph,Shanghai,Bkg Agnt,Yes,,,0,,,,,,
AP > NA,AP,NA,CN,CN E.,33,TRI,EGLV,SC50089,EVER LEGEND,1077-058E,EGLV142351367822,186834958,Pending,N,CNSHA,CNSHA,USLAX,USLAX,CYP/CYP,13-Aug,,40HCx2,3,,,,1,2.25,,,,,,,,,,,Yes,,,Triumph,Shanghai,Bkg Agnt,Yes,,,0,,,,,,
AP > NA,AP,NA,CN,CN E.,33,TRI,EGLV,SC50089,EVER LEGEND,1077-058E,EGLV142351367830,186835126,Pending,N,CNSHA,CNSHA,USLAX,USLAX,CYP/CYP,13-Aug,,40HCx4,4,,,,1,4.5,,,,,,,,,,,Yes,,,Triumph,Shanghai,Bkg Agnt,Yes,,,0,,,,,,
AP > NA,AP,NA,CN,CN E.,33,TRI,CMDU,89-0000,,,FOC0269565,186835655,Pending,N,CNFOC,CNFOC,USLAX,USLAX,CYP/CYP,13-Aug,,"40HCx3, 45HCx1",4,,,,1,4.64,,,,,,,,,,,Yes,,,Triumph,Xiamen,Bkg Agnt,Yes,,,0,,,,,,
AP > NA,AP,NA,VN,VN S.,33,TGT,OOLU,PE2508,APL SENTOSA,1TU2KE1MA,2142150620,186838423,Pending,N,VNSGN,VNTOT,USLAX,USWZC,CYP/D,13-Aug,,40HCx1,1,,,,4,1.125,,,,,,,,,,,Yes,,,Target,Vietnam,Direct,No,,,0,,,,,,
AP > NA,AP,NA,CN,CN E.,33,TES,CMDU,89-0000,COSCO DENMARK,053E,TBD,186880835,Pending,N,CNSHA,CNSHA,USLGB,USLGB,CYP/CYP,13-Aug,,40HCx4,4,,,,,4.5,,,,,,,,,,,No,,,Tesla,Shanghai,Bkg Agnt,No,,,0,,,,,,
AP > NA,AP,NA,CN,CN E.,33,DEC,CMDU,89-0000,COSCO DENMARK,053E,TBD,186880948,Pending,N,CNSHA,CNSHA,USLGB,USLGB,CYP/CYP,13-Aug,,40HCx3,3,,,,,3.375,,,,,,,,,,,No,,,Decathlon,Shanghai,Bkg Agnt,No,,,0,,,,,,
AP > NA,AP,NA,CN,CN E.,33,DEC,CMDU,89-0000,COSCO DENMARK,053E,TBD,186880960,Pending,N,CNSHA,CNSHA,USLGB,USLGB,CYP/CYP,13-Aug,,45HCx1,1,,,,,1.265,,,,,,,,,,,No,,,Decathlon,Shanghai,Bkg Agnt,No,,,0,,,,,,
AP > NA,AP,NA,CN,CN E.,33,DEC,CMDU,89-0000,COSCO DENMARK,053E,TBD,186880975,Pending,N,CNSHA,CNSHA,USLGB,USLGB,CYP/CYP,13-Aug,,40HCx2,2,,,,,2.25,,,,,,,,,,,No,,,Decathlon,Shanghai,Bkg Agnt,No,,,0,,,,,,
AP > NA,AP,NA,CN,CN E.,33,DEC,CMDU,89-0000,COSCO DENMARK,053E,TBD,186880987,Pending,N,CNSHA,CNSHA,USLGB,USLGB,CYP/CYP,13-Aug,,45HCx1,1,,,,,1.265,,,,,,,,,,,No,,,Decathlon,Shanghai,Bkg Agnt,No,,,0,,,,,,
AP > NA,AP,NA,CN,CN E.,33,STA,CMDU,89-0000,COSCO DENMARK,053E,TBD,186880996,Pending,N,CNSHA,CNSHA,USLGB,USLGB,CYP/CYP,13-Aug,,40HCx2,2,,,,,2.25,,,,,,,,,,,No,,,Starbucks,Shanghai,Bkg Agnt,No,,,0,,,,,,
AP > NA,AP,NA,CN,CN E.,33,STA,CMDU,89-0000,COSCO DENMARK,053E,TBD,186881010,Pending,N,CNSHA,CNSHA,USLGB,USLGB,CYP/CYP,13-Aug,,40HCx1,1,,,,,1.125,,,,,,,,,,,No,,,Starbucks,Shanghai,Bkg Agnt,No,,,0,,,,,,
AP > NA,AP,NA,CN,CN E.,33,COS,CMDU,89-0000,COSCO DENMARK,053E,TBD,186881117,Pending,N,CNSHA,CNSHA,USLGB,USLGB,CYP/CYP,13-Aug,,40HCx5,5,,,,,5.625,,,,,,,,,,,No,,,Costco,Shanghai,Bkg Agnt,No,,,0,,,,,,
AP > NA,AP,NA,CN,CN E.,33,COS,CMDU,89-0000,COSCO DENMARK,053E,TBD,186881205,Pending,N,CNSHA,CNSHA,USLGB,USLGB,CYP/CYP,13-Aug,,40HCx2,2,,,,,2.25,,,,,,,,,,,No,,,Costco,Shanghai,Bkg Agnt,No,,,0,,,,,,
AP > EU,AP,EU,VN,VN S.,33,HMH,MAEU,90-0080,MAERSK JAIPUR,333S,229190411,186007314,Confirmed,N,VNSGN,VNSGN,DEBRV,DEHBO,CYP/D,14-Aug,14-Aug,40HCx1,1,40HCx1,1,12-Jul,1,1.125,1.125,,,,,,,14-Aug,13-Sep,12-Jul,Yes,MORTEN MAERSK,330W,H&M Home,Vietnam,Direct,Yes,,,0,,,,,,
AP > EU,AP,EU,VN,VN S.,33,HMH,MAEU,90-0080,MAERSK JAIPUR,333S,229190459,186007416,Confirmed,N,VNSGN,VNSGN,DEHAM,DEHAM,CYP/CYP,14-Aug,14-Aug,40HCx1,1,40HCx1,1,12-Jul,1,1.125,1.125,,,,,,,14-Aug,14-Sep,12-Jul,Yes,MAERSK CAMDEN,331W,H&M Home,Vietnam,Direct,Yes,,,0,,,,,,
AP > NA,AP,NA,CN,CN E.,33,HOD,CMDU,89-0000,,,XIA1181517,186159989,Confirmed,N,CNXMN,CNXMN,USLAX,USLAX,CYP/CYP,14-Aug,16-Aug,40GPx2,2,40GPx2,2,17-Jul,1,2,2,,,,,,,16-Aug,03-Sep,17-Jul,Yes,,,Home Depot,Xiamen,Bkg Agnt,Yes,,,0,,,,,,
AP > NA,AP,NA,CN,CN E.,33,HOD,CMDU,89-0000,,,XIA1181499,186160052,Confirmed,N,CNXMN,CNXMN,USLAX,USLAX,CYP/CYP,14-Aug,16-Aug,40HCx4,4,40HCx4,4,18-Jul,1,4.5,4.5,,,,,,,16-Aug,03-Sep,18-Jul,Yes,,,Home Depot,Xiamen,Bkg Agnt,Yes,,,0,,,,,,
AP > NA,AP,NA,CN,CN E.,33,DEC,MAEU,90-0090,,,229299011,186160448,Confirmed,N,CNXMN,CNXMN,USLAX,USLAX,CYP/CYP,14-Aug,15-Aug,"40HCx2, 45HCx1",3,"40HCx2, 45HCx1",3,01-Aug,2,3.515,3.515,,,,,,,14-Aug,28-Aug,14-Jul,Yes,,,Decathlon,Xiamen,Bkg Agnt,Yes,,,-18,,,,,,
AP > NA,AP,NA,CN,CN S.,33,BBY,EGLV,SC50089,EVER FUTURE,1310-015E,149304121843,186178284,Confirmed,N,CNYTN,CNYTN,USLAX,USLAX,CYP/CYP,14-Aug,14-Aug,40GPx1,1,40GPx1,1,03-Aug,3,1,1,,,,,,,14-Aug,28-Aug,18-Jul,Yes,,,Best Buy,S.China,Direct,Yes,,,-16,,,,,,
AP > NA,AP,NA,CN,CN S.,33,BBY,EGLV,SC50089,EVER FUTURE,1310-015E,149304121852,186178337,Confirmed,N,CNYTN,CNYTN,USLAX,USLAX,CYP/CYP,14-Aug,14-Aug,40GPx1,1,40GPx1,1,18-Jul,1,1,1,,,,,,,14-Aug,28-Aug,18-Jul,Yes,,,Best Buy,S.China,Direct,Yes,,,0,,,,,,
AP > NA,AP,NA,CN,CN N.,33,NEW,CMDU,89-0000,COSCO PACIFIC,084E,QGD0346128,186262872,Confirmed,N,CNTAO,CNTAO,USLGB,USCXL,CYP/D,14-Aug,14-Aug,20GPx1,1,20GPx1,1,19-Jul,1,0.5,0.5,,,,,,,14-Aug,,19-Jul,Yes,,,Newell Brands Distribution,Qingdao,Bkg Agnt,Yes,,,0,,,,,,
AP > EU,AP,EU,VN,VN S.,33,HMH,MAEU,90-0080,MAERSK JAIPUR,333S,229370431,186292601,Confirmed,N,VNSGN,VNSGN,DEBRV,DEHBO,CYP/D,14-Aug,14-Aug,40GPx1,1,40GPx1,1,18-Jul,1,1,1,,,,,,,14-Aug,13-Sep,18-Jul,Yes,MORTEN MAERSK,330W,H&M Home,Vietnam,Direct,Yes,,,0,,,,,,
AP > NA,AP,NA,CN,CN E.,33,WAL,MSCU,25-970GA,,,1811X023PE06628P1,186323968,Confirmed,N,CNXMN,CNXMN,USLAX,USLAX,CYP/CYP,14-Aug,14-Aug,40HCx1,1,40HCx1,1,01-Aug,2,1.125,1.125,,,,,,,14-Aug,,19-Jul,Yes,,,Walmart,Xiamen,Bkg Agnt,Yes,,,-13,,,,,,
AP > NA,AP,NA,CN,CN N.,33,NEW,MSCU,25-970GA,NORTHERN JAVELIN,UK332A,177RZCZCQ11309VFB,186328610,Pending,N,CNTAO,CNTAO,CAVAN,CABLT,CYP/D,14-Aug,,20HCx1,1,,,,,0.5,,,,,,,,,,,No,,,Newell Brands Distribution,Qingdao,Bkg Agnt,No,,,0,,,,,,
AP > NA,AP,NA,CN,CN S.,33,NEW,OOLU,PE2508,EVER SIGMA,0435-121E,2141974720,186381948,Confirmed,Y,CNJMN,CNYTN,CAVAN,CABRP,CYP/D,14-Aug,20-Aug,20GPx1,1,20GPx1,1,25-Jul,5,0.5,0.5,,,,,,,17-Aug,04-Sep,20-Jul,Yes,,,Newell Brands Distribution,S.China,Direct,Yes,,,-5,,,,,,
AP > NA,AP,NA,CN,CN S.,33,NIK,OOLU,PE2508,COSCO SHIPPING JASMINE,024E,2141988740,186407607,Confirmed,N,CNNSA,CNNSA,USLGB,USLGB,CYP/CYP,14-Aug,14-Aug,40HCx1,1,40HCx1,1,20-Jul,1,1.125,1.125,,,,,,,14-Aug,31-Aug,20-Jul,Yes,,,Nike,S.China,Direct,Yes,,,0,,,,,,
AP > NA,AP,NA,CN,CN E.,33,LEN,MSCU,25-970GA,,,1811X023PE06742P1,186454931,Confirmed,N,CNXMN,CNXMN,USLAX,USLAX,CYP/CYP,14-Aug,14-Aug,40HCx1,1,40HCx1,1,02-Aug,2,1.125,1.125,,,,,,,14-Aug,,21-Jul,Yes,,,Lenovo,Xiamen,Bkg Agnt,Yes,,,-12,,,,,,
AP > NA,AP,NA,VN,VN N.,33,COS,COSU,SSM25008,CSCL SUMMER,055E,6361734200,186509765,Pending,N,VNHPH,VNHPH,USLGB,USLAX,CYP/CYP,14-Aug,,40GPx2,2,,,,2,2,,,,,,,,,,,Yes,,,Costco,Vietnam,Direct,Yes,,,0,,,,,,
AP > NA,AP,NA,CN,CN E.,33,COS,MSCU,25-970GA,,,1811X023PE06786P1,186527558,Pending,N,CNXMN,CNXMN,USLAX,USLAX,CYP/CYP,14-Aug,,40HCx2,2,,,,2,2.25,,,,,,,,,,,Yes,,,Costco,Xiamen,Bkg Agnt,Yes,,,0,,,,,,
AP > NA,AP,NA,CN,CN S.,33,BBY,EGLV,SC50089,EVER FUTURE,1310-015E,149304342467,186537143,Pending,N,CNYTN,CNYTN,USLAX,USLAX,CYP/CYP,14-Aug,,40HCx1,1,,,,1,1.125,,,,,,,,,,,Yes,,,Best Buy,S.China,Direct,Yes,,,0,,,,,,
AP > NA,AP,NA,CN,CN S.,33,DEC,EGLV,SC50089,EVER FUTURE,1310-015E,149304346489,186546355,Pending,N,CNYTN,CNYTN,USLAX,USLAX,CYP/CYP,14-Aug,,40HCx1,1,,,,2,1.125,,,,,,,,,,,Yes,,,Decathlon,S.China,Direct,Yes,,,0,,,,,,
AP > NA,AP,NA,CN,CN S.,33,DEC,EGLV,SC50089,EVER FUTURE,1310-015E,149304346412,186546356,Pending,N,CNYTN,CNYTN,USLAX,USLAX,CYP/CYP,14-Aug,,40GPx1,1,,,,1,1,,,,,,,,,,,Yes,,,Decathlon,S.China,Direct,Yes,,,0,,,,,,
AP > NA,AP,NA,CN,CN S.,33,DEC,EGLV,SC50089,EVER FUTURE,1310-015E,149304346594,186546438,Pending,N,CNYTN,CNYTN,USLAX,USLAX,CYP/CYP,14-Aug,,45HCx1,1,,,,1,1.265,,,,,,,,,,,Yes,,,Decathlon,S.China,Direct,Yes,,,0,,,,,,
AP > NA,AP,NA,CN,CN S.,33,WAL,MSCU,25-970GA,ZIM WILMINGTON,013E,181AY0232741337A1,186610368,Pending,N,CNYTN,CNYTN,USTPA,USTPA,CYP/CYP,14-Aug,,40HCx1,1,,,,1,1.125,,,,,,,,,,,Yes,,,Walmart,S.China,Direct,Yes,,,0,,,,,,
AP > NA,AP,NA,CN,CN S.,33,WAL,MSCU,25-970GA,ZIM WILMINGTON,013E,181AY0232741338A1,186610372,Pending,N,CNYTN,CNYTN,USTPA,USTPA,CYP/CYP,14-Aug,,40HCx1,1,,,,,1.125,,,,,,,,,,,No,,,Walmart,S.China,Direct,No,,,0,,,,,,
AP > NA,AP,NA,CN,CN S.,33,WAL,MSCU,25-970GA,ZIM WILMINGTON,013E,181AY0232741339A1,186610373,Pending,N,CNYTN,CNYTN,USTPA,USTPA,CYP/CYP,14-Aug,,40HCx1,1,,,,,1.125,,,,,,,,,,,No,,,Walmart,S.China,Direct,No,,,0,,,,,,
AP > NA,AP,NA,CN,CN S.,33,WAL,MSCU,25-970GA,ZIM WILMINGTON,013E,181AY0232741341A1,186610374,Pending,N,CNYTN,CNYTN,USTPA,USTPA,CYP/CYP,14-Aug,,40HCx1,1,,,,,1.125,,,,,,,,,,,No,,,Walmart,S.China,Direct,No,,,0,,,,,,
AP > NA,AP,NA,CN,CN S.,33,WAL,MSCU,25-970GA,ZIM WILMINGTON,013E,181AY0232741340A1,186610375,Pending,N,CNYTN,CNYTN,USTPA,USTPA,CYP/CYP,14-Aug,,40HCx1,1,,,,,1.125,,,,,,,,,,,No,,,Walmart,S.China,Direct,No,,,0,,,,,,
AP > NA,AP,NA,CN,CN S.,33,BBY,EGLV,SC50089,EVER FUTURE,1310-015E,149304368440,186603187,Pending,N,CNYTN,CNYTN,USLAX,USLAX,CYP/CYP,14-Aug,,40GPx4,4,,,,1,4,,,,,,,,,,,Yes,,,Best Buy,S.China,Direct,Yes,,,0,,,,,,
AP > NA,AP,NA,CN,CN S.,33,NIK,OOLU,PE2508,COSCO SHIPPING JASMINE,024E,2142064430,186617566,Canceled by carrier,N,CNNSA,CNNSA,USLGB,USLGB,CYP/CYP,14-Aug,,40HCx20,20,,,,,22.5,,,,,,,,,,,No,,,Nike,S.China,Direct,No,,,0,,,,,,
AP > NA,AP,NA,CN,CN S.,33,NIK,OOLU,PE2508,COSCO SHIPPING JASMINE,024E,2142064630,186617813,Canceled by carrier,N,CNNSA,CNNSA,USLGB,USLGB,CYP/CYP,14-Aug,,40HCx20,20,,,,,22.5,,,,,,,,,,,No,,,Nike,S.China,Direct,No,,,0,,,,,,
AP > NA,AP,NA,CN,CN E.,33,TRI,COSU,HOI23500,,,6361920120,186628094,Pending,N,CNFOC,CNFOC,USLAX,USLAX,CYP/CYP,14-Aug,,45HCx4,4,,,,1,5.06,,,,,,,,,,,Yes,,,Triumph,Xiamen,Bkg Agnt,Yes,,,0,,,,,,
AP > NA,AP,NA,CN,CN N.,33,HOD,COSU,SSM25008,COSCO PACIFIC,084E,8042511300,186808732,Pending,N,CNTAO,CNTAO,USLGB,USLGB,CYP/CYP,14-Aug,,40HCx1,1,,,,1,1.125,,,,,,,,,,,Yes,,,Home Depot,Qingdao,Bkg Agnt,Yes,,,0,,,,,,
AP > NA,AP,NA,CN,CN N.,33,DEC,COSU,SSM25008,COSCO PACIFIC,084E,8042511460,186808745,Pending,N,CNTAO,CNTAO,USLGB,USLGB,CYP/CYP,14-Aug,,40HCx1,1,,,,1,1.125,,,,,,,,,,,Yes,,,Decathlon,Qingdao,Bkg Agnt,Yes,,,0,,,,,,
AP > NA,AP,NA,CN,CN N.,33,DEC,COSU,SSM25008,COSCO PACIFIC,084E,8042511770,186808801,Pending,N,CNTAO,CNTAO,USLGB,USLGB,CYP/CYP,14-Aug,,40HCx2,2,,,,1,2.25,,,,,,,,,,,Yes,,,Decathlon,Qingdao,Bkg Agnt,Yes,,,0,,,,,,
AP > NA,AP,NA,CN,CN N.,33,DEC,COSU,SSM25008,COSCO PACIFIC,084E,8042511990,186808872,Pending,N,CNTAO,CNTAO,USLGB,USLGB,CYP/CYP,14-Aug,,45HCx1,1,,,,1,1.265,,,,,,,,,,,Yes,,,Decathlon,Qingdao,Bkg Agnt,Yes,,,0,,,,,,
AP > NA,AP,NA,CN,CN N.,33,TES,COSU,SSM25008,COSCO PACIFIC,084E,8042512020,186808897,Pending,N,CNTAO,CNTAO,USLGB,USLGB,CYP/CYP,14-Aug,,40HCx1,1,,,,1,1.125,,,,,,,,,,,Yes,,,Tesla,Qingdao,Bkg Agnt,Yes,,,0,,,,,,
AP > NA,AP,NA,CN,CN N.,33,TES,COSU,SSM25008,COSCO PACIFIC,084E,8042512120,186808933,Pending,N,CNTAO,CNTAO,USLGB,USLGB,CYP/CYP,14-Aug,,45HCx1,1,,,,1,1.265,,,,,,,,,,,Yes,,,Tesla,Qingdao,Bkg Agnt,Yes,,,0,,,,,,
AP > NA,AP,NA,CN,CN N.,33,TES,COSU,SSM25008,COSCO PACIFIC,084E,8042536190,186808964,Pending,N,CNTAO,CNTAO,USLGB,USLGB,CYP/CYP,14-Aug,,40GPx1,1,,,,1,1,,,,,,,,,,,Yes,,,Tesla,Qingdao,Bkg Agnt,Yes,,,0,,,,,,
AP > NA,AP,NA,CN,CN N.,33,HOD,COSU,SSM25008,COSCO PACIFIC,084E,8042512220,186809035,Pending,N,CNTAO,CNTAO,USLGB,USLGB,CYP/CYP,14-Aug,,"40HCx1, 45HCx1",2,,,,1,2.39,,,,,,,,,,,Yes,,,Home Depot,Qingdao,Bkg Agnt,Yes,,,0,,,,,,
AP > NA,AP,NA,CN,CN E.,33,NEW,CMDU,89-0000,COSCO DENMARK,053E,CHN0467172,186819176,Pending,N,CNSHA,CNSHA,USLGB,USICT,CYP/D,14-Aug,,20GPx1,1,,,,3,0.5,,,,,,,,,,,Yes,,,Newell Brands Distribution,Shanghai,Bkg Agnt,No,,,0,,,,,,
AP > NA,AP,NA,CN,CN N.,33,WAL,MAEU,90-0090,MARSEILLE MAERSK,332W,273068397,186897727,Canceled by carrier,N,CNTSN,CNTSN,USLGB,USLGB,CYP/CYP,14-Aug,,40HCx2,2,,,,,2.25,,,,,,,,,,,Yes,,,Walmart,Tianjin,Bkg Agnt,Yes,,,0,,,,,,
AP > NA,AP,NA,CN,CN N.,33,COS,COSU,SSM25008,COSCO PACIFIC,084E,CC6007975078,186952828,Pending,N,CNTAO,CNTAO,USLGB,USLGB,CYP/CYP,14-Aug,,45HCx2,2,,,,1,2.53,,,,,,,,,,,Yes,,,Costco,Qingdao,Bkg Agnt,Yes,,,0,,,,,,
AP > NA,AP,NA,CN,CN S.,33,BBY,COSU,HOI23500,COSCO SHIPPING JASMINE,024E,6362312250,186953200,Pending,N,CNNSA,CNNSA,USLGB,USLGB,CYP/CYP,14-Aug,,40HCx11,11,,,,1,12.375,,,,,,,,,,,Yes,,,Best Buy,S.China,Direct,Yes,,,0,,,,,,
AP > NA,AP,NA,CN,CN E.,33,NIK,EGLV,SC50089,EVER LAUREL,1078-057E,EGLV145399221287,186979260,Pending,N,CNNKG,CNNKG,USLAX,USLAX,CYP/CYP,14-Aug,,40HCx8,8,,,,1,9,,,,,,,,,,,Yes,,,Nike,Shanghai,Bkg Agnt,Yes,,,0,,,,,,
AP > NA,AP,NA,CN,CN S.,33,BBY,EGLV,SC50089,EVER FUTURE,1310-015E,149304573809,187027991,Pending,N,CNYTN,CNYTN,USLAX,USLAX,CYP/CYP,14-Aug,,20GPx1,1,,,,1,0.5,,,,,,,,,,,Yes,,,Best Buy,S.China,Direct,Yes,,,0,,,,,,
AP > EU,AP,EU,CN,CN S.,33,BBY,MAEU,90-0080,MUNICH MAERSK,533W,TBD,186734576,pending,N,CNYTN,CNYTN,DEHAM,DEHAM,CYP/CYP,15-Aug,16-Aug,40HCx4,4,,,,,4.5,,,,,,,,,,,Yes,,,Best Buy,S.China,Direct,Yes,07-Aug, 20.00 ,0,,,,,,
AP > EU,AP,EU,CN,CN S.,33,BBY,HCLU,HH2000,MUNICH MAERSK,533W,13545758,13545758,Confirmed,N,CNYTN,CNYTN,DEHAM,DEHAM,CYP/CYP,15-Aug,16-Aug,45HCx1,1,45HCx1,1,16-Jul,1,1.265,1.265,15-Aug,3:30,14-Aug,15:30,13-Aug,18:00,16-Aug,23-Sep,16-Jul,Yes,,,Best Buy,S.China,Direct,Yes,07-Aug, 20.00 ,0,,,,,,
AP > NA,AP,NA,CN,CN S.,33,CTI,EGLV,D900070,EVER SIGMA,0435-121E,149304118923,186172155,Pending,N,CNYTN,CNYTN,CAVAN,CAVAN,CYP/CYP,15-Aug,,40GPx1,1,,,,,1,,,,,,,,,,,No,,,Canadian Tire,S.China,Direct,No,,,0,,,,,,
AP > NA,AP,NA,CN,CN E.,33,BBY,OOLU,PE2508,COSCO DENMARK,053E,OOLU2722415270,186254204,Confirmed,N,CNSHA,CNSHA,USLGB,USLGB,CYP/CYP,15-Aug,15-Aug,40HCx10,10,40HCx10,10,18-Jul,1,11.25,11.25,,,,,,,15-Aug,,18-Jul,Yes,,,Best Buy,Shanghai,Bkg Agnt,Yes,,,0,,,,,,
AP > NA,AP,NA,CN,CN E.,33,NEW,CMDU,89-0000,EVER LEGEND,1077-058E,NGP0417089,186313068,Confirmed,N," - , ",CNNGB,USLAX,USCXL,CYP/D,15-Aug,15-Aug,20GPx1,1,20GPx1,1,27-Jul,1,0.5,0.5,,,,,,,15-Aug,12-Sep,27-Jul,Yes,,,Newell Brands Distribution,Ningbo,Bkg Agnt,No,,,0,,,,,,
AP > NA,AP,NA,CN,CN E.,33,BBY,EGLV,SC50089,EVER LEGEND,1077-058E,EGLV143370388209,186527077,Pending,N,CNNGB,CNNGB,USLGB,USLGB,CYP/CYP,15-Aug,,40GPx1,1,,,,1,1,,,,,,,,,,,Yes,,,Best Buy,Ningbo,Bkg Agnt,Yes,,,0,,,,,,
AP > NA,AP,NA,CN,CN E.,33,NEW,CMDU,89-0000,COSCO DENMARK,053E,CHN0458181,186606052,Pending,N,CNSHA,CNSHA,USLGB,USLGB,CYP/CYP,15-Aug,,40HCx1,1,,,,2,1.125,,,,,,,,,,,Yes,,,Newell Brands Distribution,Shanghai,Bkg Agnt,Yes,,,0,,,,,,
AP > NA,AP,NA,CN,CN E.,33,NEW,CMDU,89-0000,COSCO DENMARK,053E,CHN0456921,186606937,Pending,N,CNSHA,CNSHA,USLGB,USLGB,CYP/CYP,15-Aug,,40HCx2,2,,,,2,2.25,,,,,,,,,,,Yes,,,Newell Brands Distribution,Shanghai,Bkg Agnt,Yes,,,0,,,,,,
AP > NA,AP,NA,CN,CN E.,33,NEW,CMDU,89-0000,COSCO DENMARK,053E,CHN0457827,186607772,Pending,N,CNSHA,CNSHA,USLGB,USLGB,CYP/CYP,15-Aug,,40HCx1,1,,,,2,1.125,,,,,,,,,,,Yes,,,Newell Brands Distribution,Shanghai,Bkg Agnt,Yes,,,0,,,,,,
AP > NA,AP,NA,CN,CN E.,33,NEW,CMDU,89-0000,COSCO DENMARK,053E,CHN0457819,186608441,Pending,N,CNSHA,CNSHA,USLGB,USLGB,CYP/CYP,15-Aug,,40HCx2,2,,,,2,2.25,,,,,,,,,,,Yes,,,Newell Brands Distribution,Shanghai,Bkg Agnt,Yes,,,0,,,,,,
AP > NA,AP,NA,CN,CN E.,33,NEW,CMDU,89-0000,COSCO DENMARK,053E,CHN0457828,186610369,Pending,N,CNSHA,CNSHA,USLGB,USLGB,CYP/CYP,15-Aug,,40HCx2,2,,,,2,2.25,,,,,,,,,,,Yes,,,Newell Brands Distribution,Shanghai,Bkg Agnt,Yes,,,0,,,,,,
AP > NA,AP,NA,CN,CN E.,33,NEW,CMDU,89-0000,COSCO DENMARK,053E,CHN0457818,186611113,Pending,N,CNSHA,CNSHA,USLGB,USLGB,CYP/CYP,15-Aug,,40HCx1,1,,,,2,1.125,,,,,,,,,,,Yes,,,Newell Brands Distribution,Shanghai,Bkg Agnt,Yes,,,0,,,,,,
AP > NA,AP,NA,VN,VN S.,33,BBY,EGLV,SC50089,EVER FEAT,1312-015E,235300843344,186700540,Pending,N,VNSGN,VNTOT,USLAX,USLAX,CYP/CYP,15-Aug,,40HCx1,1,,,,1,1.125,,,,,,,,,,,Yes,,,Best Buy,Vietnam,Direct,Yes,,,0,,,,,,
AP > NA,AP,NA,CN,CN E.,33,NEW,CMDU,89-0000,COSCO DENMARK,053E,CHN0463396,186711030,Pending,N,CNSHA,CNSHA,USLGB,USLGB,CYP/CYP,15-Aug,,40HCx5,5,,,,2,5.625,,,,,,,,,,,Yes,,,Newell Brands Distribution,Shanghai,Bkg Agnt,No,,,0,,,,,,
AP > NA,AP,NA,CN,CN E.,33,NEW,CMDU,89-0000,COSCO DENMARK,053E,CHN0463270,186711662,Pending,N,CNSHA,CNSHA,USLGB,USLGB,CYP/CYP,15-Aug,,40HCx5,5,,,,3,5.625,,,,,,,,,,,Yes,,,Newell Brands Distribution,Shanghai,Bkg Agnt,Yes,,,0,,,,,,
AP > NA,AP,NA,CN,CN E.,33,NEW,CMDU,89-0000,COSCO DENMARK,053E,CHN0463363,186712009,Pending,N,CNSHA,CNSHA,USLGB,USLGB,CYP/CYP,15-Aug,,40HCx5,5,,,,3,5.625,,,,,,,,,,,Yes,,,Newell Brands Distribution,Shanghai,Bkg Agnt,Yes,,,0,,,,,,
AP > NA,AP,NA,CN,CN E.,33,NEW,CMDU,89-0000,COSCO DENMARK,053E,CHN0463362,186712275,Pending,N,CNSHA,CNSHA,USLGB,USLGB,CYP/CYP,15-Aug,,40HCx5,5,,,,4,5.625,,,,,,,,,,,Yes,,,Newell Brands Distribution,Shanghai,Bkg Agnt,Yes,,,0,,,,,,
AP > NA,AP,NA,CN,CN E.,33,NEW,CMDU,89-0000,COSCO DENMARK,053E,CHN0463423,186713113,Pending,N,CNSHA,CNSHA,USLGB,USLGB,CYP/CYP,15-Aug,,40HCx4,4,,,,2,4.5,,,,,,,,,,,Yes,,,Newell Brands Distribution,Shanghai,Bkg Agnt,No,,,0,,,,,,
AP > NA,AP,NA,CN,CN E.,33,NEW,MSCU,25-970GA,MSC JADE,332N,177QSYSYS01031,186731929,Pending,N,CNSHA,CNSHA,USLGB,USKTO,CYP/D,15-Aug,,"40GPx1, 40HCx1",2,,,,1,2.125,,,,,,,,,,,Yes,,,Newell Brands Distribution,Shanghai,Bkg Agnt,Yes,,,0,,,,,,
AP > NA,AP,NA,CN,CN S.,33,BBY,HDMU,CA235001,SEASPAN YANGTZE,0026E,HKGM18665600,186732530,Pending,N,CNNSA,CNYTN,CAVAN,CAVAN,CYP/CYP,15-Aug,,40HCx1,1,,,,4,1.125,,,,,,,,,,,Yes,,,Best Buy,S.China,Direct,Yes,,,0,,,,,,
AP > NA,AP,NA,CN,CN S.,33,NIK,HDMU,CA235001,SEASPAN YANGTZE,0026E,HKGM69387100,186732640,Pending,N,CNNSA,CNYTN,CAVAN,CAVAN,CYP/CYP,15-Aug,,40HCx1,1,,,,4,1.125,,,,,,,,,,,Yes,,,Nike,S.China,Direct,Yes,,,0,,,,,,
AP > NA,AP,NA,CN,CN S.,33,NIK,HDMU,CA235001,SEASPAN YANGTZE,0026E,HKGM17796000,186732702,Pending,N,CNNSA,CNYTN,CAVAN,CAVAN,CYP/CYP,15-Aug,,40HCx1,1,,,,4,1.125,,,,,,,,,,,Yes,,,Nike,S.China,Direct,Yes,,,0,,,,,,
AP > NA,AP,NA,CN,CN S.,33,NEW,CMDU,89-0000,CMA CGM LYRA,0TXF9E1MA,ZSN0582094,186732729,Pending,N,CNJMN,CNNSA,USLAX,USLAX,CYP/CYP,15-Aug,,40HCx1,1,,,,1,1.125,,,,,,,,,,,Yes,,,Newell Brands Distribution,S.China,Direct,Yes,,,0,,,,,,
AP > NA,AP,NA,CN,CN S.,33,NIK,HDMU,CA235001,SEASPAN YANGTZE,0026E,HKGM75076500,186732736,Pending,N,CNNSA,CNYTN,CAVAN,CAEDM,CYP/CYP,15-Aug,,40HCx1,1,,,,4,1.125,,,,,,,,,,,Yes,,,Nike,S.China,Direct,Yes,,,0,,,,,,
AP > NA,AP,NA,CN,CN S.,33,NIK,HDMU,CA235001,SEASPAN YANGTZE,0026E,HKGM79038200,186732741,Pending,N,CNNSA,CNYTN,CAVAN,CAMTR,CYP/CYP,15-Aug,,40HCx1,1,,,,4,1.125,,,,,,,,,,,Yes,,,Nike,S.China,Direct,Yes,,,0,,,,,,
AP > NA,AP,NA,CN,CN S.,33,NEW,CMDU,89-0000,CMA CGM LYRA,0TXF9E1MA,ZSN0582096,186732763,Pending,N,CNJMN,CNNSA,USLAX,USLAX,CYP/CYP,15-Aug,,20GPx1,1,,,,1,0.5,,,,,,,,,,,Yes,,,Newell Brands Distribution,S.China,Direct,Yes,,,0,,,,,,
AP > NA,AP,NA,CN,CN S.,33,BBY,HDMU,CA235001,SEASPAN YANGTZE,0026E,HKGM41722500,186732811,Pending,N,CNNSA,CNYTN,CAVAN,CAMTR,CYP/CYP,15-Aug,,40HCx1,1,,,,4,1.125,,,,,,,,,,,Yes,,,Best Buy,S.China,Direct,Yes,,,0,,,,,,
AP > NA,AP,NA,CN,CN S.,33,NEW,CMDU,89-0000,CMA CGM LYRA,0TXF9E1MA,ZSN0582066,186733995,Pending,N,CNYTN,CNYTN,USLAX,USKCK,CYP/CYP,15-Aug,,40GPx1,1,,,,1,1,,,,,,,,,,,Yes,,,Newell Brands Distribution,S.China,Direct,Yes,,,0,,,,,,
AP > NA,AP,NA,CN,CN E.,33,NEW,CMDU,89-0000,,,TBD,186750800,Pending,N," - , ",CNNGB,USLGB,USICT,CYP/CYP,15-Aug,,40GPx1,1,,,,,1,,,,,,,,,,,No,,,Newell Brands Distribution,Ningbo,Bkg Agnt,Yes,,,0,,,,,,
AP > NA,AP,NA,CN,CN E.,33,NEW,CMDU,89-0000,CSCL SOUTH CHINA SEA,063E,214528476,186870836,Pending,N," - , ",CNNGB,USLGB,USICT,CYP/D,15-Aug,,40GPx1,1,,,,,1,,,,,,,,,,,No,,,Newell Brands Distribution,Ningbo,Bkg Agnt,Yes,,,0,,,,,,
AP > NA,AP,NA,VN,VN S.,33,NEW,CMDU,89-0000,CMA CGM CHILE,1TU2CE1MA,SGN1905412,186931165,Pending,N,VNSGN,VNVUT,USLAX,USICT,CYP/D,15-Aug,,40GPx1,1,,,,2,1,,,,,,,,,,,Yes,,,Newell Brands Distribution,Vietnam,Direct,Yes,,,0,,,,,,
AP > NA,AP,NA,CN,CN E.,33,COS,EGLV,SC50089,EVER LEGEND,1077-058E,EGLV143370388527,186952862,Pending,N,CNNGB,CNNGB,USLAX,USLAX,CYP/CYP,15-Aug,,40HCx1,1,,,,2,1.125,,,,,,,,,,,Yes,,,Costco,Ningbo,Bkg Agnt,Yes,,,0,,,,,,
AP > NA,AP,NA,CN,CN E.,33,TES,EGLV,SC50089,EVER LEGEND,1077-058E,EGLV143370388594,186953059,Pending,N,CNNGB,CNNGB,USLAX,USLAX,CYP/CYP,15-Aug,,40HCx1,1,,,,2,1.125,,,,,,,,,,,Yes,,,Tesla,Ningbo,Bkg Agnt,Yes,,,0,,,,,,
AP > NA,AP,NA,CN,CN E.,33,STA,EGLV,SC50089,EVER LEGEND,1077-058E,EGLV143370388501,186953072,Pending,N,CNNGB,CNNGB,USLAX,USLAX,CYP/CYP,15-Aug,,40HCx2,2,,,,2,2.25,,,,,,,,,,,Yes,,,Starbucks,Ningbo,Bkg Agnt,Yes,,,0,,,,,,
AP > NA,AP,NA,CN,CN E.,33,STA,EGLV,SC50089,EVER LEGEND,1077-058E,EGLV143370388560,186953122,Pending,N,CNNGB,CNNGB,USLAX,USLAX,CYP/CYP,15-Aug,,40GPx1,1,,,,2,1,,,,,,,,,,,Yes,,,Starbucks,Ningbo,Bkg Agnt,Yes,,,0,,,,,,
AP > NA,AP,NA,CN,CN E.,33,TES,EGLV,SC50089,EVER LEGEND,1077-058E,EGLV143370388586,186953182,Pending,N,CNNGB,CNNGB,USLAX,USLAX,CYP/CYP,15-Aug,,40HCx4,4,,,,2,4.5,,,,,,,,,,,Yes,,,Tesla,Ningbo,Bkg Agnt,Yes,,,0,,,,,,
AP > NA,AP,NA,CN,CN E.,33,TRI,EGLV,SC50089,EVER LEGEND,1077-058E,TBD,187026431,Canceled by carrier,N,CNNGB,CNNGB,USLAX,USLAX,CYP/CYP,15-Aug,,40HCx1,1,,,,,1.125,,,,,,,,,,,No,,,Triumph,Ningbo,Bkg Agnt,Yes,,,0,,,,,,
AP > NA,AP,NA,CN,CN E.,33,TRI,COSU,SSM25008,CSCL SOUTH CHINA SEA,063E,COSU6362520350,187027299,Pending,N,CNNGB,CNNGB,USLGB,USLGB,CYP/CYP,15-Aug,,45HCx1,1,,,,1,1.265,,,,,,,,,,,Yes,,,Triumph,Ningbo,Bkg Agnt,Yes,,,0,,,,,,
AP > NA,AP,NA,CN,CN E.,33,WAL,COSU,SSM25008,CSCL SOUTH CHINA SEA,063E,COSU6362520430,187027388,Pending,N,CNNGB,CNNGB,USLGB,USLGB,CYP/CYP,15-Aug,,"40HCx1, 45HCx1",2,,,,1,2.39,,,,,,,,,,,Yes,,,Walmart,Ningbo,Bkg Agnt,Yes,,,0,,,,,,
AP > NA,AP,NA,CN,CN E.,33,WAL,COSU,SSM25008,CSCL SOUTH CHINA SEA,063E,COSU6362520380,187027431,Pending,N,CNNGB,CNNGB,USLGB,USLGB,CYP/CYP,15-Aug,,45HCx2,2,,,,1,2.53,,,,,,,,,,,Yes,,,Walmart,Ningbo,Bkg Agnt,Yes,,,0,,,,,,
AP > NA,AP,NA,CN,CN E.,33,COS,COSU,SSM25008,CSCL SOUTH CHINA SEA,063E,COSU6362520310,187027447,Pending,N,CNNGB,CNNGB,USLGB,USLGB,CYP/CYP,15-Aug,,45HCx1,1,,,,1,1.265,,,,,,,,,,,Yes,,,Costco,Ningbo,Bkg Agnt,Yes,,,0,,,,,,
AP > NA,AP,NA,CN,CN E.,33,COS,COSU,SSM25008,CSCL SOUTH CHINA SEA,063E,COSU6362520290,187027510,Pending,N,CNNGB,CNNGB,USLGB,USLGB,CYP/CYP,15-Aug,,"40HCx2, 45HCx2",4,,,,1,4.78,,,,,,,,,,,Yes,,,Costco,Ningbo,Bkg Agnt,Yes,,,0,,,,,,
AP > NA,AP,NA,CN,CN E.,33,STA,COSU,SSM25008,CSCL SOUTH CHINA SEA,063E,COSU6362520330,187027614,Pending,N,CNNGB,CNNGB,USLGB,USLGB,CYP/CYP,15-Aug,,45HCx2,2,,,,1,2.53,,,,,,,,,,,Yes,,,Starbucks,Ningbo,Bkg Agnt,Yes,,,0,,,,,,
AP > NA,AP,NA,CN,CN E.,33,LEN,COSU,SSM25008,CSCL SOUTH CHINA SEA,063E,COSU6362520260,187027680,Pending,N,CNNGB,CNNGB,USLGB,USLGB,CYP/CYP,15-Aug,,"40GPx1, 45HCx3",4,,,,1,4.795,,,,,,,,,,,Yes,,,Lenovo,Ningbo,Bkg Agnt,Yes,,,0,,,,,,
AP > NA,AP,NA,CN,CN E.,33,LEN,COSU,SSM25008,EVER LEGEND,1077-058E,COSU6362468210,187027804,Pending,N,CNNGB,CNNGB,USLAX,USLAX,CYP/CYP,15-Aug,,40HCx1,1,,,,1,1.125,,,,,,,,,,,Yes,,,Lenovo,Ningbo,Bkg Agnt,Yes,,,0,,,,,,
AP > NA,AP,NA,CN,CN E.,33,LEN,COSU,SSM25008,EVER LEGEND,1077-058E,COSU6362468110,187027837,Pending,N,CNNGB,CNNGB,USLAX,USLAX,CYP/CYP,15-Aug,,40HCx1,1,,,,1,1.125,,,,,,,,,,,Yes,,,Lenovo,Ningbo,Bkg Agnt,Yes,,,0,,,,,,
AP > NA,AP,NA,CN,CN E.,33,LEN,COSU,SSM25008,EVER LEGEND,1077-058E,COSU6362468170,187027864,Pending,N,CNNGB,CNNGB,USLAX,USLAX,CYP/CYP,15-Aug,,40HCx1,1,,,,1,1.125,,,,,,,,,,,Yes,,,Lenovo,Ningbo,Bkg Agnt,Yes,,,0,,,,,,
AP > NA,AP,NA,CN,CN E.,33,LEN,COSU,SSM25008,EVER LEGEND,1077-058E,COSU6362468190,187027947,Pending,N,CNNGB,CNNGB,USLAX,USLAX,CYP/CYP,15-Aug,,40HCx1,1,,,,1,1.125,,,,,,,,,,,Yes,,,Lenovo,Ningbo,Bkg Agnt,Yes,,,0,,,,,,
AP > NA,AP,NA,CN,CN E.,33,WAL,COSU,SSM25008,EVER LEGEND,1077-058E,COSU6362468120,187027969,Pending,N,CNNGB,CNNGB,USLAX,USLAX,CYP/CYP,15-Aug,,40HCx1,1,,,,1,1.125,,,,,,,,,,,Yes,,,Walmart,Ningbo,Bkg Agnt,Yes,,,0,,,,,,
AP > NA,AP,NA,CN,CN E.,33,TRI,CMDU,89-0000,,,XIA1182045,186252567,Confirmed,N,CNXMN,CNXMN,USLAX,USLAX,CYP/CYP,16-Aug,16-Aug,40HCx2,2,40HCx2,2,18-Jul,1,2.25,2.25,,,,,,,16-Aug,,18-Jul,Yes,,,Triumph,Xiamen,Bkg Agnt,Yes,,,0,,,,,,
AP > NA,AP,NA,CN,CN E.,33,COS,EGLV,SC50089,,,146300614026,186468494,Confirmed,N,CNXMN,CNXMN,USLAX,USLAX,CYP/CYP,16-Aug,16-Aug,40HCx1,1,40HCx1,1,21-Jul,1,1.125,1.125,,,,,,,16-Aug,03-Sep,21-Jul,Yes,,,Costco,Xiamen,Bkg Agnt,Yes,,,0,,,,,,
AP > NA,AP,NA,CN,CN E.,33,TRI,COSU,SSM25008,,,6361835380,186596773,Pending,N,CNXMN,CNXMN,USLAX,USLAX,CYP/CYP,16-Aug,,40HCx1,1,,,,1,1.125,,,,,,,,,,,Yes,,,Triumph,Xiamen,Bkg Agnt,Yes,,,0,,,,,,
AP > NA,AP,NA,VN,VN N.,33,BBY,MSCU,25-970GA,MSC SINDY,332A,643IN2327207,186611273,Pending,N,VNHPH,VNHPH,USLGB,USLGB,CYP/CYP,16-Aug,,40GPx1,1,,,,,1,,,,,,,,,,,No,,,Best Buy,Vietnam,Direct,Yes,,,0,,,,,,
AP > NA,AP,NA,CN,CN E.,33,COS,MAEU,90-0090,MSC JADE,332N,292862198,186953414,Pending,N,CNNGB,CNNGB,USLGB,USLGB,CYP/CYP,16-Aug,,40GPx1,1,,,,1,1,,,,,,,,,,,Yes,,,Costco,Ningbo,Bkg Agnt,Yes,,,0,,,,,,
AP > NA,AP,NA,CN,CN E.,33,HOD,MAEU,90-0090,MSC JADE,332N,292862199,186953452,Pending,N,CNNGB,CNNGB,USLGB,USLGB,CYP/CYP,16-Aug,,40HCx1,1,,,,1,1.125,,,,,,,,,,,Yes,,,Home Depot,Ningbo,Bkg Agnt,Yes,,,0,,,,,,
AP > NA,AP,NA,CN,CN E.,33,STA,MAEU,90-0090,MSC JADE,332N,292862201,186953567,Pending,N,CNNGB,CNNGB,USLGB,USLGB,CYP/CYP,16-Aug,,40HCx3,3,,,,1,3.375,,,,,,,,,,,Yes,,,Starbucks,Ningbo,Bkg Agnt,Yes,,,0,,,,,,
AP > NA,AP,NA,CN,CN E.,33,TRI,MAEU,90-0090,MSC JADE,332N,292862200,186973517,Pending,N,CNNGB,CNNGB,USLGB,USLGB,CYP/CYP,16-Aug,,"40GPx1, 40HCx2",3,,,,2,3.25,,,,,,,,,,,Yes,,,Triumph,Ningbo,Bkg Agnt,Yes,,,0,,,,,,
AP > NA,AP,NA,CN,CN E.,33,STA,MSCU,25-001WW,MSC JADE,332N,177UGLGLN31928A,187028050,Pending,N,CNNGB,CNNGB,USLGB,USLGB,CYP/CYP,16-Aug,,40HCx2,2,,,,1,2.25,,,,,,,,,,,Yes,,,Starbucks,Ningbo,Bkg Agnt,Yes,,,0,,,,,,
AP > NA,AP,NA,CN,CN E.,33,STA,MSCU,25-001WW,MSC JADE,332N,177UGLGLN31929A,187028098,Pending,N,CNNGB,CNNGB,USLGB,USLGB,CYP/CYP,16-Aug,,40HCx1,1,,,,2,1.125,,,,,,,,,,,Yes,,,Starbucks,Ningbo,Bkg Agnt,No,,,0,,,,,,
AP > NA,AP,NA,CN,CN E.,33,STA,MSCU,25-001WW,MSC JADE,332N,177UGLGLN31931A,187028167,Pending,N,CNNGB,CNNGB,USLGB,USLGB,CYP/CYP,16-Aug,,40GPx4,4,,,,1,4,,,,,,,,,,,Yes,,,Starbucks,Ningbo,Bkg Agnt,Yes,,,0,,,,,,
AP > NA,AP,NA,CN,CN E.,33,WAL,MSCU,25-001WW,MSC JADE,332N,177UGLGLN31930A,187028208,Pending,N,CNNGB,CNNGB,USLGB,USLGB,CYP/CYP,16-Aug,,40GPx5,5,,,,1,5,,,,,,,,,,,Yes,,,Walmart,Ningbo,Bkg Agnt,No,,,0,,,,,,
AP > NA,AP,NA,CN,CN S.,33,NEW,CMDU,89-0000,CMA CGM CHILE,1TU2CE1MA,SHZ5648126,186322361,Confirmed,N,CNYTN,CNYTN,USLAX,USLAX,CYP/CYP,17-Aug,17-Aug,40HCx1,1,40HCx1,1,19-Jul,1,1.125,1.125,,,,,,,17-Aug,01-Sep,19-Jul,Yes,,,Newell Brands Distribution,S.China,Direct,Yes,,,0,,,,,,
AP > NA,AP,NA,CN,CN S.,33,NEW,CMDU,89-0000,CMA CGM CHILE,1TU2CE1MA,SHZ5648205,186323340,Canceled by carrier,N,CNYTN,CNYTN,USLAX,USLAX,CYP/CYP,17-Aug,,40GPx1,1,,,,,1,,,,,,,,,,,No,,,Newell Brands Distribution,S.China,Direct,No,,,0,,,,,,
AP > NA,AP,NA,CN,CN S.,33,BBY,OOLU,PE2508,COSCO SHIPPING JASMINE,024E,2141974210,186381044,Confirmed,N,CNYTN,CNYTN,USLGB,USLGB,CYP/CYP,17-Aug,17-Aug,40HCx9,9,40HCx9,9,04-Aug,3,10.125,10.125,,,,,,,17-Aug,31-Aug,19-Jul,Yes,,,Best Buy,S.China,Direct,Yes,,,-16,,,,,,
AP > NA,AP,NA,CN,CN S.,33,NEW,CMDU,89-0000,CMA CGM CHILE,1TU2CE1MA,SHZ5651154,186395990,Confirmed,N,CNYTN,CNYTN,USLAX,USKTO,CYP/D,17-Aug,17-Aug,20GPx1,1,20GPx1,1,20-Jul,1,0.5,0.5,,,,,,,17-Aug,01-Sep,20-Jul,Yes,,,Newell Brands Distribution,S.China,Direct,No,,,0,,,,,,
AP > NA,AP,NA,CN,CN S.,33,NEW,CMDU,89-0000,CMA CGM CHILE,1TU2CE1MA,SHZ5656286,186510518,Pending,N,CNYTN,CNYTN,USLAX,USLAX,CYP/CYP,17-Aug,,20GPx1,1,,,,1,0.5,,,,,,,,,,,Yes,,,Newell Brands Distribution,S.China,Direct,Yes,,,0,,,,,,
AP > NA,AP,NA,CN,CN S.,33,NEW,CMDU,89-0000,TAIPEI TRIUMPH,0TSFJE1MA,SHZ5668162,186812952,Pending,N,CNYTN,CNYTN,USSAV,USXFS,CYP/D,17-Aug,,40HCx1,1,,,,1,1.125,,,,,,,,,,,Yes,,,Newell Brands Distribution,S.China,Direct,Yes,,,0,,,,,,
AP > NA,AP,NA,CN,CN S.,33,NEW,CMDU,89-0000,CMA CGM CHILE,1TU2CE1MA,SHZ5674491,186952138,Pending,N,CNYTN,CNYTN,USLAX,USKCK,CYP/CYP,17-Aug,,40HCx1,1,,,,1,1.125,,,,,,,,,,,Yes,,,Newell Brands Distribution,S.China,Direct,Yes,,,0,,,,,,
AP > NA,AP,NA,CN,CN S.,33,NIK,COSU,HOI23500,COSCO SHIPPING JASMINE,024E,6362312520,186953391,Pending,N,CNYTN,CNYTN,USLGB,USLGB,CYP/CYP,17-Aug,,40HCx1,1,,,,1,1.125,,,,,,,,,,,Yes,,,Nike,S.China,Direct,Yes,,,0,,,,,,
AP > NA,AP,NA,CN,CN S.,33,NIK,COSU,HOI23500,COSCO SHIPPING JASMINE,024E,6362312700,186953560,Pending,N,CNYTN,CNYTN,USLGB,USLGB,CYP/CYP,17-Aug,,40HCx1,1,,,,1,1.125,,,,,,,,,,,Yes,,,Nike,S.China,Direct,Yes,,,0,,,,,,
AP > NA,AP,NA,CN,CN S.,33,NIK,COSU,HOI23500,COSCO SHIPPING JASMINE,024E,6362312780,186953645,Pending,N,CNYTN,CNYTN,USLGB,USLGB,CYP/CYP,17-Aug,,40HCx6,6,,,,1,6.75,,,,,,,,,,,Yes,,,Nike,S.China,Direct,Yes,,,0,,,,,,
AP > NA,AP,NA,CN,CN S.,33,DEC,COSU,SSM25008,COSCO SHIPPING JASMINE,024E,6362376580,186985363,Pending,N,CNYTN,CNYTN,USLGB,USLGB,CYP/CYP,17-Aug,,40GPx1,1,,,,1,1,,,,,,,,,,,Yes,,,Decathlon,S.China,Direct,Yes,,,0,,,,,,
AP > NA,AP,NA,CN,CN S.,33,DEC,COSU,SSM25008,COSCO SHIPPING JASMINE,024E,6362376790,186985392,Pending,N,CNYTN,CNYTN,USLGB,USLGB,CYP/CYP,17-Aug,,40GPx1,1,,,,1,1,,,,,,,,,,,Yes,,,Decathlon,S.China,Direct,Yes,,,0,,,,,,
AP > NA,AP,NA,CN,CN S.,33,STA,COSU,SSM25008,COSCO SHIPPING JASMINE,024E,6362377100,186985484,Pending,N,CNYTN,CNYTN,USLGB,USLGB,CYP/CYP,17-Aug,,40HCx1,1,,,,1,1.125,,,,,,,,,,,Yes,,,Starbucks,S.China,Direct,Yes,,,0,,,,,,
AP > NA,AP,NA,CN,CN S.,33,STA,COSU,SSM25008,COSCO SHIPPING JASMINE,024E,6362377210,186985485,Pending,N,CNYTN,CNYTN,USLGB,USLGB,CYP/CYP,17-Aug,,40HCx1,1,,,,1,1.125,,,,,,,,,,,Yes,,,Starbucks,S.China,Direct,Yes,,,0,,,,,,
AP > NA,AP,NA,CN,CN S.,33,STA,COSU,SSM25008,COSCO SHIPPING JASMINE,024E,6362376560,186985486,Pending,N,CNYTN,CNYTN,USLGB,USLGB,CYP/CYP,17-Aug,,40HCx1,1,,,,1,1.125,,,,,,,,,,,Yes,,,Starbucks,S.China,Direct,Yes,,,0,,,,,,
AP > NA,AP,NA,CN,CN S.,33,STA,COSU,SSM25008,COSCO SHIPPING JASMINE,024E,6362376480,186985489,Pending,N,CNYTN,CNYTN,USLGB,USLGB,CYP/CYP,17-Aug,,40HCx1,1,,,,1,1.125,,,,,,,,,,,Yes,,,Starbucks,S.China,Direct,Yes,,,0,,,,,,
AP > NA,AP,NA,CN,CN S.,33,COS,COSU,SSM25008,COSCO SHIPPING JASMINE,024E,6362376650,186985491,Pending,N,CNYTN,CNYTN,USLGB,USLGB,CYP/CYP,17-Aug,,40HCx1,1,,,,1,1.125,,,,,,,,,,,Yes,,,Costco,S.China,Direct,Yes,,,0,,,,,,
AP > NA,AP,NA,CN,CN S.,33,COS,COSU,SSM25008,COSCO SHIPPING JASMINE,024E,6362376570,186985492,Pending,N,CNYTN,CNYTN,USLGB,USLGB,CYP/CYP,17-Aug,,40HCx1,1,,,,1,1.125,,,,,,,,,,,Yes,,,Costco,S.China,Direct,Yes,,,0,,,,,,
AP > NA,AP,NA,CN,CN S.,33,COS,COSU,SSM25008,COSCO SHIPPING JASMINE,024E,6362376270,186985493,Pending,N,CNYTN,CNYTN,USLGB,USLGB,CYP/CYP,17-Aug,,40HCx1,1,,,,1,1.125,,,,,,,,,,,Yes,,,Costco,S.China,Direct,Yes,,,0,,,,,,
AP > NA,AP,NA,CN,CN S.,33,COS,COSU,SSM25008,COSCO SHIPPING JASMINE,024E,6362376060,186985498,Pending,N,CNYTN,CNYTN,USLGB,USLGB,CYP/CYP,17-Aug,,40HCx1,1,,,,1,1.125,,,,,,,,,,,Yes,,,Costco,S.China,Direct,Yes,,,0,,,,,,
AP > NA,AP,NA,CN,CN S.,33,COS,COSU,SSM25008,COSCO SHIPPING JASMINE,024E,6362377360,186985499,Pending,N,CNYTN,CNYTN,USLGB,USLGB,CYP/CYP,17-Aug,,40HCx1,1,,,,1,1.125,,,,,,,,,,,Yes,,,Costco,S.China,Direct,Yes,,,0,,,,,,
AP > NA,AP,NA,CN,CN S.,33,TRI,COSU,SSM25008,COSCO SHIPPING JASMINE,024E,6362377400,186985500,Pending,N,CNYTN,CNYTN,USLGB,USLGB,CYP/CYP,17-Aug,,40HCx1,1,,,,1,1.125,,,,,,,,,,,Yes,,,Triumph,S.China,Direct,Yes,,,0,,,,,,
AP > NA,AP,NA,CN,CN S.,33,TRI,COSU,SSM25008,COSCO SHIPPING JASMINE,024E,6362376380,186985504,Pending,N,CNYTN,CNYTN,USLGB,USLGB,CYP/CYP,17-Aug,,40HCx1,1,,,,1,1.125,,,,,,,,,,,Yes,,,Triumph,S.China,Direct,Yes,,,0,,,,,,
AP > NA,AP,NA,CN,CN S.,33,LEN,COSU,SSM25008,COSCO SHIPPING JASMINE,024E,6362376850,186985505,Pending,N,CNYTN,CNYTN,USLGB,USLGB,CYP/CYP,17-Aug,,40HCx1,1,,,,1,1.125,,,,,,,,,,,Yes,,,Lenovo,S.China,Direct,Yes,,,0,,,,,,
AP > NA,AP,NA,CN,CN S.,33,LEN,COSU,SSM25008,COSCO SHIPPING JASMINE,024E,6362376350,186985508,Pending,N,CNYTN,CNYTN,USLGB,USLGB,CYP/CYP,17-Aug,,40HCx1,1,,,,1,1.125,,,,,,,,,,,Yes,,,Lenovo,S.China,Direct,Yes,,,0,,,,,,
AP > NA,AP,NA,CN,CN S.,33,LEN,COSU,SSM25008,COSCO SHIPPING JASMINE,024E,6362376740,186985510,Pending,N,CNYTN,CNYTN,USLGB,USLGB,CYP/CYP,17-Aug,,40HCx1,1,,,,1,1.125,,,,,,,,,,,Yes,,,Lenovo,S.China,Direct,Yes,,,0,,,,,,
AP > NA,AP,NA,CN,CN S.,33,LEN,COSU,SSM25008,COSCO SHIPPING JASMINE,024E,6362377450,186985513,Pending,N,CNYTN,CNYTN,USLGB,USLGB,CYP/CYP,17-Aug,,40HCx1,1,,,,1,1.125,,,,,,,,,,,Yes,,,Lenovo,S.China,Direct,Yes,,,0,,,,,,
AP > NA,AP,NA,CN,CN S.,33,TRI,COSU,SSM25008,COSCO SHIPPING JASMINE,024E,6362377510,186985516,Pending,N,CNYTN,CNYTN,USLGB,USLGB,CYP/CYP,17-Aug,,40HCx1,1,,,,1,1.125,,,,,,,,,,,Yes,,,Triumph,S.China,Direct,Yes,,,0,,,,,,
AP > NA,AP,NA,CN,CN S.,33,TRI,COSU,SSM25008,COSCO SHIPPING JASMINE,024E,6362377310,186985519,Pending,N,CNYTN,CNYTN,USLGB,USLGB,CYP/CYP,17-Aug,,40HCx1,1,,,,1,1.125,,,,,,,,,,,Yes,,,Triumph,S.China,Direct,Yes,,,0,,,,,,
AP > NA,AP,NA,CN,CN S.,33,TRI,COSU,SSM25008,COSCO SHIPPING JASMINE,024E,6362377500,186985521,Pending,N,CNYTN,CNYTN,USLGB,USLGB,CYP/CYP,17-Aug,,40HCx1,1,,,,1,1.125,,,,,,,,,,,Yes,,,Triumph,S.China,Direct,Yes,,,0,,,,,,
AP > NA,AP,NA,CN,CN S.,33,WAL,COSU,SSM25008,COSCO SHIPPING JASMINE,024E,6362377460,186985523,Pending,N,CNYTN,CNYTN,USLGB,USLGB,CYP/CYP,17-Aug,,40HCx1,1,,,,1,1.125,,,,,,,,,,,Yes,,,Walmart,S.China,Direct,Yes,,,0,,,,,,
AP > NA,AP,NA,CN,CN S.,33,STA,COSU,SSM25008,COSCO SHIPPING JASMINE,024E,6362377550,186985529,Pending,N,CNYTN,CNYTN,USLGB,USLGB,CYP/CYP,17-Aug,,40HCx1,1,,,,1,1.125,,,,,,,,,,,Yes,,,Starbucks,S.China,Direct,Yes,,,0,,,,,,
AP > NA,AP,NA,CN,CN S.,33,BBY,COSU,HOI23500,COSCO SHIPPING JASMINE,024E,6362417580,187032872,Pending,N,CNYTN,CNYTN,USLGB,USLGB,CYP/CYP,17-Aug,,40GPx1,1,,,,2,1,,,,,,,,,,,Yes,,,Best Buy,S.China,Direct,Yes,,,0,,,,,,
AP > NA,AP,NA,CN,CN E.,34,COS,EGLV,SC50089,,,6362453720,185895966,Confirmed,N,CNXMN,CNXMN,USLGB,USLGB,CYP/CYP,18-Aug,20-Aug,40HCx4,4,40HCx4,4,01-Aug,2,4.5,4.5,,,,,,,23-Aug,10-Sep,19-Jul,Yes,,,Costco,Xiamen,Bkg Agnt,Yes,,,-13,,,,,,
AP > NA,AP,NA,CN,CN S.,34,COS,MSCU,25-001WW,GUNDE MAERSK,332N,181AY0232740484P1,186546516,Pending,N,CNYTN,CNYTN,USLAX,USLAX,CYP/CYP,18-Aug,,40GPx1,1,,,,2,1,,,,,,,,,,,Yes,,,Costco,S.China,Direct,Yes,,,0,,,,,,
AP > NA,AP,NA,CN,CN S.,34,TRI,MSCU,25-001WW,GUNDE MAERSK,332N,181AY0232740487P1,186546517,Pending,N,CNYTN,CNYTN,USLAX,USLAX,CYP/CYP,18-Aug,,40HCx1,1,,,,3,1.125,,,,,,,,,,,Yes,,,Triumph,S.China,Direct,Yes,,,0,,,,,,
AP > NA,AP,NA,CN,CN S.,34,TRI,MSCU,25-001WW,GUNDE MAERSK,332N,181AY0232740485P1,186546518,Pending,N,CNYTN,CNYTN,USLAX,USLAX,CYP/CYP,18-Aug,,40HCx1,1,,,,3,1.125,,,,,,,,,,,Yes,,,Triumph,S.China,Direct,Yes,,,0,,,,,,
AP > NA,AP,NA,CN,CN S.,34,TES,MSCU,25-001WW,GUNDE MAERSK,332N,181AY0232740503P1,186546556,Pending,N,CNYTN,CNYTN,USLAX,USLAX,CYP/CYP,18-Aug,,40HCx1,1,,,,2,1.125,,,,,,,,,,,Yes,,,Tesla,S.China,Direct,Yes,,,0,,,,,,
AP > NA,AP,NA,CN,CN S.,34,TES,MSCU,25-001WW,GUNDE MAERSK,332N,181AY0232740504P1,186546558,Pending,N,CNYTN,CNYTN,USLAX,USLAX,CYP/CYP,18-Aug,,40HCx1,1,,,,2,1.125,,,,,,,,,,,Yes,,,Tesla,S.China,Direct,Yes,,,0,,,,,,
AP > NA,AP,NA,CN,CN S.,34,HOD,MSCU,25-001WW,GUNDE MAERSK,332N,181AY0232740506P1,186546559,Pending,N,CNYTN,CNYTN,USLAX,USLAX,CYP/CYP,18-Aug,,40HCx1,1,,,,2,1.125,,,,,,,,,,,Yes,,,Home Depot,S.China,Direct,Yes,,,0,,,,,,
AP > NA,AP,NA,CN,CN S.,34,HOD,MSCU,25-001WW,GUNDE MAERSK,332N,181AY0232740505P1,186546560,Pending,N,CNYTN,CNYTN,USLAX,USLAX,CYP/CYP,18-Aug,,40HCx1,1,,,,2,1.125,,,,,,,,,,,Yes,,,Home Depot,S.China,Direct,Yes,,,0,,,,,,
AP > NA,AP,NA,CN,CN S.,34,COS,MSCU,25-001WW,GUNDE MAERSK,332N,181AY0232740507P1,186546563,Pending,N,CNYTN,CNYTN,USLAX,USLAX,CYP/CYP,18-Aug,,40HCx1,1,,,,2,1.125,,,,,,,,,,,Yes,,,Costco,S.China,Direct,Yes,,,0,,,,,,
AP > NA,AP,NA,VN,VN S.,34,COS,MSCU,25-001WW,MAERSK ALTAIR,333N,339IN2327051,186563377,Pending,N,VNSGN,VNVUT,USLAX,USLAX,CYP/CYP,18-Aug,,"20GPx1, 40HCx1",2,,,,1,1.625,,,,,,,,,,,Yes,,,Costco,Vietnam,Direct,Yes,,,0,,,,,,
AP > NA,AP,NA,CN,CN S.,34,BBY,EGLV,SC50089,CMA CGM LYRA,0TXF9E1MA,147300647607,186668097,Pending,N,CNNSA,CNNSA,USLAX,USLAX,CYP/CYP,18-Aug,,40HCx10,10,,,,1,11.25,,,,,,,,,,,Yes,,,Best Buy,S.China,Direct,Yes,,,0,,,,,,
AP > NA,AP,NA,CN,CN S.,34,BBY,EGLV,SC50089,CMA CGM LYRA,0TXF9E1MA,147300647909,186670477,Pending,N,CNNSA,CNNSA,USLAX,USLAX,CYP/CYP,18-Aug,,40HCx3,3,,,,1,3.375,,,,,,,,,,,Yes,,,Best Buy,S.China,Direct,Yes,,,0,,,,,,
AP > NA,AP,NA,CN,CN S.,34,BBY,EGLV,SC50089,CMA CGM LYRA,0TXF9E1MA,147300647917,186670673,Pending,N,CNNSA,CNNSA,USLAX,USLAX,CYP/CYP,18-Aug,,40HCx5,5,,,,1,5.625,,,,,,,,,,,Yes,,,Best Buy,S.China,Direct,Yes,,,0,,,,,,
AP > NA,AP,NA,CN,CN S.,34,NIK,MSCU,25-970GA,GUNDE MAERSK,332N,181AY0232743207P1,186685769,Pending,N,CNYTN,CNYTN,USLAX,USLAX,CYP/CYP,18-Aug,,"20GPx1, 40HCx5",6,,,,2,6.125,,,,,,,,,,,Yes,,,Nike,S.China,Direct,Yes,,,0,,,,,,
AP > NA,AP,NA,CN,CN S.,34,NIK,MSCU,25-970GA,GUNDE MAERSK,332N,181AY0232743247P1,186685844,Pending,N,CNYTN,CNYTN,USLAX,USLAX,CYP/CYP,18-Aug,,40GPx7,7,,,,2,7,,,,,,,,,,,Yes,,,Nike,S.China,Direct,Yes,,,0,,,,,,
AP > NA,AP,NA,CN,CN S.,34,NEW,CMDU,89-0000,CMA CGM LYRA,0TXF9E1MA,GGZ1950512,186732633,Pending,N,CNNSA,CNNSA,USLAX,USLAX,CYP/CYP,18-Aug,,40HCx2,2,,,,1,2.25,,,,,,,,,,,Yes,,,Newell Brands Distribution,S.China,Direct,Yes,,,0,,,,,,
AP > NA,AP,NA,CN,CN S.,34,NEW,CMDU,89-0000,CMA CGM LYRA,0TXF9E1MA,GGZ1950537,186733842,Pending,N,CNNSA,CNNSA,USLAX,USKCK,CYP/CYP,18-Aug,,40HCx2,2,,,,1,2.25,,,,,,,,,,,Yes,,,Newell Brands Distribution,S.China,Direct,Yes,,,0,,,,,,
AP > NA,AP,NA,VN,VN S.,34,DEC,MSCU,25-001WW,MAERSK ALTAIR,333N,339IN2327612,186755940,Pending,N,VNSGN,VNVUT,USLAX,USLAX,CYP/CYP,18-Aug,,"20GPx1, 40GPx1",2,,,,1,1.5,,,,,,,,,,,Yes,,,Decathlon,Vietnam,Direct,Yes,,,0,,,,,,
AP > NA,AP,NA,CN,CN S.,34,NIK,MSCU,25-970GA,GUNDE MAERSK,332N,181AY0232745670P1,186810515,Pending,N,CNYTN,CNYTN,USLAX,USLAX,CYP/CYP,18-Aug,,"40GPx1, 40HCx3",4,,,,4,4.375,,,,,,,,,,,Yes,,,Nike,S.China,Direct,Yes,,,0,,,,,,
AP > NA,AP,NA,CN,CN N.,34,HOD,MAEU,90-0090,MAERSK ALFIRK,333N,220121903,186811663,Pending,N,CNTAO,CNTAO,USLAX,USLAX,CYP/CYP,18-Aug,,45HCx1,1,,,,1,1.265,,,,,,,,,,,Yes,,,Home Depot,Qingdao,Bkg Agnt,Yes,,,0,,,,,,
AP > NA,AP,NA,CN,CN N.,34,HOD,EGLV,D900070,EVER LAUREL,1078-057E,140357096017,186812412,Pending,N,CNTAO,CNTAO,USLAX,USLAX,CYP/CYP,18-Aug,,40HCx3,3,,,,1,3.375,,,,,,,,,,,Yes,,,Home Depot,Qingdao,Bkg Agnt,Yes,,,0,,,,,,
AP > NA,AP,NA,CN,CN N.,34,WAL,EGLV,D900070,EVER LAUREL,1078-057E,140357096042,186812496,Pending,N,CNTAO,CNTAO,USLAX,USLAX,CYP/CYP,18-Aug,,40HCx1,1,,,,1,1.125,,,,,,,,,,,Yes,,,Walmart,Qingdao,Bkg Agnt,Yes,,,0,,,,,,
AP > NA,AP,NA,CN,CN N.,34,TRI,MSCU,25-001WW,MAERSK ALFIRK,333N,177OZCZCQ21655VFB,186820140,Pending,N,CNTAO,CNTAO,USLAX,USLAX,CYP/CYP,18-Aug,,40GPx1,1,,,,,1,,,,,,,,,,,No,,,Triumph,Qingdao,Bkg Agnt,Yes,,,0,,,,,,
AP > NA,AP,NA,CN,CN N.,34,TRI,MSCU,25-001WW,MAERSK ALFIRK,333N,177OZCZCQ21656VFB,186820183,Pending,N,CNTAO,CNTAO,USLAX,USLAX,CYP/CYP,18-Aug,,40HCx1,1,,,,,1.125,,,,,,,,,,,No,,,Triumph,Qingdao,Bkg Agnt,Yes,,,0,,,,,,
AP > NA,AP,NA,CN,CN N.,34,WAL,MSCU,25-001WW,MAERSK ALFIRK,333N,177OZCZCQ21657VFB,186820206,Pending,N,CNTAO,CNTAO,USLAX,USLAX,CYP/CYP,18-Aug,,40HCx1,1,,,,,1.125,,,,,,,,,,,No,,,Walmart,Qingdao,Bkg Agnt,Yes,,,0,,,,,,
AP > NA,AP,NA,CN,CN N.,34,COS,MSCU,25-001WW,MAERSK ALFIRK,333N,177OZCZCQ9137VFB,186820270,Pending,N,CNTAO,CNTAO,USLAX,USLAX,CYP/CYP,18-Aug,,40HCx2,2,,,,,2.25,,,,,,,,,,,No,,,Costco,Qingdao,Bkg Agnt,Yes,,,0,,,,,,
AP > NA,AP,NA,CN,CN N.,34,COS,MSCU,25-001WW,MAERSK ALFIRK,333N,177OZCZCQ9138VFB,186820326,Pending,N,CNTAO,CNTAO,USLAX,USLAX,CYP/CYP,18-Aug,,40HCx1,1,,,,,1.125,,,,,,,,,,,No,,,Costco,Qingdao,Bkg Agnt,Yes,,,0,,,,,,
AP > NA,AP,NA,CN,CN N.,34,COS,MSCU,25-001WW,MAERSK ALFIRK,333N,177OZCZCQ9139VFB,186820352,Pending,N,CNTAO,CNTAO,USLAX,USLAX,CYP/CYP,18-Aug,,40HCx1,1,,,,,1.125,,,,,,,,,,,No,,,Costco,Qingdao,Bkg Agnt,Yes,,,0,,,,,,
AP > NA,AP,NA,CN,CN N.,34,WAL,MSCU,25-001WW,MAERSK ALFIRK,333N,177OZCZCQ9140VFB,186820435,Pending,N,CNTAO,CNTAO,USLAX,USLAX,CYP/CYP,18-Aug,,40HCx4,4,,,,,4.5,,,,,,,,,,,No,,,Walmart,Qingdao,Bkg Agnt,Yes,,,0,,,,,,
AP > NA,AP,NA,CN,CN N.,34,WAL,MSCU,25-001WW,MAERSK ALFIRK,333N,177OZCZCQ21669VFB,186820477,Pending,N,CNTAO,CNTAO,USLAX,USLAX,CYP/CYP,18-Aug,,40HCx1,1,,,,,1.125,,,,,,,,,,,No,,,Walmart,Qingdao,Bkg Agnt,Yes,,,0,,,,,,
AP > NA,AP,NA,CN,CN N.,34,COS,MAEU,90-0090,MAERSK ALFIRK,333N,220121904,186829968,Pending,N,CNTAO,CNTAO,USLAX,USLAX,CYP/CYP,18-Aug,,"40HCx1, 45HCx1",2,,,,1,2.39,,,,,,,,,,,Yes,,,Costco,Qingdao,Bkg Agnt,No,,,0,,,,,,
AP > NA,AP,NA,VN,VN S.,34,WAL,COSU,SSM25008,COSCO SPAIN,059E,6362178570,186833259,Pending,N,VNSGN,VNVUT,USLGB,USLGB,CYP/CYP,18-Aug,,20GPx1,1,,,,1,0.5,,,,,,,,,,,Yes,,,Walmart,Vietnam,Direct,Yes,,,0,,,,,,
AP > NA,AP,NA,VN,VN S.,34,TES,COSU,SSM25008,,,TBD,186880833,Canceled by carrier,N," - , ",VNSGN,USLGB," - , ",CYP/CYP,18-Aug,,"20GPx1, 40HCx1",2,,,,,1.625,,,,,,,,,,,No,,,Tesla,Vietnam,Direct,No,,,0,,,,,,
AP > NA,AP,NA,VN,VN S.,34,COS,COSU,SSM25008,COSCO SPAIN,059E,6362288940,186904021,Pending,N,VNSGN,VNVUT,USLGB,USLGB,CYP/CYP,18-Aug,,"20GPx1, 40HCx1",2,,,,1,1.625,,,,,,,,,,,Yes,,,Costco,Vietnam,Direct,Yes,,,0,,,,,,
AP > NA,AP,NA,VN,VN S.,34,COS,MSCU,25-001WW,MAERSK ALTAIR,333N,339IN2328071,186918137,Pending,N,VNSGN,VNVUT,USLAX,USLAX,CYP/CYP,18-Aug,,40HCx1,1,,,,1,1.125,,,,,,,,,,,Yes,,,Costco,Vietnam,Direct,Yes,,,0,,,,,,
AP > NA,AP,NA,CN,CN N.,34,COS,MSCU,25-001WW,MAERSK ALFIRK,333N,177OZCZCQ21694VFB,186978526,Pending,N,CNTAO,CNTAO,USLAX,USLAX,CYP/CYP,18-Aug,,40GPx1,1,,,,,1,,,,,,,,,,,No,,,Costco,Qingdao,Bkg Agnt,Yes,,,0,,,,,,
AP > NA,AP,NA,CN,CN E.,34,BBY,OOLU,PE2508,OOCL EGYPT,054E,OOLU2142234430,186980451,Pending,N,CNNKG,CNNKG,USLGB,USLGB,CYP/CYP,18-Aug,,40HCx6,6,,,,2,6.75,,,,,,,,,,,Yes,,,Best Buy,Shanghai,Bkg Agnt,Yes,,,0,,,,,,
AP > NA,AP,NA,CN,CN S.,34,BBY,EGLV,SC50089,CMA CGM LYRA,0TXF9E1MA,147300669678,187025939,Pending,N,CNNSA,CNNSA,USLAX,USLAX,CYP/CYP,18-Aug,,40HCx20,20,,,,1,22.5,,,,,,,,,,,Yes,,,Best Buy,S.China,Direct,Yes,,,0,,,,,,
AP > NA,AP,NA,CN,CN S.,34,BBY,EGLV,SC50089,CMA CGM LYRA,0TXF9E1MA,147300669686,187026061,Pending,N,CNNSA,CNNSA,USLAX,USLAX,CYP/CYP,18-Aug,,40HCx20,20,,,,1,22.5,,,,,,,,,,,Yes,,,Best Buy,S.China,Direct,Yes,,,0,,,,,,
AP > NA,AP,NA,CN,CN E.,34,COS,COSU,SSM25008,,,XIA1184880,185896409,Confirmed,Y,CNXMN,CNXMN,USLGB,USLGB,CYP/CYP,19-Aug,16-Aug,40HCx4,4,40HCx4,4,20-Jul,1,4.5,4.5,,,,,,,16-Aug,,20-Jul,Yes,,,Costco,Xiamen,Bkg Agnt,Yes,,,0,,,,,,
AP > NA,AP,NA,CN,CN E.,34,TES,COSU,SSM25008,,,6361189800,186103222,Confirmed,N,CNXMN,CNXMN,USLAX,USLAX,CYP/CYP,19-Aug,20-Aug,"40GPx1, 40HCx3",4,"40GPx1, 40HCx3",4,20-Jul,1,4.375,4.375,,,,,,,20-Aug,04-Sep,20-Jul,Yes,,,Tesla,Xiamen,Bkg Agnt,Yes,,,0,,,,,,
AP > NA,AP,NA,CN,CN S.,34,NEW,CMDU,89-0000,TAIPEI TRIUMPH,0TSFJE1MA,SHZ5647922,186322675,Confirmed,N,CNYTN,CNYTN,USNYC,USNYC,CYP/CYP,19-Aug,18-Aug,20GPx1,1,20GPx1,1,19-Jul,1,0.5,0.5,,,,,,,18-Aug,20-Sep,19-Jul,Yes,,,Newell Brands Distribution,S.China,Direct,Yes,,,0,,,,,,
AP > NA,AP,NA,CN,CN S.,34,NEW,CMDU,89-0000,TAIPEI TRIUMPH,0TSFJE1MA,SHZ5665107,186734736,Pending,N,CNYTN,CNYTN,USSAV,USXFS,CYP/D,19-Aug,,20GPx1,1,,,,1,0.5,,,,,,,,,,,Yes,,,Newell Brands Distribution,S.China,Direct,Yes,,,0,,,,,,
AP > EU,AP,EU,CN,CN E.,34,NEW,CMDU,89-0000,,,NGP0439463,186763981,Pending,N," - , ",CNNGB,FRFOS,FRFOS,CYP/CYP,19-Aug,,20GPx1,1,,,,1,0.5,,,,,,,,,,,Yes,,,Newell Brands Distribution,Ningbo,Bkg Agnt,Yes,,,0,,,,,,
AP > NA,AP,NA,CN,CN E.,34,NEW,MSCU,25-970GA,MSC JADE,332N,177QSYSYS01033,186764783,Pending,N,CNSHA,CNSHA,USLGB,USAKL,CYP/D,19-Aug,,40GPx1,1,,,,1,1,,,,,,,,,,,Yes,,,Newell Brands Distribution,Shanghai,Bkg Agnt,Yes,,,0,,,,,,
AP > NA,AP,NA,CN,CN S.,34,NEW,CMDU,89-0000,TAIPEI TRIUMPH,0TSFJE1MA,SHZ5670779,186869437,Pending,N,CNYTN,CNYTN,USSAV,USXFS,CYP/D,19-Aug,,40HCx2,2,,,,2,2.25,,,,,,,,,,,Yes,,,Newell Brands Distribution,S.China,Direct,Yes,,,0,,,,,,
AP > NA,AP,NA,VN,VN N.,34,BBY,MSCU,25-970GA,MSC SINDY,332A,643IN2328097,186922744,Pending,N,VNHPH,VNHPH,USLGB,USLGB,CYP/CYP,19-Aug,,40HCx2,2,,,,,2.25,,,,,,,,,,,No,,,Best Buy,Vietnam,Direct,No,,,0,,,,,,
AP > NA,AP,NA,VN,VN N.,34,BBY,MSCU,25-970GA,MSC SINDY,332A,643IN2328098,186922805,Pending,N,VNHPH,VNHPH,USLGB,USLGB,CYP/CYP,19-Aug,,40HCx2,2,,,,,2.25,,,,,,,,,,,No,,,Best Buy,Vietnam,Direct,No,,,0,,,,,,
AP > NA,AP,NA,VN,VN N.,34,BBY,MSCU,25-970GA,MSC SINDY,332A,643IN2328099,186922817,Pending,N,VNHPH,VNHPH,USLGB,USLGB,CYP/CYP,19-Aug,,40HCx9,9,,,,,10.125,,,,,,,,,,,No,,,Best Buy,Vietnam,Direct,No,,,0,,,,,,
AP > NA,AP,NA,VN,VN N.,34,BBY,MSCU,25-970GA,MSC SINDY,332A,643IN2328100,186922823,Pending,N,VNHPH,VNHPH,USLGB,USLGB,CYP/CYP,19-Aug,,40HCx17,17,,,,,19.125,,,,,,,,,,,No,,,Best Buy,Vietnam,Direct,No,,,0,,,,,,
AP > NA,AP,NA,VN,VN N.,34,BBY,MSCU,25-970GA,MSC SINDY,332A,643IN2328101,186922862,Pending,N,VNHPH,VNHPH,USLGB,USLGB,CYP/CYP,19-Aug,,40HCx4,4,,,,,4.5,,,,,,,,,,,No,,,Best Buy,Vietnam,Direct,No,,,0,,,,,,
AP > NA,AP,NA,VN,VN N.,34,BBY,MSCU,25-970GA,MSC SINDY,332A,643IN2328102,186922870,Pending,N,VNHPH,VNHPH,USLGB,USLGB,CYP/CYP,19-Aug,,40HCx9,9,,,,,10.125,,,,,,,,,,,No,,,Best Buy,Vietnam,Direct,No,,,0,,,,,,
AP > NA,AP,NA,VN,VN N.,34,BBY,MSCU,25-970GA,MSC SINDY,332A,643IN2328103,186922872,Pending,N,VNHPH,VNHPH,USLGB,USLGB,CYP/CYP,19-Aug,,40HCx3,3,,,,,3.375,,,,,,,,,,,No,,,Best Buy,Vietnam,Direct,No,,,0,,,,,,
AP > NA,AP,NA,VN,VN N.,34,BBY,MSCU,25-970GA,MSC SINDY,332A,643IN2328104,186922876,Pending,N,VNHPH,VNHPH,USLGB,USLGB,CYP/CYP,19-Aug,,40HCx2,2,,,,,2.25,,,,,,,,,,,No,,,Best Buy,Vietnam,Direct,No,,,0,,,,,,
AP > NA,AP,NA,CN,CN E.,34,STA,MSCU,25-001WW,MSC JADE,332N,TBD,187024535,Pending,N,CNSHA,CNSHA,USLGB,USLGB,CYP/CYP,19-Aug,,40HCx4,4,,,,,4.5,,,,,,,,,,,No,,,Starbucks,Shanghai,Bkg Agnt,Yes,,,0,,,,,,
AP > NA,AP,NA,CN,CN E.,34,TRI,MSCU,25-001WW,MSC JADE,332N,TBD,187024577,Pending,N,CNSHA,CNSHA,USLGB,USLGB,CYP/CYP,19-Aug,,40HCx1,1,,,,,1.125,,,,,,,,,,,No,,,Triumph,Shanghai,Bkg Agnt,No,,,0,,,,,,
AP > NA,AP,NA,CN,CN E.,34,LEN,MSCU,25-001WW,MSC JADE,332N,TBD,187024658,Pending,N,CNSHA,CNSHA,USLGB,USLGB,CYP/CYP,19-Aug,,40HCx3,3,,,,,3.375,,,,,,,,,,,No,,,Lenovo,Shanghai,Bkg Agnt,Yes,,,0,,,,,,
AP > NA,AP,NA,CN,CN E.,34,LEN,MSCU,25-001WW,MSC JADE,332N,TBD,187024848,Pending,N,CNSHA,CNSHA,USLGB,USLGB,CYP/CYP,19-Aug,,"40GPx1, 40HCx1",2,,,,,2.125,,,,,,,,,,,No,,,Lenovo,Shanghai,Bkg Agnt,Yes,,,0,,,,,,
AP > NA,AP,NA,CN,CN E.,34,LEN,MSCU,25-001WW,MSC JADE,332N,TBD,187024942,Pending,N,CNSHA,CNSHA,USLGB,USLGB,CYP/CYP,19-Aug,,40GPx1,1,,,,,1,,,,,,,,,,,No,,,Lenovo,Shanghai,Bkg Agnt,Yes,,,0,,,,,,
AP > NA,AP,NA,CN,CN E.,34,LEN,MSCU,25-001WW,MSC JADE,332N,TBD,187025026,Pending,N,CNSHA,CNSHA,USLGB,USLGB,CYP/CYP,19-Aug,,45HCx1,1,,,,,1.265,,,,,,,,,,,No,,,Lenovo,Shanghai,Bkg Agnt,Yes,,,0,,,,,,
AP > NA,AP,NA,CN,CN E.,34,TRI,MSCU,25-001WW,MSC JADE,332N,TBD,187025140,Pending,N,CNSHA,CNSHA,USLGB,USLGB,CYP/CYP,19-Aug,,40HCx1,1,,,,,1.125,,,,,,,,,,,No,,,Triumph,Shanghai,Bkg Agnt,Yes,,,0,,,,,,
AP > EU,AP,EU,CN,CN N.,34,HMH,MAEU,90-0080,,,TBD,185820365,Pending,N,CNTAO,CNTAO,DEBRV,DEHBO,CYP/D,20-Aug,,20GPx1,1,,,,,0.5,,,,,,,,,,,No,,,H&M Home,Qingdao,Bkg Agnt,Yes,,,0,,,,,,
AP > EU,AP,EU,CN,CN N.,34,HMH,MAEU,90-0080,,,TBD,185826259,Pending,N,CNTAO,CNTAO,DEHAM,DEHAM,CYP/CYP,20-Aug,,20GPx1,1,,,,,0.5,,,,,,,,,,,No,,,H&M Home,Qingdao,Bkg Agnt,Yes,,,0,,,,,,
AP > EU,AP,EU,VN,VN S.,34,HMH,MAEU,90-0080,MAERSK JAIPUR,334S,229280100,186133521,Confirmed,N,VNSGN,VNSGN,NLRTM,NLRTM,CYP/CYP,20-Aug,21-Aug,40GPx1,1,40GPx1,1,13-Jul,1,1,1,,,,,,,21-Aug,16-Sep,13-Jul,Yes,MARIBO MAERSK,331W,H&M Home,Vietnam,Direct,Yes,,,0,,,,,,
AP > NA,AP,NA,CN,CN E.,34,WAL,COSU,SSM25008,,,XIA1182088,186161418,Confirmed,Y,CNXMN,CNXMN,USLAX,USLAX,CYP/CYP,20-Aug,23-Aug,40HCx1,1,40HCx1,1,18-Jul,1,1.125,1.125,,,,,,,23-Aug,10-Sep,18-Jul,Yes,,,Walmart,Xiamen,Bkg Agnt,Yes,,,0,,,,,,
AP > NA,AP,NA,CN,CN S.,34,CTI,EGLV,D900070,EVER SIGMA,0435-121E,149304118982,186172443,Pending,N,CNYTN,CNYTN,CAVAN,CAVAN,CYP/CYP,20-Aug,,40HCx1,1,,,,,1.125,,,,,,,,,,,No,,,Canadian Tire,S.China,Direct,No,,,0,,,,,,
AP > NA,AP,NA,CN,CN S.,34,CTI,EGLV,D900070,EVER SIGMA,0435-121E,149304118991,186172445,Pending,N,CNYTN,CNYTN,CAVAN,CAVAN,CYP/CYP,20-Aug,,40HCx1,1,,,,,1.125,,,,,,,,,,,No,,,Canadian Tire,S.China,Direct,No,,,0,,,,,,
AP > NA,AP,NA,CN,CN S.,34,CTI,EGLV,D900070,EVER SIGMA,0435-121E,149304119229,186173471,Pending,N,CNYTN,CNYTN,CAVAN,CAVAN,CYP/CYP,20-Aug,,20GPx1,1,,,,,0.5,,,,,,,,,,,No,,,Canadian Tire,S.China,Direct,No,,,0,,,,,,
AP > NA,AP,NA,CN,CN S.,34,CTI,EGLV,D900070,EVER SIGMA,0435-121E,149304119237,186173472,Pending,N,CNYTN,CNYTN,CAVAN,CAVAN,CYP/CYP,20-Aug,,20GPx1,1,,,,,0.5,,,,,,,,,,,No,,,Canadian Tire,S.China,Direct,No,,,0,,,,,,
AP > NA,AP,NA,CN,CN E.,34,LEN,COSU,SSM25008,,,6361363920,186245469,Confirmed,N,CNXMN,CNXMN,USLAX,USLAX,CYP/CYP,20-Aug,20-Aug,40HCx2,2,40HCx2,2,20-Jul,1,2.25,2.25,,,,,,,20-Aug,04-Sep,20-Jul,Yes,,,Lenovo,Xiamen,Bkg Agnt,Yes,,,0,,,,,,
AP > NA,AP,NA,CN,CN E.,34,LEN,COSU,SSM25008,,,6361364190,186245594,Confirmed,N,CNXMN,CNXMN,USLAX,USLAX,CYP/CYP,20-Aug,20-Aug,45HCx1,1,45HCx1,1,20-Jul,1,1.265,1.265,,,,,,,20-Aug,04-Sep,20-Jul,Yes,,,Lenovo,Xiamen,Bkg Agnt,Yes,,,0,,,,,,
AP > NA,AP,NA,CN,CN E.,34,LEN,COSU,SSM25008,,,6361664010,186455211,Confirmed,N,CNXMN,CNXMN,USLAX,USLAX,CYP/CYP,20-Aug,20-Aug,40HCx1,1,40HCx1,1,20-Jul,1,1.125,1.125,,,,,,,20-Aug,04-Sep,20-Jul,Yes,,,Lenovo,Xiamen,Bkg Agnt,Yes,,,0,,,,,,
AP > NA,AP,NA,CN,CN E.,34,TRI,COSU,SSM25008,,,6361855360,186603886,Pending,N,CNXMN,CNXMN,USLAX,USLAX,CYP/CYP,20-Aug,,45HCx1,1,,,,1,1.265,,,,,,,,,,,Yes,,,Triumph,Xiamen,Bkg Agnt,Yes,,,0,,,,,,
AP > NA,AP,NA,CN,CN E.,34,LEN,CMDU,89-0000,,,FOC0270195,186679674,Pending,N,CNFOC,CNFOC,USLAX,USLAX,CYP/CYP,20-Aug,,40HCx1,1,,,,1,1.125,,,,,,,,,,,Yes,,,Lenovo,Xiamen,Bkg Agnt,Yes,,,0,,,,,,
AP > NA,AP,NA,CN,CN E.,34,LEN,CMDU,89-0000,,,FOC0270187,186680213,Pending,N,CNFOC,CNFOC,USLAX,USLAX,CYP/CYP,20-Aug,,45HCx2,2,,,,1,2.53,,,,,,,,,,,Yes,,,Lenovo,Xiamen,Bkg Agnt,Yes,,,0,,,,,,
AP > NA,AP,NA,CN,CN E.,34,COS,COSU,SSM25008,CSCL SUMMER,055E,6362127780,186734425,Pending,N,CNXMN,CNXMN,USLAX,USLAX,CYP/CYP,20-Aug,,40HCx5,5,,,,1,5.625,,,,,,,,,,,Yes,,,Costco,Xiamen,Bkg Agnt,No,,,0,,,,,,
AP > NA,AP,NA,VN,VN N.,34,COS,COSU,SSM25008,,,TBD,186742203,Canceled by carrier,N," - , ",VNHPH,USLAX," - , ",CYP/CYP,20-Aug,,40HCx1,1,,,,,1.125,,,,,,,,,,,No,,,Costco,Vietnam,Direct,No,,,0,,,,,,
AP > NA,AP,NA,VN,VN N.,34,DEC,COSU,SSM25008,,,TBD,186742367,Canceled by carrier,N," - , ",VNHPH,USLAX," - , ",CYP/CYP,20-Aug,,40HCx1,1,,,,,1.125,,,,,,,,,,,No,,,Decathlon,Vietnam,Direct,No,,,0,,,,,,
AP > NA,AP,NA,VN,VN N.,34,DEC,COSU,SSM25008,,,TBD,186742424,Canceled by carrier,N," - , ",VNHPH,USLAX," - , ",CYP/CYP,20-Aug,,40GPx3,3,,,,,3,,,,,,,,,,,No,,,Decathlon,Vietnam,Direct,No,,,0,,,,,,
AP > NA,AP,NA,CN,CN E.,34,NEW,CMDU,89-0000,,,NGP0439080,186762517,Pending,N," - , ",CNNGB,USLGB,USKCK,CYP/CYP,20-Aug,,40HCx2,2,,,,1,2.25,,,,,,,,,,,Yes,,,Newell Brands Distribution,Ningbo,Bkg Agnt,Yes,,,0,,,,,,
AP > NA,AP,NA,CN,CN E.,34,NEW,CMDU,89-0000,,,NGP0439082,186762549,Pending,N," - , ",CNNGB,USLGB,USKCK,CYP/CYP,20-Aug,,40HCx1,1,,,,1,1.125,,,,,,,,,,,Yes,,,Newell Brands Distribution,Ningbo,Bkg Agnt,Yes,,,0,,,,,,
AP > NA,AP,NA,CN,CN E.,34,TRI,COSU,SSM25008,,,6362163120,186819380,Pending,N,CNXMN,CNXMN,USLAX,USLAX,CYP/CYP,20-Aug,,45HCx1,1,,,,1,1.265,,,,,,,,,,,Yes,,,Triumph,Xiamen,Bkg Agnt,No,,,0,,,,,,
AP > NA,AP,NA,CN,CN E.,34,COS,CMDU,89-0000,,,FOC0270376,186825481,Pending,N,CNFOC,CNFOC,USLAX,USLAX,CYP/CYP,20-Aug,,45HCx1,1,,,,1,1.265,,,,,,,,,,,Yes,,,Costco,Xiamen,Bkg Agnt,Yes,,,0,,,,,,
AP > NA,AP,NA,CN,CN E.,34,COS,COSU,SSM25008,,,6362216250,186837209,Pending,N,CNXMN,CNXMN,USLAX,USLAX,CYP/CYP,20-Aug,,40HCx2,2,,,,1,2.25,,,,,,,,,,,Yes,,,Costco,Xiamen,Bkg Agnt,Yes,,,0,,,,,,
AP > NA,AP,NA,CN,CN E.,34,NEW,CMDU,89-0000,,,TBD,186967971,Pending,N," - , ",CNNGB,USLGB,USICT,CYP/CYP,20-Aug,,40GPx1,1,,,,,1,,,,,,,,,,,No,,,Newell Brands Distribution,Ningbo,Bkg Agnt,Yes,,,0,,,,,,
AP > NA,AP,NA,VN,VN N.,34,WAL,COSU,SSM25008,,,TBD,187027821,Pending,N," - , ",VNHPH,USLAX," - , ",CYP/CYP,20-Aug,,40GPx3,3,,,,,3,,,,,,,,,,,No,,,Walmart,Vietnam,Direct,No,,,0,,,,,,
AP > NA,AP,NA,CN,CN E.,34,COS,CMDU,89-0000,,,6362443910,186161104,Confirmed,N,CNXMN,CNXMN,USLAX,USLAX,CYP/CYP,21-Aug,20-Aug,"40HCx1, 45HCx3",4,"40HCx1, 45HCx3",4,01-Aug,2,4.92,4.92,,,,,,,23-Aug,10-Sep,14-Jul,Yes,,,Costco,Xiamen,Bkg Agnt,Yes,,,-18,,,,,,
AP > NA,AP,NA,CN,CN E.,34,WAL,EGLV,SC50089,,,1811X023PE06565P1,186161304,Confirmed,N,CNXMN,CNXMN,USLAX,USLAX,CYP/CYP,21-Aug,21-Aug,40HCx1,1,40HCx1,1,01-Aug,2,1.125,1.125,,,,,,,21-Aug,,20-Jul,Yes,,,Walmart,Xiamen,Bkg Agnt,Yes,,,-12,,,,,,
AP > NA,AP,NA,CN,CN E.,34,COS,CMDU,89-0000,,,XIA1182103,186245163,Confirmed,N,CNXMN,CNXMN,USLAX,USLAX,CYP/CYP,21-Aug,23-Aug,40HCx1,1,40HCx1,1,17-Jul,1,1.125,1.125,,,,,,,23-Aug,,17-Jul,Yes,,,Costco,Xiamen,Bkg Agnt,Yes,,,0,,,,,,
AP > NA,AP,NA,CN,CN E.,34,LEN,CMDU,89-0000,,,6362444340,186245347,Confirmed,N,CNXMN,CNXMN,USLAX,USLAX,CYP/CYP,21-Aug,20-Aug,45HCx4,4,45HCx4,4,01-Aug,2,5.06,5.06,,,,,,,23-Aug,10-Sep,17-Jul,Yes,,,Lenovo,Xiamen,Bkg Agnt,Yes,,,-15,,,,,,
AP > NA,AP,NA,CN,CN E.,34,LEN,MAEU,90-0090,,,229344212,186245733,Confirmed,N,CNXMN,CNXMN,USLAX,USLAX,CYP/CYP,21-Aug,21-Aug,45HCx1,1,45HCx1,1,01-Aug,2,1.265,1.265,,,,,,,21-Aug,04-Sep,17-Jul,Yes,,,Lenovo,Xiamen,Bkg Agnt,Yes,,,-15,,,,,,
AP > NA,AP,NA,CN,CN E.,34,WAL,MSCU,25-970GA,,,1811X023PE06566P1,186245789,Confirmed,N,CNXMN,CNXMN,USLAX,USLAX,CYP/CYP,21-Aug,21-Aug,40HCx4,4,40HCx4,4,01-Aug,2,4.5,4.5,,,,,,,21-Aug,,20-Jul,Yes,,,Walmart,Xiamen,Bkg Agnt,Yes,,,-12,,,,,,
AP > NA,AP,NA,CN,CN E.,34,HOD,MAEU,90-0090,,,229346732,186253201,Confirmed,N,CNXMN,CNXMN,USLAX,USLAX,CYP/CYP,21-Aug,21-Aug,40HCx1,1,40HCx1,1,01-Aug,2,1.125,1.125,,,,,,,21-Aug,04-Sep,17-Jul,Yes,,,Home Depot,Xiamen,Bkg Agnt,Yes,,,-15,,,,,,
AP > EU,AP,EU,VN,VN S.,34,HMH,MAEU,90-0080,MAERSK JAIPUR,334S,229370459,186292673,Confirmed,N,VNSGN,VNSGN,DEBRV,DEHBO,CYP/D,21-Aug,21-Aug,40HCx1,1,40HCx1,1,18-Jul,1,1.125,1.125,,,,,,,21-Aug,20-Sep,18-Jul,Yes,MARIBO MAERSK,331W,H&M Home,Vietnam,Direct,Yes,,,0,,,,,,
AP > EU,AP,EU,VN,VN S.,34,HMH,MAEU,90-0080,MAERSK JAIPUR,334S,229370687,186293154,Confirmed,N,VNSGN,VNSGN,DEHAM,DEHAM,CYP/CYP,21-Aug,21-Aug,40HCx1,1,40HCx1,1,18-Jul,1,1.125,1.125,,,,,,,21-Aug,21-Sep,18-Jul,Yes,MAERSK CAMPTON,332W,H&M Home,Vietnam,Direct,Yes,,,0,,,,,,
AP > NA,AP,NA,CN,CN E.,34,COS,EGLV,SC50089,,,6362453830,186401349,Confirmed,N,CNXMN,CNXMN,USLAX,USLAX,CYP/CYP,21-Aug,20-Aug,40HCx3,3,40HCx3,3,01-Aug,2,3.375,3.375,,,,,,,23-Aug,10-Sep,20-Jul,Yes,,,Costco,Xiamen,Bkg Agnt,Yes,,,-12,,,,,,
AP > NA,AP,NA,CN,CN E.,34,LEN,MAEU,90-0090,,,229480934,186455491,Confirmed,N,CNXMN,CNXMN,USLAX,USLAX,CYP/CYP,21-Aug,21-Aug,45HCx2,2,45HCx2,2,01-Aug,2,2.53,2.53,,,,,,,21-Aug,04-Sep,25-Jul,Yes,,,Lenovo,Xiamen,Bkg Agnt,Yes,,,-7,,,,,,
AP > NA,AP,NA,CN,CN E.,34,LEN,MAEU,90-0090,,,229482047,186455561,Confirmed,N,CNXMN,CNXMN,USLAX,USLAX,CYP/CYP,21-Aug,21-Aug,45HCx3,3,45HCx3,3,01-Aug,2,3.795,3.795,,,,,,,21-Aug,04-Sep,21-Jul,Yes,,,Lenovo,Xiamen,Bkg Agnt,Yes,,,-11,,,,,,
AP > NA,AP,NA,CN,CN E.,34,WAL,MSCU,25-970GA,,,1811X023PE06750P1,186468046,Confirmed,N,CNXMN,CNXMN,USLAX,USLAX,CYP/CYP,21-Aug,21-Aug,40HCx1,1,40HCx1,1,01-Aug,2,1.125,1.125,,,,,,,21-Aug,,21-Jul,Yes,,,Walmart,Xiamen,Bkg Agnt,Yes,,,-11,,,,,,
AP > NA,AP,NA,CN,CN E.,34,TES,MAEU,90-0090,,,229579069,186604177,Pending,N,CNXMN,CNXMN,USLAX,USLAX,CYP/CYP,21-Aug,,45HCx2,2,,,,1,2.53,,,,,,,,,,,Yes,,,Tesla,Xiamen,Bkg Agnt,Yes,,,0,,,,,,
AP > NA,AP,NA,CN,CN S.,34,NIK,OOLU,PE2508,COSCO SPAIN,059E,2142064751,186618220,Pending,N,CNNSA,CNNSA,USLGB,USLGB,CYP/CYP,21-Aug,,40HCx16,16,,,,2,18,,,,,,,,,,,Yes,,,Nike,S.China,Direct,Yes,,,0,,,,,,
AP > EU,AP,EU,VN,VN S.,34,HMH,MAEU,90-0080,MAERSK JAIPUR,334S,229663094,186721001,Pending,N,VNSGN,VNSGN,DEBRV,DEHBO,CYP/D,21-Aug,,40HCx1,1,,,,1,1.125,,,,,,,,,,,Yes,MARIBO MAERSK,331W,H&M Home,Vietnam,Direct,Yes,,,0,,,,,,
AP > NA,AP,NA,CN,CN S.,34,STA,EGLV,SC50089,EVER FAIR ,0171-011E,Received,186987118,Pending,N,CNYTN,CNYTN,USLAX,USLAX,CYP/CYP,21-Aug,,40GPx1,1,,,,,1,,,,,,,,,,,No,,,Starbucks,S.China,Direct,No,,,0,,,,,,
AP > NA,AP,NA,CN,CN S.,34,WAL,EGLV,SC50089,EVER FAIR ,0171-011E,Received,186987134,Pending,N,CNYTN,CNYTN,USLAX,USLAX,CYP/CYP,21-Aug,,40GPx1,1,,,,,1,,,,,,,,,,,No,,,Walmart,S.China,Direct,No,,,0,,,,,,
AP > NA,AP,NA,CN,CN S.,34,HOD,EGLV,SC50089,EVER FAIR ,0171-011E,Received,186987135,Pending,N,CNYTN,CNYTN,USLAX,USLAX,CYP/CYP,21-Aug,,40GPx1,1,,,,,1,,,,,,,,,,,No,,,Home Depot,S.China,Direct,No,,,0,,,,,,
AP > NA,AP,NA,CN,CN S.,34,TES,EGLV,SC50089,EVER FAIR ,0171-011E,Received,186987171,Pending,N,CNYTN,CNYTN,USLAX,USLAX,CYP/CYP,21-Aug,,40HCx1,1,,,,,1.125,,,,,,,,,,,No,,,Tesla,S.China,Direct,No,,,0,,,,,,
AP > NA,AP,NA,CN,CN S.,34,TES,EGLV,SC50089,EVER FAIR ,0171-011E,Received,186987176,Pending,N,CNYTN,CNYTN,USLAX,USLAX,CYP/CYP,21-Aug,,40HCx1,1,,,,,1.125,,,,,,,,,,,No,,,Tesla,S.China,Direct,No,,,0,,,,,,
AP > NA,AP,NA,CN,CN S.,34,TES,EGLV,SC50089,EVER FAIR ,0171-011E,Received,186987192,Pending,N,CNYTN,CNYTN,USLAX,USLAX,CYP/CYP,21-Aug,,40HCx1,1,,,,,1.125,,,,,,,,,,,No,,,Tesla,S.China,Direct,No,,,0,,,,,,
AP > NA,AP,NA,CN,CN S.,34,HOD,EGLV,SC50089,EVER FAIR ,0171-011E,Received,186987196,Pending,N,CNYTN,CNYTN,USLAX,USLAX,CYP/CYP,21-Aug,,40HCx1,1,,,,,1.125,,,,,,,,,,,No,,,Home Depot,S.China,Direct,No,,,0,,,,,,
AP > NA,AP,NA,CN,CN S.,34,STA,EGLV,SC50089,EVER FAIR ,0171-011E,Received,186987198,Pending,N,CNYTN,CNYTN,USLAX,USLAX,CYP/CYP,21-Aug,,40HCx1,1,,,,,1.125,,,,,,,,,,,No,,,Starbucks,S.China,Direct,No,,,0,,,,,,
AP > NA,AP,NA,CN,CN E.,34,NEW,CMDU,89-0000,COSCO KAOHSIUNG,096E,CHN0447012,186389786,Confirmed,Y,CNSHA,CNSHA,USLGB,USLGB,CYP/CYP,22-Aug,26-Aug,40HCx1,1,40HCx1,1,21-Jul,2,1.125,1.125,,,,,,,22-Aug,,19-Jul,Yes,,,Newell Brands Distribution,Shanghai,Bkg Agnt,Yes,,,-2,,,,,,
AP > NA,AP,NA,CN,CN E.,34,NEW,CMDU,89-0000,COSCO DENMARK,053E,CHN0448539,186423187,Confirmed,Y,CNSHA,CNSHA,USLGB,USLGB,CYP/CYP,22-Aug,15-Aug,40HCx2,2,40HCx2,2,27-Jul,2,2.25,2.25,,,,,,,22-Aug,,20-Jul,Yes,,,Newell Brands Distribution,Shanghai,Bkg Agnt,Yes,,,-7,,,,,,
AP > NA,AP,NA,CN,CN E.,34,NIK,EGLV,SC50089,EVER LAUREL,1078-057E,EGLV143370388535,186626402,Pending,N,CNNGB,CNNGB,USLAX,USLAX,CYP/CYP,22-Aug,,40HCx11,11,,,,1,12.375,,,,,,,,,,,Yes,,,Nike,Ningbo,Bkg Agnt,Yes,,,0,,,,,,
AP > NA,AP,NA,CN,CN E.,34,NIK,EGLV,SC50089,EVER LAUREL,1078-057E,EGLV143370388543,186626456,Pending,N,CNNGB,CNNGB,USLAX,USLAX,CYP/CYP,22-Aug,,40HCx10,10,,,,1,11.25,,,,,,,,,,,Yes,,,Nike,Ningbo,Bkg Agnt,Yes,,,0,,,,,,
AP > NA,AP,NA,CN,CN E.,34,NEW,CMDU,89-0000,,,NGP0436353,186731642,Pending,N,CNNGB,CNNGB,USLAX,USKTO,CYP/CYP,22-Aug,,40HCx2,2,,,,1,2.25,,,,,,,,,,,Yes,,,Newell Brands Distribution,Ningbo,Bkg Agnt,Yes,,,0,,,,,,
AP > NA,AP,NA,CN,CN E.,34,LEN,COSU,HOI23500,,,6361989850,186680500,Pending,N,CNFOC,CNFOC,USLAX,USLAX,CYP/CYP,23-Aug,,40HCx3,3,,,,1,3.375,,,,,,,,,,,Yes,,,Lenovo,Xiamen,Bkg Agnt,Yes,,,0,,,,,,
AP > NA,AP,NA,CN,CN E.,34,LEN,MAEU,90-0090,,,609638650,186680710,Pending,N,CNFOC,CNFOC,USLAX,USLAX,CYP/CYP,23-Aug,,40GPx1,1,,,,1,1,,,,,,,,,,,Yes,,,Lenovo,Xiamen,Bkg Agnt,Yes,,,0,,,,,,
AP > NA,AP,NA,CN,CN E.,34,NIK,MSCU,25-970GA,MAERSK ALFIRK,333N,TBD,186627473,Pending,N,CNNGB,CNNGB,USLAX,USLAX,CYP/CYP,24-Aug,,40HCx12,12,,,,,13.5,,,,,,,,,,,No,,,Nike,Ningbo,Bkg Agnt,Yes,,,0,,,,,,
AP > NA,AP,NA,CN,CN S.,34,BBY,OOLU,PE2508,COSCO SPAIN,059E,2142084250,186670886,Pending,N,CNYTN,CNYTN,USLGB,USLGB,CYP/CYP,24-Aug,,40HCx1,1,,,,1,1.125,,,,,,,,,,,Yes,,,Best Buy,S.China,Direct,Yes,,,0,,,,,,
AP > NA,AP,NA,CN,CN S.,34,NIK,OOLU,PE2508,COSCO SPAIN,059E,2142084290,186670974,Pending,N,CNYTN,CNYTN,USLGB,USLGB,CYP/CYP,24-Aug,,40GPx1,1,,,,1,1,,,,,,,,,,,Yes,,,Nike,S.China,Direct,Yes,,,0,,,,,,
AP > NA,AP,NA,CN,CN E.,34,LEN,EGLV,SC50089,,,1811M023PE08809P1,186681383,Pending,N,CNFOC,CNFOC,USLAX,USLAX,CYP/CYP,24-Aug,,40HCx2,2,,,,2,2.25,,,,,,,,,,,Yes,,,Lenovo,Xiamen,Bkg Agnt,Yes,,,0,,,,,,
AP > NA,AP,NA,CN,CN S.,34,NEW,CMDU,89-0000,CMA CGM HERMES,1TU2GE1MA,SHZ5665070,186734464,Pending,N,CNYTN,CNYTN,USLAX,USLAX,CYP/CYP,24-Aug,,40HCx1,1,,,,1,1.125,,,,,,,,,,,Yes,,,Newell Brands Distribution,S.China,Direct,Yes,,,0,,,,,,
AP > NA,AP,NA,CN,CN E.,34,WAL,EGLV,SC50089,,,148300199980,186753202,Pending,N,CNFOC,CNFOC,USLAX,USLAX,CYP/CYP,24-Aug,,40HCx1,1,,,,1,1.125,,,,,,,,,,,Yes,,,Walmart,Xiamen,Bkg Agnt,Yes,,,0,,,,,,
AP > NA,AP,NA,CN,CN S.,34,NEW,CMDU,89-0000,CMA CGM HERMES,1TU2GE1MA,SHZ5677782,187038326,Pending,N,CNYTN,CNYTN,USLAX,USLAX,CYP/CYP,24-Aug,,40HCx1,1,,,,2,1.125,,,,,,,,,,,Yes,,,Newell Brands Distribution,S.China,Direct,Yes,,,0,,,,,,
AP > EU,AP,EU,CN,CN N.,35,HMH,MAEU,90-0080,,,TBD,185763809,Pending,N,CNTAO,CNTAO,DEHAM,DEHAM,CYP/CYP,25-Aug,,40HCx1,1,,,,,1.125,,,,,,,,,,,No,,,H&M Home,Qingdao,Bkg Agnt,Yes,,,0,,,,,,
AP > NA,AP,NA,CN,CN E.,35,NEW,CMDU,89-0000,,,XIA1187661,186791991,Pending,N,CNXMN,CNXMN,USLAX,USKCK,CYP/CYP,25-Aug,,40HCx1,1,,,,1,1.125,,,,,,,,,,,Yes,,,Newell Brands Distribution,Xiamen,Bkg Agnt,Yes,,,0,,,,,,
AP > NA,AP,NA,VN,VN S.,35,WAL,COSU,SSM25008,COSCO FRANCE,056E,6362181730,186833435,Pending,N,VNSGN,VNVUT,USLGB,USLGB,CYP/CYP,25-Aug,,40GPx1,1,,,,1,1,,,,,,,,,,,Yes,,,Walmart,Vietnam,Direct,Yes,,,0,,,,,,
AP > NA,AP,NA,VN,VN S.,35,HOD,COSU,SSM25008,COSCO FRANCE,056E,6362182170,186833463,Pending,N,VNSGN,VNVUT,USLGB,USLGB,CYP/CYP,25-Aug,,40GPx1,1,,,,1,1,,,,,,,,,,,Yes,,,Home Depot,Vietnam,Direct,Yes,,,0,,,,,,
AP > NA,AP,NA,VN,VN S.,35,HOD,EGLV,SC50089,EVER FOREVER,0173-016E,235300852904,186833698,Pending,N,VNSGN,VNTOT,USLAX,USLAX,CYP/CYP,25-Aug,,40HCx1,1,,,,1,1.125,,,,,,,,,,,Yes,,,Home Depot,Vietnam,Direct,Yes,,,0,,,,,,
AP > NA,AP,NA,VN,VN S.,35,HOD,EGLV,SC50089,EVER FOREVER,0173-016E,235300852912,186833761,Pending,N,VNSGN,VNTOT,USLAX,USLAX,CYP/CYP,25-Aug,,40HCx1,1,,,,1,1.125,,,,,,,,,,,Yes,,,Home Depot,Vietnam,Direct,Yes,,,0,,,,,,
AP > NA,AP,NA,VN,VN S.,35,TGT,OOLU,PE2508,COSCO FRANCE,056E,2142150740,186838659,Pending,N,VNSGN,VNTOT,USLGB,USQWT,CYP/D,25-Aug,,40GPx1,1,,,,1,1,,,,,,,,,,,Yes,,,Target,Vietnam,Direct,Yes,,,0,,,,,,
AP > NA,AP,NA,VN,VN S.,35,TGT,OOLU,PE2508,COSCO FRANCE,056E,2142150780,186838774,Pending,N,VNSGN,VNTOT,USLGB,USWZC,CYP/D,25-Aug,,40GPx2,2,,,,1,2,,,,,,,,,,,Yes,,,Target,Vietnam,Direct,Yes,,,0,,,,,,
AP > NA,AP,NA,CN,CN S.,35,LEN,MSCU,25-001WW,MAERSK ALTAIR,333N,181AY0232749536P1,186986275,Pending,N,CNYTN,CNYTN,USLAX,USLAX,CYP/CYP,25-Aug,,40GPx1,1,,,,,1,,,,,,,,,,,No,,,Lenovo,S.China,Direct,No,,,0,,,,,,
AP > NA,AP,NA,CN,CN S.,35,LEN,MSCU,25-001WW,MAERSK ALTAIR,333N,181AY0232749565P1,186986283,Pending,N,CNYTN,CNYTN,USLAX,USLAX,CYP/CYP,25-Aug,,40GPx1,1,,,,1,1,,,,,,,,,,,Yes,,,Lenovo,S.China,Direct,No,,,0,,,,,,
AP > NA,AP,NA,CN,CN S.,35,LEN,MSCU,25-001WW,MAERSK ALTAIR,333N,181AY0232749574P1,186986327,Pending,N,CNYTN,CNYTN,USLAX,USLAX,CYP/CYP,25-Aug,,40HCx1,1,,,,1,1.125,,,,,,,,,,,Yes,,,Lenovo,S.China,Direct,No,,,0,,,,,,
AP > NA,AP,NA,CN,CN S.,35,LEN,MSCU,25-001WW,MAERSK ALTAIR,333N,181AY0232749575P1,186986329,Pending,N,CNYTN,CNYTN,USLAX,USLAX,CYP/CYP,25-Aug,,40HCx1,1,,,,1,1.125,,,,,,,,,,,Yes,,,Lenovo,S.China,Direct,No,,,0,,,,,,
AP > NA,AP,NA,CN,CN S.,35,STA,MSCU,25-001WW,MAERSK ALTAIR,333N,181AY0232749576P1,186986330,Pending,N,CNYTN,CNYTN,USLAX,USLAX,CYP/CYP,25-Aug,,40HCx1,1,,,,1,1.125,,,,,,,,,,,Yes,,,Starbucks,S.China,Direct,No,,,0,,,,,,
AP > EU,AP,EU,VN,VN N.,35,HMH,MAEU,90-0080,MAERSK NACKA,334S,229080266,185839512,Confirmed,N,VNHPH,VNHPH,DEBRV,DEHBO,CYP/D,26-Aug,28-Aug,20GPx1,1,20GPx1,1,21-Jul,2,0.5,0.5,,,,,,,26-Aug,04-Oct,07-Jul,Yes,MONACO MAERSK,333W,H&M Home,Vietnam,Direct,Yes,,,-14,,,,,,
AP > EU,AP,EU,VN,VN S.,35,HMH,MAEU,90-0080,MAERSK JAIPUR,335S,229762202,186854704,Pending,N,VNSGN,VNSGN,NLRTM,NLRTM,CYP/CYP,27-Aug,,20GPx1,1,,,,1,0.5,,,,,,,,,,,Yes,MARSEILLE MAERSK,332W,H&M Home,Vietnam,Direct,Yes,,,0,,,,,,
AP > NA,AP,NA,VN,VN S.,35,COS,COSU,SSM25008,APL SENTOSA,1TU2KE1MA,6362310220,186952385,Pending,N,VNSGN,VNVUT,USLAX,USLAX,CYP/CYP,27-Aug,,40HCx2,2,,,,1,2.25,,,,,,,,,,,Yes,,,Costco,Vietnam,Direct,Yes,,,0,,,,,,
AP > NA,AP,NA,VN,VN N.,35,BBY,COSU,SSM25008,CSCL YELLOW SEA,052E,6362356970,186982390,Pending,N,VNHPH,VNHPH,USLGB,USLGB,CYP/CYP,27-Aug,,40HCx1,1,,,,,1.125,,,,,,,,,,,No,,,Best Buy,Vietnam,Direct,Yes,,,0,,,,,,
AP > NA,AP,NA,CN,CN E.,35,HOD,CMDU,89-0000,,,FOC0270376,187028605,Pending,N,CNFOC,CNFOC,USLAX,USLAX,CYP/CYP,27-Aug,,40HCx5,5,,,,1,5.625,,,,,,,,,,,Yes,,,Home Depot,Xiamen,Bkg Agnt,Yes,,,0,,,,,,
AP > NA,AP,NA,CN,CN E.,35,TRI,EGLV,SC50089,,,148300205688,187034472,Pending,N,CNFOC,CNFOC,USLAX,USLAX,CYP/CYP,27-Aug,,"20GPx1, 40GPx1",2,,,,1,1.5,,,,,,,,,,,Yes,,,Triumph,Xiamen,Bkg Agnt,Yes,,,0,,,,,,
AP > NA,AP,NA,CN,CN E.,35,TRI,EGLV,SC50089,,,TBD,187034599,Pending,N,CNFOC,CNFOC,USLAX,USLAX,CYP/CYP,27-Aug,,"40HCx2, 45HCx1",3,,,,,3.515,,,,,,,,,,,No,,,Triumph,Xiamen,Bkg Agnt,Yes,,,0,,,,,,
AP > NA,AP,NA,CN,CN E.,35,COS,CMDU,89-0000,,,XIA1186151,186605753,Pending,N,CNXMN,CNXMN,USLAX,USLAX,CYP/CYP,28-Aug,,45HCx1,1,,,,1,1.265,,,,,,,,,,,Yes,,,Costco,Xiamen,Bkg Agnt,Yes,,,0,,,,,,
AP > NA,AP,NA,CN,CN E.,35,TRI,CMDU,89-0000,,,XIA1188579,186819477,Pending,N,CNXMN,CNXMN,USLAX,USLAX,CYP/CYP,28-Aug,,40GPx4,4,,,,1,4,,,,,,,,,,,Yes,,,Triumph,Xiamen,Bkg Agnt,Yes,,,0,,,,,,
AP > NA,AP,NA,CN,CN S.,35,LEN,EGLV,D900070,EVER FEAT,1312-015E,149304421839,186692470,Pending,N,CNYTN,CNYTN,USLAX,USLAX,CYP/CYP,29-Aug,,40HCx1,1,,,,1,1.125,,,,,,,,,,,Yes,,,Lenovo,S.China,Direct,No,,,0,,,,,,
AP > NA,AP,NA,CN,CN S.,35,LEN,EGLV,D900070,EVER FEAT,1312-015E,149304421910,186692479,Pending,N,CNYTN,CNYTN,USLAX,USLAX,CYP/CYP,29-Aug,,40HCx1,1,,,,1,1.125,,,,,,,,,,,Yes,,,Lenovo,S.China,Direct,No,,,0,,,,,,
AP > NA,AP,NA,CN,CN S.,35,TES,EGLV,D900070,EVER FEAT,1312-015E,149304421928,186692483,Pending,N,CNYTN,CNYTN,USLAX,USLAX,CYP/CYP,29-Aug,,40HCx1,1,,,,1,1.125,,,,,,,,,,,Yes,,,Tesla,S.China,Direct,No,,,0,,,,,,
AP > NA,AP,NA,CN,CN E.,35,TRI,EGLV,SC50089,,,TBD,186750284,Pending,N,CNXMN,CNXMN,USLAX,USLAX,CYP/CYP,30-Aug,,"40GPx1, 40HCx3",4,,,,,4.375,,,,,,,,,,,No,,,Triumph,Xiamen,Bkg Agnt,Yes,,,0,,,,,,
AP > NA,AP,NA,CN,CN E.,35,HOD,COSU,HOI23500,,,6362452270,187035110,Pending,N,CNFOC,CNFOC,USLAX,USLAX,CYP/CYP,30-Aug,,40HCx1,1,,,,1,1.125,,,,,,,,,,,Yes,,,Home Depot,Xiamen,Bkg Agnt,Yes,,,0,,,,,,
AP > NA,AP,NA,CN,CN E.,35,COS,COSU,HOI23500,,,6362451480,187035180,Pending,N,CNFOC,CNFOC,USLAX,USLAX,CYP/CYP,30-Aug,,40HCx1,1,,,,1,1.125,,,,,,,,,,,Yes,,,Costco,Xiamen,Bkg Agnt,Yes,,,0,,,,,,
AP > NA,AP,NA,CN,CN S.,35,NEW,CMDU,89-0000,APL SENTOSA,1TU2KE1MA,SHZ5667504,186804785,Pending,N,CNYTN,CNYTN,USLAX,USKTO,CYP/D,31-Aug,,40GPx1,1,,,,1,1,,,,,,,,,,,Yes,,,Newell Brands Distribution,S.China,Direct,Yes,,,0,,,,,,
AP > NA,AP,NA,VN,VN S.,36,HOD,MSCU,25-001WW,MAERSK CHARLESTON,335N,339IN2328234,187004825,Pending,N,VNSGN,VNVUT,USLAX,USLAX,CYP/CYP,01-Sep,,40GPx5,5,,,,1,5,,,,,,,,,,,Yes,,,Home Depot,Vietnam,Direct,Yes,,,0,,,,,,
AP > NA,AP,NA,VN,VN S.,36,HOD,MSCU,25-001WW,MAERSK CHARLESTON,335N,339IN2328238,187004830,Pending,N,VNSGN,VNVUT,USLAX,USLAX,CYP/CYP,01-Sep,,40GPx1,1,,,,1,1,,,,,,,,,,,Yes,,,Home Depot,Vietnam,Direct,Yes,,,0,,,,,,
AP > NA,AP,NA,VN,VN S.,36,DEC,MSCU,25-001WW,MAERSK CHARLESTON,335N,339IN2328232,187004832,Pending,N,VNSGN,VNVUT,USLAX,USLAX,CYP/CYP,01-Sep,,20GPx1,1,,,,1,0.5,,,,,,,,,,,Yes,,,Decathlon,Vietnam,Direct,Yes,,,0,,,,,,
AP > NA,AP,NA,VN,VN S.,36,DEC,EGLV,SC50089,,,Received,187005040,Pending,N,VNSGN,VNVUT,USLAX,USLAX,CYP/CYP,01-Sep,,40GPx1,1,,,,,1,,,,,,,,,,,No,,,Decathlon,Vietnam,Direct,Yes,,,0,,,,,,
AP > NA,AP,NA,VN,VN S.,36,DEC,COSU,SSM25008,COSCO BELGIUM,065E,6362385000,187005056,Pending,N,VNSGN,VNVUT,USLGB,USLGB,CYP/CYP,01-Sep,,40GPx1,1,,,,1,1,,,,,,,,,,,Yes,,,Decathlon,Vietnam,Direct,Yes,,,0,,,,,,
AP > NA,AP,NA,VN,VN S.,36,COS,COSU,SSM25008,COSCO BELGIUM,065E,6362385500,187005061,Pending,N,VNSGN,VNVUT,USLGB,USLGB,CYP/CYP,01-Sep,,40GPx1,1,,,,1,1,,,,,,,,,,,Yes,,,Costco,Vietnam,Direct,Yes,,,0,,,,,,
AP > NA,AP,NA,VN,VN S.,36,COS,COSU,SSM25008,COSCO BELGIUM,065E,6362386570,187005065,Pending,N,VNSGN,VNVUT,USLGB,USLGB,CYP/CYP,01-Sep,,40HCx1,1,,,,1,1.125,,,,,,,,,,,Yes,,,Costco,Vietnam,Direct,Yes,,,0,,,,,,
AP > NA,AP,NA,VN,VN S.,36,COS,COSU,SSM25008,COSCO BELGIUM,065E,6362386780,187005066,Pending,N,VNSGN,VNVUT,USLGB,USLGB,CYP/CYP,01-Sep,,40HCx1,1,,,,1,1.125,,,,,,,,,,,Yes,,,Costco,Vietnam,Direct,Yes,,,0,,,,,,
AP > EU,AP,EU,CN,CN E.,36,NEW,CMDU,89-0000,,,NGP0446069,186764233,Pending,N," - , ",CNNGB,FRFOS,FRFOS,CYP/CYP,02-Sep,,"20GPx1, 40HCx1",2,,,,1,1.625,,,,,,,,,,,Yes,,,Newell Brands Distribution,Ningbo,Bkg Agnt,Yes,,,0,,,,,,
AP > EU,AP,EU,CN,CN N.,36,HMH,MAEU,90-0080,,,TBD,187024371,Pending,N,CNTAO,CNTAO,DEBRV,DEHBO,CYP/D,03-Sep,,40HCx2,2,,,,,2.25,,,,,,,,,,,No,,,H&M Home,Qingdao,Bkg Agnt,Yes,,,0,,,,,,
AP > NA,AP,NA,VN,VN N.,36,BBY,COSU,SSM25008,,,TBD,187038617,Canceled by carrier,N," - , ",VNHPH,USLGB," - , ",CYP/CYP,03-Sep,,40HCx2,2,,,,,2.25,,,,,,,,,,,No,,,Best Buy,Vietnam,Direct,No,,,0,,,,,,
AP > EU,AP,EU,VN,VN S.,36,HMH,MAEU,90-0080,MAERSK JAIPUR,336S,229370721,186293212,Confirmed,N,VNSGN,VNSGN,DEHAM,DEHAM,CYP/CYP,04-Sep,04-Sep,40HCx1,1,40HCx1,1,18-Jul,1,1.125,1.125,,,,,,,04-Sep,05-Oct,18-Jul,Yes,EDITH MAERSK,334W,H&M Home,Vietnam,Direct,Yes,,,0,,,,,,
AP > NA,AP,NA,CN,CN E.,36,HOD,CMDU,89-0000,,,XIA1189470,186962698,Pending,N,CNXMN,CNXMN,USLAX,USLAX,CYP/CYP,04-Sep,,45HCx1,1,,,,1,1.265,,,,,,,,,,,Yes,,,Home Depot,Xiamen,Bkg Agnt,Yes,,,0,,,,,,
AP > NA,AP,NA,CN,CN E.,36,HOD,MSCU,25-970GA,,,TBD,186962892,Pending,N,CNXMN,CNXMN,USLAX,USLAX,CYP/CYP,04-Sep,,40HCx1,1,,,,,1.125,,,,,,,,,,,No,,,Home Depot,Xiamen,Bkg Agnt,Yes,,,0,,,,,,
AP > EU,AP,EU,VN,VN N.,37,HMH,MAEU,90-0080,MAERSK NACKA,336S,229762125,186854691,Pending,N,VNHPH,VNHPH,NLRTM,NLRTM,CYP/CYP,08-Sep,,20GPx1,1,,,,1,0.5,,,,,,,,,,,Yes,MARIE MAERSK,335W,H&M Home,Vietnam,Direct,Yes,,,0,,,,,,
AP > EU,AP,EU,CN,CN N.,39,HMH,MAEU,90-0080,,,TBD,187024534,Pending,N,CNTAO,CNTAO,DEBRV,DEHBO,CYP/D,24-Sep,,"20GPx1, 40HCx1",2,,,,,1.625,,,,,,,,,,,No,,,H&M Home,Qingdao,Bkg Agnt,Yes,,,0,,,,,,